scenario_a,t,bus,P_kW,Q_kvar
1,1,2,45.867449,18.424762
1,1,3,46.902495,17.749415
1,1,4,59.031477,27.296968
1,1,5,33.764420,13.574451
1,1,6,33.124341,12.486534
1,1,7,120.960681,38.906843
1,1,8,93.661629,29.147117
1,1,9,27.922351,10.229416
1,1,10,30.931099,11.470806
1,1,11,26.698526,9.899628
1,1,12,27.752840,10.355496
1,1,13,35.283333,11.609118
1,1,14,55.926929,26.214310
1,1,15,27.239647,8.770524
1,1,16,31.833384,12.116369
1,1,17,28.029169,10.811426
1,1,18,47.449048,18.818437
1,1,19,41.609081,13.693091
1,1,20,53.477625,26.522805
1,1,21,44.254458,13.663454
1,1,22,34.599562,10.619039
1,1,23,47.344121,16.622939
1,1,24,99.857985,36.967612
1,1,25,98.631883,42.788188
1,1,26,30.385380,11.048116
1,1,27,29.972618,13.058125
1,1,28,37.947253,18.538630
1,1,29,67.324706,31.545426
1,1,30,90.878043,43.442165
1,1,31,77.330912,37.917876
1,1,32,110.530254,54.000501
1,1,33,25.274114,9.631668
1,2,2,65.362933,27.168377
1,2,3,68.031588,30.669580
1,2,4,75.740447,25.526895
1,2,5,43.258592,15.597763
1,2,6,36.514606,12.795974
1,2,7,121.405327,54.428142
1,2,8,149.334243,73.961043
1,2,9,41.409171,20.242434
1,2,10,45.905148,16.970281
1,2,11,31.782058,14.419358
1,2,12,49.340886,20.012241
1,2,13,46.698396,19.714442
1,2,14,75.062623,31.123302
1,2,15,36.566788,15.487733
1,2,16,51.450491,17.164682
1,2,17,53.479301,21.417930
1,2,18,76.403069,24.287271
1,2,19,63.502801,26.424921
1,2,20,52.632948,26.144512
1,2,21,54.455503,18.464537
1,2,22,63.992623,27.709292
1,2,23,74.322563,26.160138
1,2,24,180.622084,78.365259
1,2,25,171.525295,59.927248
1,2,26,44.171277,20.337090
1,2,27,37.828454,13.824366
1,2,28,65.090500,21.127950
1,2,29,88.136617,35.860935
1,2,30,139.120957,56.327090
1,2,31,102.210103,32.352659
1,2,32,151.501023,49.772970
1,2,33,42.611541,20.938413
1,3,2,42.072767,17.110379
1,3,3,36.239820,11.454775
1,3,4,47.990732,18.246721
1,3,5,27.316725,10.029076
1,3,6,22.128908,7.747958
1,3,7,77.867649,36.679561
1,3,8,84.085116,33.717170
1,3,9,37.843550,14.819000
1,3,10,31.299774,11.450640
1,3,11,18.905888,9.451012
1,3,12,22.160240,9.617573
1,3,13,25.713273,11.428559
1,3,14,49.431121,18.801952
1,3,15,21.046486,9.466443
1,3,16,26.150899,12.447704
1,3,17,23.097457,6.944548
1,3,18,35.521395,16.593831
1,3,19,47.973144,21.714624
1,3,20,32.183103,13.455115
1,3,21,39.539175,13.433906
1,3,22,36.995669,14.560878
1,3,23,46.465888,17.562985
1,3,24,111.219033,33.703336
1,3,25,84.498801,27.622044
1,3,26,24.565235,9.394445
1,3,27,25.925283,10.307930
1,3,28,26.356452,10.622764
1,3,29,53.844589,21.295624
1,3,30,85.114390,33.729738
1,3,31,61.340866,24.415631
1,3,32,107.108518,45.842844
1,3,33,24.641977,10.248056
1,4,2,68.203183,27.973336
1,4,3,62.959482,28.105277
1,4,4,91.754183,41.295086
1,4,5,36.432374,11.580971
1,4,6,47.731554,22.745626
1,4,7,123.439166,54.963866
1,4,8,132.951583,53.307308
1,4,9,40.477495,14.338450
1,4,10,40.663267,19.065467
1,4,11,31.800656,11.020581
1,4,12,43.784413,14.458212
1,4,13,49.203514,15.856428
1,4,14,68.135426,23.037039
1,4,15,42.214648,18.396687
1,4,16,41.401849,15.707900
1,4,17,40.271912,15.049659
1,4,18,57.788671,25.055102
1,4,19,64.587662,27.407009
1,4,20,57.662509,25.307880
1,4,21,66.290213,25.346167
1,4,22,59.146411,20.604916
1,4,23,61.155320,24.164141
1,4,24,169.695608,73.972608
1,4,25,167.747082,55.395598
1,4,26,50.564308,23.534529
1,4,27,56.990053,23.961408
1,4,28,42.242141,17.499084
1,4,29,73.495177,34.728898
1,4,30,132.365630,54.720081
1,4,31,131.562839,47.982874
1,4,32,152.762876,52.864770
1,4,33,36.558727,16.313495
1,5,2,47.301938,16.184514
1,5,3,44.668362,21.020462
1,5,4,57.372539,21.898379
1,5,5,29.634998,13.337410
1,5,6,33.315471,16.209083
1,5,7,116.947584,57.454678
1,5,8,100.253354,42.602041
1,5,9,34.619890,15.563151
1,5,10,24.570071,7.507544
1,5,11,23.330144,8.392396
1,5,12,28.828121,14.038764
1,5,13,32.604433,13.892778
1,5,14,51.411781,19.778005
1,5,15,28.244533,9.427206
1,5,16,33.713807,14.082600
1,5,17,31.547772,15.012597
1,5,18,53.959516,24.626654
1,5,19,52.421870,23.057475
1,5,20,41.861920,18.905210
1,5,21,41.878775,19.981318
1,5,22,49.670214,16.881955
1,5,23,40.374601,15.091448
1,5,24,102.951790,40.350735
1,5,25,106.368348,46.116797
1,5,26,26.908073,9.405115
1,5,27,36.489813,12.256370
1,5,28,30.103099,11.314331
1,5,29,54.728562,24.817106
1,5,30,110.937906,36.714966
1,5,31,65.751884,29.870986
1,5,32,104.078056,51.655233
1,5,33,26.892135,11.730913
1,6,2,55.550002,22.106409
1,6,3,44.921349,22.048722
1,6,4,72.420515,31.661381
1,6,5,37.491322,17.544278
1,6,6,37.089725,15.965670
1,6,7,152.663993,59.540718
1,6,8,112.104608,48.293338
1,6,9,36.650301,12.436163
1,6,10,35.346593,17.629694
1,6,11,23.346134,8.986976
1,6,12,32.728946,14.682863
1,6,13,37.645433,13.643203
1,6,14,60.637080,18.956698
1,6,15,40.453270,14.284793
1,6,16,35.040823,11.839773
1,6,17,35.991275,16.883623
1,6,18,57.270006,25.944396
1,6,19,50.837469,18.143669
1,6,20,51.348109,18.113793
1,6,21,46.903815,14.469343
1,6,22,55.499065,22.930103
1,6,23,54.207837,23.732970
1,6,24,134.812031,53.302293
1,6,25,126.217768,60.585279
1,6,26,34.065123,11.418237
1,6,27,39.045795,17.007066
1,6,28,39.984851,16.498425
1,6,29,73.145065,36.220006
1,6,30,113.280077,49.511410
1,6,31,87.442352,35.889042
1,6,32,113.522792,35.545718
1,6,33,32.111178,13.654021
1,7,2,57.744275,19.878896
1,7,3,58.222436,21.859675
1,7,4,69.466824,23.285319
1,7,5,33.614577,13.749461
1,7,6,37.161179,14.098193
1,7,7,119.696446,40.656749
1,7,8,104.680760,36.062717
1,7,9,35.788839,15.054350
1,7,10,32.008061,10.384643
1,7,11,21.593693,10.118614
1,7,12,38.102320,13.614783
1,7,13,33.020856,14.338762
1,7,14,77.480889,28.265773
1,7,15,35.466098,14.586264
1,7,16,34.011054,14.340186
1,7,17,36.213210,12.840704
1,7,18,54.352702,23.555368
1,7,19,55.497424,22.111330
1,7,20,50.265898,16.204331
1,7,21,55.688579,19.056587
1,7,22,57.424529,17.916061
1,7,23,57.431807,21.332196
1,7,24,119.818289,59.245400
1,7,25,100.566000,35.884731
1,7,26,36.844352,17.418617
1,7,27,42.764425,20.145225
1,7,28,38.970669,15.411809
1,7,29,58.623052,24.821121
1,7,30,119.092718,47.815703
1,7,31,67.025510,33.300158
1,7,32,147.749739,44.854990
1,7,33,38.719536,14.159830
1,8,2,53.637539,23.237245
1,8,3,43.474041,21.611162
1,8,4,69.616957,28.041743
1,8,5,33.791417,10.335890
1,8,6,40.987611,13.581471
1,8,7,122.626010,40.239131
1,8,8,115.540745,52.214402
1,8,9,35.983868,11.205571
1,8,10,33.933047,14.397253
1,8,11,23.683913,7.504809
1,8,12,39.128528,11.944817
1,8,13,37.354704,17.716368
1,8,14,72.314234,25.102804
1,8,15,37.724641,11.675207
1,8,16,31.620889,14.575501
1,8,17,37.466034,18.518769
1,8,18,55.906006,27.584968
1,8,19,72.269983,32.020252
1,8,20,41.658821,20.162707
1,8,21,49.800882,16.705293
1,8,22,55.333789,22.393208
1,8,23,47.134309,19.277591
1,8,24,120.275998,56.632272
1,8,25,120.353243,59.077232
1,8,26,34.212480,11.333552
1,8,27,32.094089,14.414604
1,8,28,35.099314,13.261216
1,8,29,69.848430,26.604349
1,8,30,121.480498,45.386217
1,8,31,68.052211,32.993049
1,8,32,136.654687,65.880307
1,8,33,32.261124,12.519021
1,9,2,53.982461,22.175282
1,9,3,41.507318,14.902587
1,9,4,80.807465,36.618804
1,9,5,34.891399,11.475734
1,9,6,32.581661,9.874573
1,9,7,86.757310,27.177478
1,9,8,104.290817,35.241687
1,9,9,34.837952,13.114611
1,9,10,42.275696,19.698743
1,9,11,27.349244,11.099161
1,9,12,37.439746,16.112431
1,9,13,30.833536,15.415876
1,9,14,66.041099,22.784714
1,9,15,30.286885,13.883825
1,9,16,34.944723,15.277199
1,9,17,32.851195,15.773818
1,9,18,51.729758,17.945431
1,9,19,52.851750,20.308548
1,9,20,53.698540,21.725213
1,9,21,61.418954,23.233427
1,9,22,42.766412,20.659218
1,9,23,52.602009,21.741028
1,9,24,144.718589,56.213751
1,9,25,133.296531,58.788924
1,9,26,38.053516,12.100833
1,9,27,39.520173,18.005590
1,9,28,33.006440,15.467473
1,9,29,75.543547,35.118267
1,9,30,120.082680,49.929131
1,9,31,90.215568,37.747763
1,9,32,150.846098,64.518692
1,9,33,39.926009,13.443388
1,10,2,68.373322,27.601973
1,10,3,56.858159,19.654484
1,10,4,72.731637,35.754646
1,10,5,32.345090,12.811817
1,10,6,35.219081,15.931645
1,10,7,132.992274,63.964427
1,10,8,98.736378,31.307010
1,10,9,33.368802,16.507229
1,10,10,31.389875,13.465063
1,10,11,28.647100,9.170546
1,10,12,35.652790,17.823830
1,10,13,28.679969,13.159326
1,10,14,64.787734,28.196060
1,10,15,30.047336,13.395877
1,10,16,38.410227,15.890685
1,10,17,38.391388,11.684576
1,10,18,51.085616,19.449659
1,10,19,54.405836,24.268861
1,10,20,58.658108,28.208198
1,10,21,54.034377,21.915831
1,10,22,47.474959,19.381996
1,10,23,57.692327,28.733267
1,10,24,137.057911,50.790834
1,10,25,164.261213,59.766979
1,10,26,34.390539,12.630351
1,10,27,34.181377,11.376087
1,10,28,35.985228,13.512195
1,10,29,80.104880,31.873439
1,10,30,109.215828,46.383961
1,10,31,81.825195,25.318122
1,10,32,95.942165,33.833217
1,10,33,35.954210,14.779416
1,11,2,55.358505,18.144962
1,11,3,63.633557,25.037481
1,11,4,57.655525,22.365254
1,11,5,33.692841,12.962531
1,11,6,35.050440,12.501080
1,11,7,109.186678,41.262545
1,11,8,118.863751,55.613504
1,11,9,25.481578,12.297388
1,11,10,35.531595,15.013321
1,11,11,24.128458,11.473269
1,11,12,28.856293,10.163427
1,11,13,35.138055,16.010993
1,11,14,71.688521,24.145182
1,11,15,32.695808,15.667450
1,11,16,37.775409,15.173057
1,11,17,39.980730,12.814959
1,11,18,59.015335,20.064509
1,11,19,57.714089,19.129407
1,11,20,50.665264,16.249243
1,11,21,42.577880,20.248144
1,11,22,49.308958,18.125149
1,11,23,54.675581,26.258355
1,11,24,134.862697,50.867873
1,11,25,127.497880,49.955457
1,11,26,27.939450,10.358174
1,11,27,32.332752,14.992543
1,11,28,29.083485,13.223587
1,11,29,72.987763,34.360400
1,11,30,106.186156,47.970187
1,11,31,94.041835,46.005898
1,11,32,113.582004,36.292586
1,11,33,31.575817,12.049484
1,12,2,53.249839,20.046376
1,12,3,50.424240,18.659558
1,12,4,69.563494,33.252503
1,12,5,39.563643,18.873415
1,12,6,33.582813,16.715735
1,12,7,168.973688,52.892113
1,12,8,97.839428,45.333240
1,12,9,36.562405,13.164969
1,12,10,37.763819,11.413161
1,12,11,25.440595,8.647577
1,12,12,29.850442,14.200671
1,12,13,36.090697,11.455142
1,12,14,77.915396,28.808951
1,12,15,36.810379,15.582991
1,12,16,42.467879,17.918635
1,12,17,31.417635,11.006030
1,12,18,57.247366,21.379317
1,12,19,55.789408,17.783868
1,12,20,44.520871,22.024244
1,12,21,52.079750,16.930128
1,12,22,50.336428,20.191043
1,12,23,47.876836,16.319456
1,12,24,124.329350,43.858703
1,12,25,128.068120,59.369756
1,12,26,32.623973,14.345801
1,12,27,41.198070,19.496816
1,12,28,36.141496,15.089538
1,12,29,76.502056,28.903880
1,12,30,96.327624,33.624991
1,12,31,95.341852,35.192870
1,12,32,134.154007,52.096722
1,12,33,37.589633,16.266683
1,13,2,50.883527,21.783873
1,13,3,65.753061,21.689974
1,13,4,76.033681,29.346822
1,13,5,36.044493,17.712946
1,13,6,38.401441,17.950252
1,13,7,139.007709,52.634706
1,13,8,108.247506,51.872448
1,13,9,35.419104,16.551207
1,13,10,46.770462,17.677482
1,13,11,26.308688,10.938064
1,13,12,46.499923,14.596665
1,13,13,36.906859,18.144009
1,13,14,62.505432,28.038446
1,13,15,34.426896,16.691975
1,13,16,41.209020,17.334847
1,13,17,36.172110,10.928595
1,13,18,65.380342,22.883795
1,13,19,56.827461,22.958606
1,13,20,53.304229,21.098569
1,13,21,53.360531,24.528381
1,13,22,48.650513,21.464833
1,13,23,53.664687,17.482587
1,13,24,127.553324,48.653411
1,13,25,102.309262,43.745503
1,13,26,31.219431,13.545283
1,13,27,31.308539,10.165018
1,13,28,32.267288,9.884329
1,13,29,65.693078,26.063774
1,13,30,111.938849,39.324622
1,13,31,78.794193,32.214205
1,13,32,112.827768,34.205539
1,13,33,32.032188,14.880050
1,14,2,65.877485,21.844735
1,14,3,52.388269,21.245125
1,14,4,76.311133,34.097305
1,14,5,43.703770,16.548541
1,14,6,48.102100,17.647993
1,14,7,134.389531,50.108900
1,14,8,127.289057,51.031377
1,14,9,32.468675,11.626687
1,14,10,30.529358,9.885371
1,14,11,29.501889,13.239539
1,14,12,37.923347,17.077458
1,14,13,28.662337,8.635237
1,14,14,64.053436,20.693166
1,14,15,36.004157,16.397803
1,14,16,29.874918,11.006725
1,14,17,34.343051,16.583186
1,14,18,48.584185,19.402096
1,14,19,51.488281,18.454888
1,14,20,56.004443,22.894648
1,14,21,50.020818,16.531291
1,14,22,48.168102,19.475236
1,14,23,55.762068,18.873412
1,14,24,151.416373,62.024256
1,14,25,141.404717,67.210457
1,14,26,35.330737,11.875562
1,14,27,36.786671,16.039998
1,14,28,37.790108,14.244738
1,14,29,64.792814,21.576427
1,14,30,102.018467,43.451008
1,14,31,80.243907,29.442669
1,14,32,142.289746,42.965624
1,14,33,34.651063,13.683748
1,15,2,50.800396,18.552544
1,15,3,50.421935,18.855273
1,15,4,71.132677,29.421052
1,15,5,37.955919,14.487883
1,15,6,42.814311,14.109928
1,15,7,121.914091,51.942591
1,15,8,116.033221,45.060859
1,15,9,37.174243,17.612242
1,15,10,38.738992,19.123230
1,15,11,26.353186,12.165803
1,15,12,34.582693,15.075027
1,15,13,42.219918,16.190968
1,15,14,64.323790,23.934830
1,15,15,29.111225,10.876748
1,15,16,39.731235,14.409470
1,15,17,32.745915,11.486279
1,15,18,52.218565,19.922062
1,15,19,56.939765,23.508430
1,15,20,56.085404,26.057078
1,15,21,43.816452,19.233007
1,15,22,59.283271,23.350636
1,15,23,51.661850,15.927491
1,15,24,138.455835,53.848156
1,15,25,137.696798,64.793678
1,15,26,32.742073,15.345874
1,15,27,41.793363,16.164024
1,15,28,30.276395,14.949113
1,15,29,73.156559,32.330957
1,15,30,117.430477,46.021848
1,15,31,86.763154,32.308772
1,15,32,175.185513,66.094573
1,15,33,34.340332,12.885181
1,16,2,76.762845,32.140607
1,16,3,55.880379,19.116110
1,16,4,75.767691,37.704917
1,16,5,30.707100,10.416990
1,16,6,43.875090,15.368390
1,16,7,120.207362,38.618063
1,16,8,121.962233,52.076336
1,16,9,40.317590,19.236020
1,16,10,35.137253,10.956933
1,16,11,24.863447,7.567453
1,16,12,41.913075,18.580462
1,16,13,35.722087,14.749082
1,16,14,82.459744,27.783207
1,16,15,38.644313,12.780627
1,16,16,38.031897,18.571580
1,16,17,45.062759,17.573697
1,16,18,47.048976,17.305955
1,16,19,55.305356,23.097726
1,16,20,55.611332,23.742677
1,16,21,44.362255,15.487727
1,16,22,58.264825,23.788679
1,16,23,61.176325,23.809334
1,16,24,145.210893,67.938501
1,16,25,109.555019,51.672484
1,16,26,38.116091,15.986632
1,16,27,42.196502,16.640140
1,16,28,32.819597,15.682066
1,16,29,66.824901,26.820242
1,16,30,134.700392,40.989355
1,16,31,99.833016,31.057528
1,16,32,117.491291,53.464713
1,16,33,37.311442,15.344852
1,17,2,61.373002,27.041016
1,17,3,64.840616,19.914611
1,17,4,63.817298,28.009677
1,17,5,40.818013,18.731892
1,17,6,36.192697,11.254428
1,17,7,111.017157,44.362224
1,17,8,122.723510,49.101740
1,17,9,32.500936,11.279369
1,17,10,38.852899,12.992939
1,17,11,29.393245,13.802673
1,17,12,40.486460,14.040718
1,17,13,38.548255,17.915781
1,17,14,73.257258,25.778869
1,17,15,37.895145,13.998619
1,17,16,40.728423,17.188491
1,17,17,40.605404,12.460428
1,17,18,53.819156,17.720954
1,17,19,57.047455,26.175083
1,17,20,57.663871,21.866131
1,17,21,54.376266,24.479525
1,17,22,56.885913,17.687077
1,17,23,46.605490,22.129821
1,17,24,117.932763,47.633165
1,17,25,117.253653,56.579105
1,17,26,32.015258,10.496186
1,17,27,34.314582,11.086032
1,17,28,39.910549,17.754220
1,17,29,68.161297,28.471990
1,17,30,114.391240,50.871759
1,17,31,74.319008,23.080737
1,17,32,155.042525,74.135962
1,17,33,38.029125,16.936069
1,18,2,61.795405,24.863761
1,18,3,59.238146,25.700006
1,18,4,78.863807,26.106786
1,18,5,37.418461,17.472982
1,18,6,33.846337,11.549271
1,18,7,135.970298,53.730447
1,18,8,125.807619,57.479277
1,18,9,36.351245,15.039325
1,18,10,41.896216,13.263331
1,18,11,30.023501,12.675342
1,18,12,47.152048,23.034280
1,18,13,41.331651,19.237867
1,18,14,67.505960,28.518093
1,18,15,31.836623,14.200175
1,18,16,38.519344,13.935446
1,18,17,35.271013,15.063285
1,18,18,57.940578,24.612010
1,18,19,52.440449,16.217626
1,18,20,53.524787,23.272316
1,18,21,51.776923,24.097769
1,18,22,54.048704,21.198886
1,18,23,54.202757,20.655074
1,18,24,117.627266,53.927782
1,18,25,134.803460,44.580172
1,18,26,33.093957,14.560163
1,18,27,39.467109,14.997885
1,18,28,32.486920,11.654917
1,18,29,65.222525,21.127507
1,18,30,138.314227,55.804898
1,18,31,73.038461,26.119835
1,18,32,115.989306,51.191101
1,18,33,36.203773,14.825991
1,19,2,61.636875,23.107955
1,19,3,58.498554,27.294233
1,19,4,89.121406,35.230095
1,19,5,39.027626,12.545738
1,19,6,36.101376,15.583953
1,19,7,130.464451,56.787678
1,19,8,119.073945,49.634236
1,19,9,40.744426,15.582335
1,19,10,37.293361,15.999790
1,19,11,24.458589,9.562984
1,19,12,32.300726,15.560878
1,19,13,33.730047,10.251770
1,19,14,97.438317,41.728699
1,19,15,43.183669,15.511648
1,19,16,36.489863,13.816137
1,19,17,38.597035,13.937676
1,19,18,62.365739,22.669647
1,19,19,44.583933,16.347652
1,19,20,50.504975,20.760938
1,19,21,62.857619,26.305656
1,19,22,56.605133,27.338705
1,19,23,62.363162,31.169476
1,19,24,148.554393,60.017558
1,19,25,129.777616,43.711686
1,19,26,33.891414,14.402124
1,19,27,37.865920,12.045013
1,19,28,34.419773,10.508777
1,19,29,80.606139,31.505541
1,19,30,128.654869,44.935270
1,19,31,87.838685,40.473330
1,19,32,148.125260,45.641542
1,19,33,38.871029,18.831064
1,20,2,62.164549,19.156324
1,20,3,59.829487,22.942382
1,20,4,65.720001,27.173567
1,20,5,29.300864,9.691357
1,20,6,33.629268,13.895017
1,20,7,128.853066,53.456147
1,20,8,123.326311,61.641013
1,20,9,36.643663,15.622972
1,20,10,36.957135,14.518032
1,20,11,34.269679,12.334751
1,20,12,38.275203,11.881846
1,20,13,38.460198,16.305381
1,20,14,73.005405,28.841174
1,20,15,34.399519,17.021339
1,20,16,35.925665,16.459718
1,20,17,44.210628,16.857095
1,20,18,67.231723,31.902701
1,20,19,59.792717,18.156018
1,20,20,51.057336,20.953842
1,20,21,54.241149,24.968011
1,20,22,64.240175,21.009000
1,20,23,55.302141,18.547801
1,20,24,128.433338,58.752818
1,20,25,113.932144,42.494687
1,20,26,33.896022,12.708754
1,20,27,32.367085,11.270282
1,20,28,35.545994,15.984163
1,20,29,85.115344,28.143123
1,20,30,124.575525,46.786773
1,20,31,126.800220,55.654273
1,20,32,135.565883,45.955480
1,20,33,42.290099,15.296921
1,21,2,51.322847,21.445555
1,21,3,55.883972,27.365608
1,21,4,75.862808,28.987874
1,21,5,45.505627,16.775078
1,21,6,46.745007,22.701034
1,21,7,123.168618,58.125564
1,21,8,118.181740,38.929522
1,21,9,38.559162,18.578195
1,21,10,34.112645,14.110924
1,21,11,25.220501,9.975841
1,21,12,33.652302,14.265536
1,21,13,43.744014,20.624390
1,21,14,68.393810,22.811879
1,21,15,36.104654,12.885795
1,21,16,33.535507,11.207883
1,21,17,40.795715,20.352208
1,21,18,68.712769,21.059312
1,21,19,45.933741,18.955707
1,21,20,59.724720,23.688460
1,21,21,56.124832,26.806835
1,21,22,58.457776,25.349181
1,21,23,52.142566,22.247049
1,21,24,164.757212,73.105378
1,21,25,153.544160,66.781973
1,21,26,35.856752,15.232681
1,21,27,43.132137,17.999036
1,21,28,39.635471,17.373266
1,21,29,93.407079,42.220656
1,21,30,136.638864,58.692244
1,21,31,98.988709,44.913748
1,21,32,121.754617,47.017691
1,21,33,38.630442,12.554793
1,22,2,54.911055,25.941023
1,22,3,53.465649,20.688508
1,22,4,69.264673,23.738864
1,22,5,35.874773,11.187655
1,22,6,32.749040,9.858614
1,22,7,156.484974,48.224484
1,22,8,106.999639,39.133452
1,22,9,33.193253,13.119489
1,22,10,40.566441,15.278241
1,22,11,29.138009,12.843238
1,22,12,30.256638,14.858185
1,22,13,34.823506,12.255082
1,22,14,84.358468,40.429780
1,22,15,35.511299,14.443181
1,22,16,41.165524,17.712427
1,22,17,38.895610,19.184695
1,22,18,52.620377,21.638223
1,22,19,56.966654,17.253703
1,22,20,53.049147,26.154589
1,22,21,56.754172,17.944730
1,22,22,55.197792,20.015397
1,22,23,55.264490,24.531614
1,22,24,140.530754,49.854273
1,22,25,133.204661,56.430360
1,22,26,46.301475,17.318988
1,22,27,36.831162,16.758310
1,22,28,38.191837,15.177788
1,22,29,70.561687,26.128376
1,22,30,112.452659,42.733563
1,22,31,88.512959,35.627809
1,22,32,156.175791,57.365885
1,22,33,32.901000,15.613423
1,23,2,75.622605,37.197108
1,23,3,53.097675,18.133005
1,23,4,71.184296,32.855384
1,23,5,32.272004,15.551386
1,23,6,41.302592,18.639767
1,23,7,134.243294,45.230914
1,23,8,126.780990,56.866060
1,23,9,37.479470,12.069457
1,23,10,35.571669,14.135868
1,23,11,24.020111,9.128393
1,23,12,31.722021,10.620734
1,23,13,41.070741,20.322719
1,23,14,64.087018,30.840347
1,23,15,47.588482,22.292414
1,23,16,27.940902,10.941320
1,23,17,38.997800,16.771182
1,23,18,69.385203,26.617281
1,23,19,63.561446,27.511182
1,23,20,50.699193,17.194250
1,23,21,54.784899,24.145101
1,23,22,51.419397,21.528473
1,23,23,57.082568,26.660076
1,23,24,126.650227,49.818759
1,23,25,107.576956,46.614078
1,23,26,41.459040,12.503380
1,23,27,37.641641,13.518525
1,23,28,40.419815,12.458965
1,23,29,70.305991,27.758004
1,23,30,132.142540,50.096140
1,23,31,113.150005,37.367671
1,23,32,128.256459,45.374921
1,23,33,38.825516,13.945766
1,24,2,58.767740,27.676350
1,24,3,65.435981,31.707775
1,24,4,66.584454,25.164871
1,24,5,35.167271,16.577400
1,24,6,46.096591,15.601184
1,24,7,131.202516,56.694151
1,24,8,144.440969,68.866275
1,24,9,46.210310,18.636678
1,24,10,27.880374,13.726748
1,24,11,32.946267,10.989165
1,24,12,45.333442,16.446315
1,24,13,38.322262,14.933967
1,24,14,95.130392,47.288770
1,24,15,42.787998,17.955114
1,24,16,41.081099,16.619257
1,24,17,48.696506,20.301977
1,24,18,48.317241,15.943535
1,24,19,51.112972,19.814434
1,24,20,67.505105,29.599369
1,24,21,61.496744,29.619623
1,24,22,75.386918,36.895197
1,24,23,52.209371,23.180263
1,24,24,123.949458,54.089412
1,24,25,119.181364,52.240998
1,24,26,42.024385,15.444640
1,24,27,40.990457,19.479798
1,24,28,42.117045,16.387063
1,24,29,102.807414,35.935595
1,24,30,144.439838,61.078431
1,24,31,110.129683,46.642883
1,24,32,143.427548,58.346978
1,24,33,39.617136,18.467442
2,1,2,49.289107,19.267210
2,1,3,56.349424,25.373010
2,1,4,53.764167,24.344982
2,1,5,38.239448,14.697526
2,1,6,31.134286,15.003865
2,1,7,123.468424,44.700822
2,1,8,112.719330,43.408182
2,1,9,30.873764,11.835345
2,1,10,26.013327,8.770145
2,1,11,19.982118,7.935976
2,1,12,25.403946,9.667420
2,1,13,32.772314,12.694313
2,1,14,55.920157,25.140189
2,1,15,26.162892,8.188886
2,1,16,31.368833,10.860484
2,1,17,38.077113,12.417312
2,1,18,56.650768,27.414754
2,1,19,46.287299,22.802253
2,1,20,47.587135,17.118692
2,1,21,52.871453,22.888254
2,1,22,47.969923,15.081524
2,1,23,60.595486,19.493927
2,1,24,121.004992,59.662221
2,1,25,97.020384,48.161062
2,1,26,30.405865,12.707696
2,1,27,32.522723,12.240998
2,1,28,31.890251,12.801966
2,1,29,80.549959,28.186261
2,1,30,125.623476,41.285868
2,1,31,76.848364,32.816415
2,1,32,101.182366,35.482451
2,1,33,32.051621,11.518226
2,2,2,64.904394,21.363523
2,2,3,70.435697,30.587011
2,2,4,80.464559,35.754541
2,2,5,53.231684,20.456895
2,2,6,45.278790,14.626866
2,2,7,149.666028,49.712598
2,2,8,188.097114,69.571746
2,2,9,36.316861,12.377033
2,2,10,46.472989,18.775148
2,2,11,40.554562,15.367438
2,2,12,43.627952,17.688367
2,2,13,37.944559,12.580249
2,2,14,84.925098,39.825319
2,2,15,44.745260,20.931071
2,2,16,46.495346,22.354368
2,2,17,36.888161,12.808378
2,2,18,62.767842,29.129018
2,2,19,71.797357,23.108428
2,2,20,71.876615,25.060637
2,2,21,65.937959,20.538100
2,2,22,68.811381,30.331556
2,2,23,58.861585,23.697211
2,2,24,196.258379,80.102871
2,2,25,151.557818,70.069379
2,2,26,55.707745,26.930155
2,2,27,49.657395,21.398520
2,2,28,45.871815,18.889392
2,2,29,90.488899,32.376076
2,2,30,186.944399,58.356782
2,2,31,123.311505,61.301252
2,2,32,156.551103,61.751642
2,2,33,52.422446,17.830585
2,3,2,47.091588,17.192705
2,3,3,42.692753,15.116983
2,3,4,67.315909,31.779330
2,3,5,27.166343,11.659691
2,3,6,33.720796,12.340386
2,3,7,91.527128,38.485187
2,3,8,119.819747,42.645429
2,3,9,31.040968,13.922618
2,3,10,27.393037,13.123113
2,3,11,21.081728,10.181488
2,3,12,27.983529,13.036872
2,3,13,31.625379,14.242742
2,3,14,61.326228,21.425516
2,3,15,24.126247,10.488489
2,3,16,30.587304,9.383429
2,3,17,21.520466,9.868006
2,3,18,47.390742,17.395586
2,3,19,40.768779,15.774907
2,3,20,48.175006,18.705210
2,3,21,53.399753,21.183363
2,3,22,55.084505,20.794792
2,3,23,44.196613,16.671026
2,3,24,108.569094,35.956463
2,3,25,132.915290,52.694341
2,3,26,28.128586,11.337547
2,3,27,29.052272,10.506895
2,3,28,22.171494,7.602415
2,3,29,62.631892,23.880860
2,3,30,101.822343,45.887875
2,3,31,66.305332,26.783305
2,3,32,91.544909,34.837878
2,3,33,29.529371,13.636231
2,4,2,51.612564,22.379574
2,4,3,46.873212,14.463996
2,4,4,66.416940,32.022848
2,4,5,31.778102,13.585017
2,4,6,32.723637,15.355893
2,4,7,92.703475,36.017338
2,4,8,103.314278,35.739409
2,4,9,27.513872,11.969167
2,4,10,31.662597,13.516658
2,4,11,21.368942,10.171123
2,4,12,34.930319,11.215720
2,4,13,26.651101,12.720207
2,4,14,51.994732,23.688201
2,4,15,28.466735,11.883103
2,4,16,41.598694,15.824295
2,4,17,29.481348,10.219206
2,4,18,47.923702,16.971581
2,4,19,43.676647,15.669248
2,4,20,62.936263,27.391297
2,4,21,43.183545,19.362075
2,4,22,47.282838,15.916319
2,4,23,54.644448,24.093107
2,4,24,114.291797,56.012791
2,4,25,106.391032,39.986871
2,4,26,27.341138,9.745050
2,4,27,25.377171,12.377562
2,4,28,27.831975,9.934827
2,4,29,64.872589,28.621848
2,4,30,110.483788,48.679894
2,4,31,66.641064,23.111527
2,4,32,92.169080,33.407356
2,4,33,36.408575,12.722266
2,5,2,55.761378,25.713437
2,5,3,47.945726,22.034559
2,5,4,79.001625,26.058231
2,5,5,29.030021,11.168402
2,5,6,26.637338,12.253059
2,5,7,109.598016,44.968943
2,5,8,108.848705,42.639334
2,5,9,29.919207,10.368441
2,5,10,36.878190,17.553228
2,5,11,30.538868,10.865722
2,5,12,31.703256,15.001644
2,5,13,31.607157,10.639395
2,5,14,74.028868,27.821436
2,5,15,24.435607,10.060955
2,5,16,33.218861,16.055071
2,5,17,27.606552,10.220195
2,5,18,47.877896,16.191699
2,5,19,50.632372,16.791067
2,5,20,45.559953,15.804727
2,5,21,39.736024,13.859956
2,5,22,50.482124,24.149448
2,5,23,46.214646,21.864672
2,5,24,128.443414,58.725583
2,5,25,124.289718,38.512487
2,5,26,29.920968,12.323212
2,5,27,30.208915,10.363753
2,5,28,34.612266,13.984184
2,5,29,71.123145,24.946261
2,5,30,96.521344,44.146237
2,5,31,81.685961,32.253324
2,5,32,100.786009,40.319096
2,5,33,28.617803,9.016101
2,6,2,48.115850,18.778009
2,6,3,62.448097,23.691899
2,6,4,72.860941,32.665244
2,6,5,33.445688,15.089123
2,6,6,39.612904,13.820597
2,6,7,105.241732,33.803633
2,6,8,134.037458,52.873169
2,6,9,40.533096,19.799199
2,6,10,39.383972,16.696458
2,6,11,28.530726,12.506677
2,6,12,36.929749,16.734575
2,6,13,43.884393,17.382219
2,6,14,83.873191,28.818748
2,6,15,35.738458,11.029326
2,6,16,33.610217,14.749306
2,6,17,35.573567,10.692849
2,6,18,44.881097,17.929247
2,6,19,44.252885,20.591455
2,6,20,45.480704,21.586652
2,6,21,55.374806,24.665983
2,6,22,65.487375,22.810902
2,6,23,50.469752,21.580395
2,6,24,151.750177,59.807800
2,6,25,121.028882,47.188216
2,6,26,35.336415,17.553266
2,6,27,38.729838,15.141123
2,6,28,46.434196,19.934710
2,6,29,81.503017,34.998680
2,6,30,102.958230,39.595110
2,6,31,99.619796,34.066290
2,6,32,158.274612,77.144962
2,6,33,35.608453,14.458079
2,7,2,71.660172,29.632571
2,7,3,51.364628,24.873312
2,7,4,78.509662,39.047815
2,7,5,41.330296,15.829743
2,7,6,35.960284,14.599682
2,7,7,124.848744,61.741253
2,7,8,132.621076,46.640471
2,7,9,28.996556,12.841625
2,7,10,39.729278,14.653717
2,7,11,30.447412,11.650673
2,7,12,32.367063,13.582909
2,7,13,37.059961,11.748317
2,7,14,62.218951,22.457374
2,7,15,38.445160,12.200481
2,7,16,35.958503,14.853155
2,7,17,33.047631,10.463292
2,7,18,60.571173,28.193165
2,7,19,59.807153,21.343511
2,7,20,41.556998,19.056978
2,7,21,50.011656,19.093182
2,7,22,55.409631,18.249131
2,7,23,47.599283,17.088257
2,7,24,138.607311,63.010903
2,7,25,150.386622,62.042745
2,7,26,33.858511,11.162346
2,7,27,30.238470,12.369855
2,7,28,37.755595,13.277713
2,7,29,69.775879,29.102468
2,7,30,88.146831,32.655200
2,7,31,80.683551,26.613745
2,7,32,135.948446,48.710393
2,7,33,30.580024,14.743955
2,8,2,59.564503,21.156628
2,8,3,54.797468,18.565479
2,8,4,80.197328,35.310997
2,8,5,30.767218,12.106187
2,8,6,41.946130,14.396093
2,8,7,131.604642,54.355528
2,8,8,156.053833,73.265114
2,8,9,36.129337,15.473812
2,8,10,38.851888,15.312164
2,8,11,23.626827,7.436761
2,8,12,31.679472,13.854263
2,8,13,33.133296,14.221042
2,8,14,62.708165,26.200763
2,8,15,41.924446,16.427519
2,8,16,41.930936,19.024221
2,8,17,40.606339,19.292640
2,8,18,52.879311,26.305364
2,8,19,48.603545,14.960551
2,8,20,57.394597,24.185185
2,8,21,57.023618,25.625006
2,8,22,55.897600,20.926629
2,8,23,52.579253,26.081048
2,8,24,110.715126,38.282810
2,8,25,124.146089,59.255308
2,8,26,41.370378,15.695068
2,8,27,43.012780,15.202298
2,8,28,37.199777,15.736776
2,8,29,88.490465,30.302645
2,8,30,116.614499,46.238213
2,8,31,81.832161,36.491810
2,8,32,136.980443,46.403412
2,8,33,48.461790,16.008399
2,9,2,64.599253,25.768569
2,9,3,56.192434,21.590832
2,9,4,72.182581,35.125269
2,9,5,45.608308,14.806153
2,9,6,33.561354,15.729812
2,9,7,114.482152,53.096601
2,9,8,127.415878,53.696845
2,9,9,37.220660,13.408391
2,9,10,34.548780,16.495974
2,9,11,31.950257,12.889318
2,9,12,36.391423,13.960423
2,9,13,33.940561,12.230600
2,9,14,79.820763,37.567683
2,9,15,32.166471,15.010656
2,9,16,43.502390,20.077081
2,9,17,33.526107,10.976586
2,9,18,49.971776,24.474667
2,9,19,53.142677,20.027908
2,9,20,50.863243,20.559944
2,9,21,61.042225,24.055189
2,9,22,47.049494,14.306936
2,9,23,50.842046,20.727462
2,9,24,125.835256,62.869180
2,9,25,112.430311,45.523255
2,9,26,34.135019,16.407323
2,9,27,42.760407,15.518727
2,9,28,30.357550,13.775666
2,9,29,76.881588,28.703067
2,9,30,119.133230,45.681529
2,9,31,65.733943,24.768731
2,9,32,136.128250,64.452904
2,9,33,36.761903,13.726810
2,10,2,71.325929,27.962648
2,10,3,48.771174,17.672105
2,10,4,77.816288,26.571362
2,10,5,34.726536,14.705821
2,10,6,41.254839,12.859745
2,10,7,102.456936,37.916118
2,10,8,127.776006,57.999956
2,10,9,33.175178,11.896326
2,10,10,35.780662,16.279527
2,10,11,31.889516,10.881045
2,10,12,39.961466,13.858400
2,10,13,37.690549,13.664067
2,10,14,74.075107,34.924303
2,10,15,34.442382,12.286270
2,10,16,36.612032,14.654988
2,10,17,29.319067,12.504857
2,10,18,54.809279,17.862184
2,10,19,63.451062,23.108883
2,10,20,49.394366,24.037894
2,10,21,56.007005,18.731121
2,10,22,68.846906,31.885330
2,10,23,46.287844,15.086823
2,10,24,124.721899,46.903467
2,10,25,127.139926,55.761935
2,10,26,43.779369,17.158910
2,10,27,34.117402,14.010552
2,10,28,37.064342,14.465005
2,10,29,85.280905,27.867506
2,10,30,92.323307,37.292040
2,10,31,84.068266,29.217005
2,10,32,132.322624,49.981757
2,10,33,33.871160,14.467499
2,11,2,49.616735,19.442226
2,11,3,61.103449,28.661838
2,11,4,57.940087,23.774698
2,11,5,33.099252,12.869282
2,11,6,34.116708,13.059617
2,11,7,120.144797,49.952161
2,11,8,124.708645,38.233375
2,11,9,29.817222,13.477253
2,11,10,37.803945,16.553308
2,11,11,23.779207,7.607878
2,11,12,40.036243,12.940562
2,11,13,33.226664,10.049745
2,11,14,77.810511,25.851121
2,11,15,32.676544,15.448973
2,11,16,43.350036,18.983013
2,11,17,43.113781,18.561711
2,11,18,53.105182,24.878085
2,11,19,56.406630,26.665822
2,11,20,51.277323,21.156905
2,11,21,54.808006,19.224343
2,11,22,55.417654,26.809810
2,11,23,49.013032,22.949968
2,11,24,147.526413,65.939802
2,11,25,101.445960,30.995206
2,11,26,32.239370,15.285084
2,11,27,40.677611,14.766790
2,11,28,36.473547,14.707690
2,11,29,72.231810,24.839312
2,11,30,101.231967,44.683743
2,11,31,88.107841,35.307643
2,11,32,123.785441,45.312039
2,11,33,32.846487,11.514780
2,12,2,56.684603,27.943835
2,12,3,45.699561,17.187524
2,12,4,98.254698,47.185743
2,12,5,35.883050,11.454462
2,12,6,40.291762,15.962458
2,12,7,119.586677,42.883596
2,12,8,135.585979,46.121990
2,12,9,39.430201,12.829564
2,12,10,37.210110,14.314452
2,12,11,25.291294,9.973145
2,12,12,35.714232,13.139964
2,12,13,42.675867,18.066288
2,12,14,54.685517,22.638157
2,12,15,29.926607,10.865499
2,12,16,39.304027,14.770631
2,12,17,36.573711,16.181047
2,12,18,51.575478,23.323302
2,12,19,63.626288,30.352991
2,12,20,58.892019,26.724946
2,12,21,56.913878,22.655819
2,12,22,51.015778,20.458619
2,12,23,55.042392,20.171748
2,12,24,114.360581,43.996002
2,12,25,125.587169,54.838579
2,12,26,32.162152,14.839521
2,12,27,34.331660,14.938495
2,12,28,31.776842,15.874698
2,12,29,65.218406,26.555992
2,12,30,111.182780,51.172442
2,12,31,74.303805,34.597212
2,12,32,104.635860,42.986330
2,12,33,36.125626,14.428711
2,13,2,58.900368,22.909209
2,13,3,46.616363,18.256722
2,13,4,91.077238,30.340707
2,13,5,44.238965,20.194912
2,13,6,38.942158,12.797897
2,13,7,170.169242,59.199315
2,13,8,116.816351,35.195869
2,13,9,29.751599,12.456175
2,13,10,42.191955,19.590075
2,13,11,25.442422,11.970489
2,13,12,36.860460,16.615750
2,13,13,44.864251,15.232841
2,13,14,86.214882,27.338277
2,13,15,34.481712,13.725150
2,13,16,36.473521,13.664151
2,13,17,34.098002,14.345304
2,13,18,46.423666,22.905350
2,13,19,49.664026,24.041469
2,13,20,47.399961,18.620110
2,13,21,66.915100,27.564898
2,13,22,59.088641,20.093172
2,13,23,53.505108,23.038693
2,13,24,149.002273,60.456720
2,13,25,139.253179,49.554935
2,13,26,41.490795,19.088756
2,13,27,35.834297,16.308928
2,13,28,34.403357,11.568416
2,13,29,77.858666,24.807431
2,13,30,101.379066,36.559143
2,13,31,93.631693,30.661101
2,13,32,141.296402,61.086260
2,13,33,37.760534,16.134414
2,14,2,56.783604,23.705686
2,14,3,51.847657,19.647722
2,14,4,74.028267,28.805543
2,14,5,36.211643,13.739641
2,14,6,41.838571,20.557486
2,14,7,125.729393,48.047824
2,14,8,102.788409,36.559571
2,14,9,38.924677,17.195325
2,14,10,31.743545,10.593882
2,14,11,34.290604,13.513938
2,14,12,36.994209,15.544269
2,14,13,30.856404,11.380287
2,14,14,76.822703,31.624988
2,14,15,33.066886,15.462725
2,14,16,31.469561,12.134384
2,14,17,28.358288,8.580668
2,14,18,58.014388,28.244374
2,14,19,52.966720,22.551265
2,14,20,56.694832,28.191723
2,14,21,52.713298,22.552656
2,14,22,63.837515,19.838785
2,14,23,79.729700,33.625500
2,14,24,136.327304,58.550017
2,14,25,135.718070,41.252292
2,14,26,30.570820,14.640769
2,14,27,38.728047,13.838690
2,14,28,40.552761,16.591476
2,14,29,71.757897,35.147324
2,14,30,109.314822,40.262158
2,14,31,112.755753,53.332718
2,14,32,123.469625,44.785190
2,14,33,34.489910,16.554366
2,15,2,61.064811,25.005135
2,15,3,44.516568,22.027455
2,15,4,77.937384,28.670539
2,15,5,37.757580,16.397073
2,15,6,33.987515,12.507705
2,15,7,107.259389,43.824734
2,15,8,113.975149,55.936008
2,15,9,33.613690,10.904933
2,15,10,49.421907,17.945918
2,15,11,27.465128,11.253164
2,15,12,42.475915,13.713469
2,15,13,36.506783,13.027458
2,15,14,84.924007,25.679911
2,15,15,32.457075,11.418182
2,15,16,30.723519,12.127283
2,15,17,28.995972,12.405670
2,15,18,54.349382,23.823786
2,15,19,53.548473,18.510123
2,15,20,67.346962,26.890414
2,15,21,53.881923,21.992884
2,15,22,54.231194,25.157121
2,15,23,52.218082,20.586618
2,15,24,123.426983,49.846135
2,15,25,108.647468,46.626721
2,15,26,43.576813,14.509636
2,15,27,35.549077,15.694940
2,15,28,36.844908,15.494405
2,15,29,68.729925,30.978570
2,15,30,138.779374,43.682937
2,15,31,73.717796,32.786967
2,15,32,130.023435,50.767623
2,15,33,42.387008,15.740917
2,16,2,80.852011,26.352608
2,16,3,44.873253,17.878923
2,16,4,80.603627,40.252454
2,16,5,31.531281,14.586719
2,16,6,38.778697,12.101250
2,16,7,138.662277,47.328185
2,16,8,129.093219,51.275967
2,16,9,34.618117,13.684174
2,16,10,48.242694,17.505021
2,16,11,27.458851,12.127503
2,16,12,39.327335,14.599281
2,16,13,39.345087,12.501464
2,16,14,74.701295,34.408381
2,16,15,42.545881,12.934406
2,16,16,45.439906,16.791360
2,16,17,33.478624,14.635971
2,16,18,58.304488,21.347064
2,16,19,49.653889,20.819954
2,16,20,52.228250,17.461589
2,16,21,51.538001,16.760070
2,16,22,56.485803,27.265758
2,16,23,58.686684,22.662290
2,16,24,113.195732,51.016109
2,16,25,124.040760,40.478203
2,16,26,31.725732,12.926848
2,16,27,42.286362,20.769832
2,16,28,39.079980,19.539990
2,16,29,93.642728,43.770770
2,16,30,139.693832,65.975368
2,16,31,78.366191,26.248067
2,16,32,102.054118,42.637534
2,16,33,43.706318,15.620156
2,17,2,69.268168,21.537601
2,17,3,52.580277,24.333486
2,17,4,83.589261,32.888386
2,17,5,42.191231,15.575014
2,17,6,35.029380,16.375386
2,17,7,121.432453,57.554025
2,17,8,111.238218,37.676336
2,17,9,50.584393,22.394767
2,17,10,44.682113,15.340548
2,17,11,25.356872,10.767205
2,17,12,35.910610,15.591474
2,17,13,37.734423,15.979961
2,17,14,70.445348,28.911544
2,17,15,41.636308,18.683130
2,17,16,45.362408,13.728065
2,17,17,36.476044,14.846061
2,17,18,56.457365,19.181125
2,17,19,48.435488,18.500801
2,17,20,49.015802,24.177417
2,17,21,59.339690,24.456995
2,17,22,42.374697,19.077658
2,17,23,53.285406,25.838030
2,17,24,114.143881,51.630878
2,17,25,139.444423,59.810656
2,17,26,37.393013,16.346294
2,17,27,36.966302,13.627400
2,17,28,29.766134,9.435592
2,17,29,73.334445,24.902591
2,17,30,109.101272,53.625529
2,17,31,94.584704,37.494324
2,17,32,103.322100,31.083390
2,17,33,32.035102,14.754204
2,18,2,64.366977,25.318132
2,18,3,49.240480,19.718822
2,18,4,75.179301,30.148656
2,18,5,40.743477,19.601504
2,18,6,38.711076,13.827379
2,18,7,115.185663,39.276989
2,18,8,119.290091,52.727766
2,18,9,44.810509,17.751786
2,18,10,37.079458,11.295736
2,18,11,25.581031,10.112477
2,18,12,41.682539,16.041513
2,18,13,41.482870,18.594967
2,18,14,67.708132,21.747724
2,18,15,37.100877,17.328613
2,18,16,40.075553,14.300842
2,18,17,43.199619,19.253698
2,18,18,57.951911,20.487257
2,18,19,46.521919,15.064225
2,18,20,51.664133,16.553542
2,18,21,60.270377,23.821282
2,18,22,50.364700,24.385673
2,18,23,61.645524,22.594647
2,18,24,143.383747,56.340188
2,18,25,134.013006,64.862424
2,18,26,39.682586,13.211624
2,18,27,30.613391,9.722666
2,18,28,27.849175,13.655583
2,18,29,61.986941,27.718599
2,18,30,133.693980,58.669015
2,18,31,106.980730,37.982481
2,18,32,129.810617,44.337517
2,18,33,41.614495,20.066137
2,19,2,81.169104,24.450684
2,19,3,65.891903,20.897358
2,19,4,73.414151,30.560376
2,19,5,37.539502,12.429184
2,19,6,37.979876,18.067752
2,19,7,129.160511,57.561088
2,19,8,120.736711,36.937270
2,19,9,39.785605,12.418181
2,19,10,39.586347,12.005157
2,19,11,31.039496,12.596188
2,19,12,36.404036,14.388037
2,19,13,35.371360,16.183383
2,19,14,73.794353,28.973701
2,19,15,38.643229,14.566064
2,19,16,33.382753,11.849623
2,19,17,35.588862,10.974539
2,19,18,57.469811,20.938729
2,19,19,53.053878,25.371641
2,19,20,54.492766,16.994099
2,19,21,49.170118,16.497070
2,19,22,45.169974,20.915450
2,19,23,47.094742,23.101929
2,19,24,154.109608,63.145338
2,19,25,161.952343,61.912182
2,19,26,41.242146,16.902974
2,19,27,45.249110,19.232337
2,19,28,35.201394,15.231741
2,19,29,90.884206,28.571178
2,19,30,129.053085,49.196140
2,19,31,99.503458,39.988065
2,19,32,159.013662,69.643237
2,19,33,46.955337,22.496948
2,20,2,73.345426,27.897537
2,20,3,45.192043,19.378324
2,20,4,67.043929,26.752485
2,20,5,33.875281,16.352216
2,20,6,31.773311,11.171351
2,20,7,124.798688,42.402165
2,20,8,145.579003,54.292327
2,20,9,37.951084,16.925974
2,20,10,35.154187,11.312435
2,20,11,26.509069,8.418104
2,20,12,49.626116,20.615336
2,20,13,29.634494,10.779545
2,20,14,83.248231,40.258023
2,20,15,38.066656,17.367875
2,20,16,32.027208,15.457617
2,20,17,35.752492,15.887722
2,20,18,60.574625,29.530038
2,20,19,64.843206,31.708849
2,20,20,51.780492,16.851368
2,20,21,61.287127,23.522483
2,20,22,75.604366,35.932178
2,20,23,57.187921,26.010566
2,20,24,141.467863,43.696269
2,20,25,118.946726,51.288235
2,20,26,28.259780,11.813768
2,20,27,38.394158,18.286739
2,20,28,38.186619,16.641423
2,20,29,81.283031,32.085240
2,20,30,110.565175,36.631178
2,20,31,97.714400,32.013661
2,20,32,138.561331,60.475172
2,20,33,40.347193,13.048624
2,21,2,61.361127,27.160716
2,21,3,68.625229,20.738666
2,21,4,99.642479,34.452309
2,21,5,39.181985,16.011596
2,21,6,37.043603,17.868924
2,21,7,131.604827,46.100002
2,21,8,113.533241,51.051978
2,21,9,39.639052,19.599286
2,21,10,41.195309,12.486556
2,21,11,32.481667,10.666056
2,21,12,33.221407,10.178649
2,21,13,39.326455,15.857212
2,21,14,78.271040,38.976737
2,21,15,40.252684,18.586804
2,21,16,46.225661,14.883335
2,21,17,34.448997,16.050263
2,21,18,64.999796,27.063091
2,21,19,60.247172,25.174607
2,21,20,62.837838,25.829508
2,21,21,57.195739,22.300268
2,21,22,64.531171,24.038540
2,21,23,72.777781,33.851122
2,21,24,134.142806,53.284622
2,21,25,139.378281,62.209168
2,21,26,37.406876,15.180835
2,21,27,31.484808,9.926469
2,21,28,42.168372,15.965702
2,21,29,85.779592,36.839160
2,21,30,133.668523,40.532588
2,21,31,86.343693,28.513768
2,21,32,118.533433,58.977026
2,21,33,41.052072,18.750112
2,22,2,70.635650,33.717477
2,22,3,50.492858,15.786877
2,22,4,79.501241,34.475010
2,22,5,43.000069,15.501592
2,22,6,40.958265,13.363865
2,22,7,120.547271,48.821262
2,22,8,113.716200,51.542622
2,22,9,38.162330,16.753343
2,22,10,38.134949,12.495472
2,22,11,27.567535,9.869005
2,22,12,42.519010,20.079902
2,22,13,43.801885,18.304565
2,22,14,85.259151,40.563271
2,22,15,39.993823,14.466940
2,22,16,38.754247,13.937558
2,22,17,36.543962,16.527838
2,22,18,49.048019,21.238396
2,22,19,56.757085,21.582539
2,22,20,55.734757,21.461682
2,22,21,64.340854,28.339961
2,22,22,63.018944,29.099934
2,22,23,47.398423,18.180635
2,22,24,125.285016,40.994936
2,22,25,166.732658,82.084008
2,22,26,41.079779,13.699698
2,22,27,35.229678,12.412295
2,22,28,39.193555,18.033336
2,22,29,79.618016,26.514034
2,22,30,115.795206,57.726543
2,22,31,106.688320,40.348276
2,22,32,141.280418,53.254454
2,22,33,42.065940,14.231870
2,23,2,77.791252,30.214790
2,23,3,65.584400,30.716089
2,23,4,60.599561,26.979738
2,23,5,36.572138,16.660941
2,23,6,37.620078,16.611126
2,23,7,137.095333,49.369176
2,23,8,135.918768,64.462847
2,23,9,43.622286,19.625186
2,23,10,38.690897,19.099155
2,23,11,35.234143,11.901579
2,23,12,42.521848,13.498300
2,23,13,36.790248,16.026860
2,23,14,78.805128,34.963578
2,23,15,33.368588,13.222293
2,23,16,49.387514,16.770796
2,23,17,41.126694,13.504939
2,23,18,67.433320,28.215623
2,23,19,57.294765,24.603905
2,23,20,56.495782,17.181520
2,23,21,66.268054,22.053381
2,23,22,73.292064,31.883464
2,23,23,52.654671,26.146753
2,23,24,144.380236,55.276244
2,23,25,129.775654,47.490357
2,23,26,41.622140,14.652472
2,23,27,30.720253,12.654955
2,23,28,52.544427,23.519886
2,23,29,84.051695,38.223509
2,23,30,127.513498,49.042782
2,23,31,92.727734,41.398712
2,23,32,139.099513,58.168299
2,23,33,39.132054,13.961251
2,24,2,73.351535,27.601055
2,24,3,62.812332,19.017050
2,24,4,77.909683,32.390084
2,24,5,39.442857,12.889437
2,24,6,47.142677,22.001887
2,24,7,169.301851,52.671878
2,24,8,120.049752,50.036659
2,24,9,39.562143,13.378899
2,24,10,37.534656,16.269968
2,24,11,26.866219,11.715569
2,24,12,39.709943,17.440877
2,24,13,39.284802,15.084826
2,24,14,77.312279,25.378772
2,24,15,42.319123,17.098347
2,24,16,44.396241,14.616315
2,24,17,37.553146,16.559731
2,24,18,59.343761,21.275871
2,24,19,64.857088,23.242073
2,24,20,67.635996,25.139688
2,24,21,67.898398,29.368257
2,24,22,63.898706,31.292669
2,24,23,63.571210,22.244505
2,24,24,148.637966,52.496125
2,24,25,145.452634,47.331678
2,24,26,38.676892,14.295297
2,24,27,33.643463,10.237833
2,24,28,34.234505,14.501681
2,24,29,67.494059,20.757946
2,24,30,134.739666,46.948054
2,24,31,91.512092,29.789624
2,24,32,116.598350,38.161024
2,24,33,43.998796,21.898561
3,1,2,52.102398,20.929315
3,1,3,45.166909,17.092613
3,1,4,51.343363,23.741878
3,1,5,32.216829,12.952266
3,1,6,32.058061,12.084590
3,1,7,83.680124,26.915601
3,1,8,94.612562,29.443044
3,1,9,38.249412,14.012758
3,1,10,33.105633,12.277233
3,1,11,22.461461,8.328554
3,1,12,28.530062,10.645503
3,1,13,27.965582,9.201391
3,1,14,54.681899,25.630735
3,1,15,30.532967,9.830896
3,1,16,32.698864,12.445786
3,1,17,30.239030,11.663815
3,1,18,42.265059,16.762451
3,1,19,45.292004,14.905100
3,1,20,45.063144,22.349553
3,1,21,34.202941,10.560073
3,1,22,51.275661,15.737143
3,1,23,50.114857,17.595768
3,1,24,107.245243,39.702388
3,1,25,128.810402,55.880142
3,1,26,21.446012,7.797765
3,1,27,27.121073,11.815797
3,1,28,29.501184,14.412414
3,1,29,59.218974,27.747433
3,1,30,104.572541,49.988505
3,1,31,77.279756,37.892793
3,1,32,106.169221,51.869881
3,1,33,29.342924,11.182244
3,2,2,68.160804,28.331324
3,2,3,83.228247,37.520445
3,2,4,70.888308,23.891573
3,2,5,46.585890,16.797488
3,2,6,42.680311,14.956649
3,2,7,153.169851,68.668736
3,2,8,154.491818,76.515445
3,2,9,50.118114,24.499708
3,2,10,39.061758,14.440407
3,2,11,31.647567,14.358340
3,2,12,47.056774,19.085825
3,2,13,41.354656,17.458500
3,2,14,96.276263,39.919138
3,2,15,45.686943,19.350542
3,2,16,40.082588,13.372173
3,2,17,50.346740,20.163370
3,2,18,64.195122,20.406567
3,2,19,76.834325,31.972463
3,2,20,68.146261,33.850483
3,2,21,91.597663,31.058540
3,2,22,73.091881,31.649340
3,2,23,69.077465,24.313963
3,2,24,177.288443,76.918915
3,2,25,163.191834,57.015716
3,2,26,38.407345,17.683293
3,2,27,46.300518,16.920472
3,2,28,44.731896,14.519681
3,2,29,98.537707,40.092920
3,2,30,146.308854,59.237315
3,2,31,109.546584,34.674882
3,2,32,172.057581,56.526463
3,2,33,43.267541,21.260758
3,3,2,46.660553,18.976164
3,3,3,35.454051,11.206407
3,3,4,61.635919,23.434804
3,3,5,29.588931,10.863295
3,3,6,29.994984,10.502095
3,3,7,88.993171,41.920239
3,3,8,80.909634,32.443838
3,3,9,26.823784,10.503815
3,3,10,27.211326,9.954931
3,3,11,18.186522,9.091403
3,3,12,23.532966,10.213338
3,3,13,25.794545,11.464681
3,3,14,57.551780,21.890780
3,3,15,34.100718,15.338071
3,3,16,28.146603,13.397649
3,3,17,21.634895,6.504809
3,3,18,42.106745,19.670179
3,3,19,35.077147,15.877364
3,3,20,32.672927,13.659901
3,3,21,46.176634,15.689062
3,3,22,41.254788,16.237197
3,3,23,35.747963,13.511868
3,3,24,87.817463,26.611825
3,3,25,93.440700,30.545086
3,3,26,28.641548,10.953343
3,3,27,26.218371,10.424462
3,3,28,27.375732,11.033577
3,3,29,45.472522,17.984458
3,3,30,73.321146,29.056227
3,3,31,71.622295,28.507970
3,3,32,115.319933,49.357361
3,3,33,27.562002,11.462430
3,4,2,57.425567,23.552928
3,4,3,62.930815,28.092480
3,4,4,90.462180,40.713604
3,4,5,40.095629,12.745431
3,4,6,50.106568,23.877396
3,4,7,124.449149,55.413583
3,4,8,125.266383,50.225906
3,4,9,47.899651,16.967620
3,4,10,40.876638,19.165509
3,4,11,36.901480,12.788281
3,4,12,45.762151,15.111289
3,4,13,40.706880,13.118284
3,4,14,64.678421,21.868203
3,4,15,43.401387,18.913855
3,4,16,34.741027,13.180778
3,4,17,54.555703,20.387527
3,4,18,67.415889,29.229119
3,4,19,63.777011,27.063018
3,4,20,57.960170,25.438523
3,4,21,68.681591,26.260514
3,4,22,68.998280,24.037024
3,4,23,67.056924,26.496026
3,4,24,154.742601,67.454391
3,4,25,159.386468,52.634649
3,4,26,48.485101,22.566788
3,4,27,41.989005,17.654233
3,4,28,51.242339,21.227475
3,4,29,106.832086,50.481688
3,4,30,150.860104,62.365715
3,4,31,103.873339,37.884112
3,4,32,191.345571,66.216609
3,4,33,51.260556,22.873849
3,5,2,50.352633,17.228320
3,5,3,61.127752,28.766078
3,5,4,54.122582,20.657911
3,5,5,28.245857,12.712219
3,5,6,29.107723,14.161875
3,5,7,109.516583,53.803933
3,5,8,105.168638,44.690760
3,5,9,28.424724,12.778154
3,5,10,35.287632,10.782364
3,5,11,22.895672,8.236106
3,5,12,34.707827,16.902073
3,5,13,37.849452,16.127685
3,5,14,62.595344,24.080298
3,5,15,27.512799,9.182975
3,5,16,24.141613,10.084197
3,5,17,29.956889,14.255545
3,5,18,47.214478,21.548278
3,5,19,57.189939,25.154684
3,5,20,48.718416,22.001664
3,5,21,44.138071,21.059279
3,5,22,47.066640,15.997050
3,5,23,47.811763,17.871352
3,5,24,125.977623,49.375438
3,5,25,125.208082,54.284905
3,5,26,30.139839,10.534706
3,5,27,27.256300,9.154974
3,5,28,31.337056,11.778117
3,5,29,63.651369,28.863224
3,5,30,112.410966,37.202476
3,5,31,68.298746,31.028022
3,5,32,103.591135,51.413568
3,5,33,28.245203,12.321150
3,6,2,62.713636,24.957214
3,6,3,47.608380,23.367595
3,6,4,70.946363,31.016900
3,6,5,31.669445,14.819898
3,6,6,31.970607,13.762091
3,6,7,105.539410,41.161587
3,6,8,96.227436,41.453640
3,6,9,30.366060,10.303797
3,6,10,32.423643,16.171824
3,6,11,23.313956,8.974589
3,6,12,30.145336,13.523804
3,6,13,31.728234,11.498731
3,6,14,62.557890,19.557192
3,6,15,32.515773,11.481917
3,6,16,32.318897,10.920075
3,6,17,32.773266,15.374044
3,6,18,47.627882,21.576332
3,6,19,56.484441,20.159048
3,6,20,55.315296,19.513275
3,6,21,59.491948,18.352652
3,6,22,52.791695,21.811521
3,6,23,54.571872,23.892350
3,6,24,146.772706,58.031332
3,6,25,128.401158,61.633319
3,6,26,32.301601,10.827124
3,6,27,38.684693,16.849782
3,6,28,34.094045,14.067779
3,6,29,68.219269,33.780848
3,6,30,120.434587,52.638437
3,6,31,95.598969,39.236770
3,6,32,140.824808,44.094395
3,6,33,38.117520,16.207983
3,7,2,51.269114,17.649773
3,7,3,49.509379,18.588348
3,7,4,57.422168,19.247943
3,7,5,29.568345,12.094420
3,7,6,33.953562,12.881288
3,7,7,120.274046,40.852940
3,7,8,93.205369,32.109424
3,7,9,42.131587,17.722386
3,7,10,28.750564,9.327786
3,7,11,23.360911,10.946716
3,7,12,33.479780,11.963049
3,7,13,35.763946,15.529904
3,7,14,59.185238,21.591344
3,7,15,30.554663,12.566321
3,7,16,26.143911,11.023139
3,7,17,35.778492,12.686559
3,7,18,56.082773,24.305146
3,7,19,53.248882,21.215464
3,7,20,46.786238,15.082585
3,7,21,51.985169,17.789283
3,7,22,50.595559,15.785469
3,7,23,52.904889,19.650739
3,7,24,137.353773,67.916002
3,7,25,132.702414,47.351893
3,7,26,32.100881,15.176083
3,7,27,36.733425,17.304175
3,7,28,40.154751,15.880080
3,7,29,74.445605,31.520422
3,7,30,99.872350,40.098729
3,7,31,91.084101,45.253142
3,7,32,106.340119,32.283543
3,7,33,34.334891,12.556355
3,8,2,56.418799,24.442163
3,8,3,46.732216,23.230817
3,8,4,66.983835,26.981120
3,8,5,31.459683,9.622676
3,8,6,28.383870,9.405152
3,8,7,98.509816,32.325519
3,8,8,100.895874,45.596189
3,8,9,37.928190,11.811043
3,8,10,40.328412,17.110705
3,8,11,24.970387,7.912459
3,8,12,29.856398,9.114302
3,8,13,35.068901,16.632271
3,8,14,60.656338,21.055940
3,8,15,31.753138,9.827117
3,8,16,39.375505,18.149956
3,8,17,32.149104,15.890708
3,8,18,44.780162,22.095289
3,8,19,43.109120,19.100114
3,8,20,51.018898,24.692948
3,8,21,57.225830,19.195930
3,8,22,46.764812,18.925401
3,8,23,40.836193,16.701707
3,8,24,102.367097,48.199819
3,8,25,141.665052,69.538460
3,8,26,35.294199,11.691893
3,8,27,33.813284,15.186756
3,8,28,30.168761,11.398356
3,8,29,77.333988,29.455500
3,8,30,107.017615,39.982753
3,8,31,81.517784,39.521423
3,8,32,101.316646,48.844074
3,8,33,31.385209,12.179120
3,9,2,55.739609,22.897095
3,9,3,43.757148,15.710355
3,9,4,73.641133,33.371301
3,9,5,31.836802,10.471081
3,9,6,39.857047,12.079535
3,9,7,120.581985,37.773351
3,9,8,102.199914,34.535135
3,9,9,30.662696,11.542852
3,9,10,41.628363,19.397112
3,9,11,26.488044,10.749660
3,9,12,42.266270,18.189556
3,9,13,34.843592,17.420788
3,9,14,81.351758,28.067015
3,9,15,39.066941,17.908694
3,9,16,35.751283,15.629812
3,9,17,34.362540,16.499505
3,9,18,46.855650,16.254567
3,9,19,48.791068,18.748210
3,9,20,48.993209,19.821543
3,9,21,55.081810,20.836226
3,9,22,45.204359,21.836920
3,9,23,46.069580,19.041098
3,9,24,118.618616,46.075610
3,9,25,109.391464,48.245865
3,9,26,29.431246,9.358993
3,9,27,30.118358,13.722076
3,9,28,33.166465,15.542464
3,9,29,64.012515,29.757785
3,9,30,110.330229,45.874163
3,9,31,87.004443,36.404173
3,9,32,114.292743,48.884382
3,9,33,39.350718,13.249684
3,10,2,60.006353,24.224269
3,10,3,54.310632,18.773866
3,10,4,84.090099,41.338430
3,10,5,31.285704,12.392196
3,10,6,32.182049,14.557818
3,10,7,97.500606,46.894231
3,10,8,133.898525,42.456109
3,10,9,30.433971,15.055396
3,10,10,36.451308,15.636226
3,10,11,29.531393,9.453627
3,10,12,31.520580,15.758022
3,10,13,33.917784,15.562610
3,10,14,75.731311,32.958779
3,10,15,30.587967,13.636904
3,10,16,34.232022,14.162121
3,10,17,37.060710,11.279578
3,10,18,51.402192,19.570188
3,10,19,52.204515,23.286915
3,10,20,45.198726,21.735693
3,10,21,52.441955,21.269959
3,10,22,56.122465,22.912402
3,10,23,62.630872,31.192875
3,10,24,125.599691,46.544655
3,10,25,135.094689,49.154644
3,10,26,36.857035,13.536202
3,10,27,33.197438,11.048616
3,10,28,32.922468,12.362150
3,10,29,56.398522,22.440766
3,10,30,108.619295,46.130614
3,10,31,81.606897,25.250577
3,10,32,115.252976,40.643016
3,10,33,41.670532,17.129180
3,11,2,55.691627,18.254150
3,11,3,57.474266,22.614024
3,11,4,74.729727,28.988537
3,11,5,34.258313,13.180083
3,11,6,33.924879,12.099638
3,11,7,119.404103,45.123794
3,11,8,119.157783,55.751075
3,11,9,47.099185,22.730026
3,11,10,34.174989,14.440108
3,11,11,29.171459,13.871255
3,11,12,34.994001,12.325179
3,11,13,28.324438,12.906302
3,11,14,59.915197,20.179846
3,11,15,40.627861,19.468398
3,11,16,30.208062,12.133519
3,11,17,39.739389,12.737602
3,11,18,52.322634,17.789070
3,11,19,55.665697,18.450465
3,11,20,62.175256,19.940701
3,11,21,51.062258,24.282936
3,11,22,49.397435,18.157672
3,11,23,65.155464,31.291397
3,11,24,122.941678,46.371471
3,11,25,104.805478,41.064255
3,11,26,31.187086,11.562191
3,11,27,33.656798,15.606496
3,11,28,37.875480,17.221103
3,11,29,67.559116,31.804759
3,11,30,122.706135,55.433179
3,11,31,92.239397,45.124133
3,11,32,120.656793,38.553176
3,11,33,31.054589,11.850580
3,12,2,59.967167,22.575174
3,12,3,47.154488,17.449581
3,12,4,67.575405,32.302164
3,12,5,36.856786,17.582138
3,12,6,43.699327,21.751196
3,12,7,112.406258,35.185386
3,12,8,84.231165,39.027943
3,12,9,31.789925,11.446549
3,12,10,39.854261,12.044944
3,12,11,25.066604,8.520453
3,12,12,29.515581,14.041368
3,12,13,34.220159,10.861436
3,12,14,77.663623,28.715859
3,12,15,37.960321,16.069797
3,12,16,38.605065,16.288783
3,12,17,32.059345,11.230829
3,12,18,65.329802,24.397743
3,12,19,65.456596,20.865457
3,12,20,58.023180,28.703766
3,12,21,52.654009,17.116808
3,12,22,45.802388,18.372340
3,12,23,50.903415,17.351105
3,12,24,138.262455,48.773776
3,12,25,135.351032,62.745965
3,12,26,32.683776,14.372099
3,12,27,38.796829,18.360439
3,12,28,42.142385,17.594986
3,12,29,65.163975,24.620145
3,12,30,105.376152,36.783552
3,12,31,97.541806,36.004924
3,12,32,132.799045,51.570543
3,12,33,30.842132,13.346743
3,13,2,54.860220,23.486345
3,13,3,50.507702,16.660985
3,13,4,72.669401,28.048306
3,13,5,33.726062,16.573625
3,13,6,39.062766,18.259380
3,13,7,111.041166,42.045288
3,13,8,117.616291,56.361991
3,13,9,33.259093,15.541843
3,13,10,31.006826,11.719418
3,13,11,27.751567,11.537953
3,13,12,33.730627,10.588290
3,13,13,30.490541,14.989643
3,13,14,71.744082,32.182683
3,13,15,43.561676,21.120999
3,13,16,45.295956,19.054043
3,13,17,37.143924,11.222207
3,13,18,54.613739,19.115373
3,13,19,50.635324,20.456949
3,13,20,51.667043,20.450547
3,13,21,47.974316,22.052485
3,13,22,42.143882,18.594077
3,13,23,53.591440,17.458725
3,13,24,154.531487,58.943849
3,13,25,130.778829,55.918551
3,13,26,28.276992,12.268637
3,13,27,35.175620,11.420553
3,13,28,33.470825,10.253004
3,13,29,70.090689,27.808530
3,13,30,105.660201,37.118905
3,13,31,95.911386,39.212396
3,13,32,119.524593,36.235788
3,13,33,31.875294,14.807168
3,14,2,67.876022,22.507443
3,14,3,48.677056,19.740109
3,14,4,65.978912,29.480667
3,14,5,38.984899,14.761728
3,14,6,39.703384,14.566620
3,14,7,121.555348,45.323507
3,14,8,140.847245,56.466982
3,14,9,36.206170,12.965045
3,14,10,38.975771,12.620310
3,14,11,24.987548,11.213642
3,14,12,40.353456,18.171773
3,14,13,38.822764,11.696316
3,14,14,80.466983,25.995742
3,14,15,34.962100,15.923206
3,14,16,46.368260,17.083317
3,14,17,38.346464,18.516309
3,14,18,58.214108,23.247807
3,14,19,44.941383,16.108290
3,14,20,61.584937,25.175957
3,14,21,42.446737,14.028146
3,14,22,67.167516,27.157043
3,14,23,44.118358,14.932443
3,14,24,108.869164,44.595764
3,14,25,122.191478,58.078297
3,14,26,36.168498,12.157155
3,14,27,35.059412,15.286866
3,14,28,39.928869,15.050930
3,14,29,73.997358,24.641600
3,14,30,130.177376,55.444258
3,14,31,82.249706,30.178626
3,14,32,135.983035,41.061258
3,14,33,27.785791,10.972644
3,15,2,56.704396,20.708712
3,15,3,54.560103,20.402741
3,15,4,67.526304,27.929426
3,15,5,36.571267,13.959357
3,15,6,45.004297,14.831662
3,15,7,100.608719,42.865247
3,15,8,122.960826,47.751156
3,15,9,28.976878,13.728532
3,15,10,42.066681,20.765920
3,15,11,28.331364,13.079018
3,15,12,39.519724,17.227141
3,15,13,33.654417,12.906173
3,15,14,85.368104,31.765403
3,15,15,39.112123,14.613357
3,15,16,41.821114,15.167414
3,15,17,33.351771,11.698795
3,15,18,51.431019,19.621603
3,15,19,50.375111,20.798115
3,15,20,44.884968,20.853395
3,15,21,53.033299,23.278695
3,15,22,57.625810,22.697791
3,15,23,70.627114,21.774534
3,15,24,152.049975,59.135181
3,15,25,131.939550,62.084586
3,15,26,32.097890,15.043952
3,15,27,46.284586,17.901052
3,15,28,36.476149,18.010270
3,15,29,83.997185,37.121886
3,15,30,112.882400,44.239424
3,15,31,94.122584,35.049269
3,15,32,162.365480,61.257788
3,15,33,39.829913,14.944982
3,16,2,60.183342,25.198769
3,16,3,57.999135,19.840915
3,16,4,74.984468,37.315156
3,16,5,39.520549,13.406839
3,16,6,34.519745,12.091437
3,16,7,116.032637,37.276883
3,16,8,112.015261,47.829105
3,16,9,36.178352,17.261138
3,16,10,32.295935,10.070919
3,16,11,24.717993,7.523182
3,16,12,32.071720,14.217696
3,16,13,37.941177,15.665308
3,16,14,57.209404,19.275596
3,16,15,40.254686,13.313218
3,16,16,33.382635,16.301271
3,16,17,35.320199,13.774267
3,16,18,47.485011,17.466341
3,16,19,63.040717,26.328322
3,16,20,41.519087,17.726141
3,16,21,56.772883,19.820519
3,16,22,71.388830,29.147019
3,16,23,60.606130,23.587419
3,16,24,136.283303,63.761631
3,16,25,119.037558,56.144998
3,16,26,31.779624,13.328994
3,16,27,35.426052,13.970221
3,16,28,36.227331,17.310371
3,16,29,74.301472,29.820971
3,16,30,123.564837,37.600803
3,16,31,88.126738,27.415766
3,16,32,144.214868,65.625346
3,16,33,35.400334,14.558882
3,17,2,59.328678,26.140284
3,17,3,63.167473,19.400736
3,17,4,70.652044,31.009475
3,17,5,48.058711,22.054738
3,17,6,38.678731,12.027481
3,17,7,107.393564,42.914244
3,17,8,120.219456,48.099867
3,17,9,38.423676,13.334841
3,17,10,35.354240,11.822940
3,17,11,31.102509,14.605320
3,17,12,35.032560,12.149303
3,17,13,38.125734,17.719408
3,17,14,78.720257,27.701271
3,17,15,42.652645,15.756058
3,17,16,46.577916,19.657134
3,17,17,37.097564,11.383990
3,17,18,54.081381,17.807296
3,17,19,47.280440,21.693684
3,17,20,66.977886,25.398005
3,17,21,56.153107,25.279437
3,17,22,46.617731,14.494474
3,17,23,44.897462,21.318793
3,17,24,138.353777,55.881234
3,17,25,127.025321,61.294287
3,17,26,39.273198,12.875698
3,17,27,31.833043,10.284320
3,17,28,39.547318,17.592637
3,17,29,94.263019,39.375069
3,17,30,107.510652,47.811843
3,17,31,96.679056,30.024941
3,17,32,130.837209,62.561818
3,17,33,36.203413,16.122998
3,18,2,59.436558,23.914664
3,18,3,55.381991,24.027043
3,18,4,74.814449,24.766302
3,18,5,36.607663,17.094371
3,18,6,37.743459,12.879072
3,18,7,116.487143,46.031422
3,18,8,116.908796,53.413562
3,18,9,43.582860,18.031206
3,18,10,40.288626,12.754407
3,18,11,33.282776,14.051345
3,18,12,36.601135,17.880046
3,18,13,51.745039,24.084791
3,18,14,83.161167,35.131682
3,18,15,49.816765,22.219906
3,18,16,45.234682,16.364907
3,18,17,30.446852,13.003018
3,18,18,49.298006,20.940816
3,18,19,61.344786,18.971363
3,18,20,53.513655,23.267476
3,18,21,65.516639,30.492443
3,18,22,61.117644,23.971453
3,18,23,54.895168,20.918931
3,18,24,118.297377,54.235004
3,18,25,141.755530,46.879256
3,18,26,36.977652,16.268850
3,18,27,33.503226,12.731551
3,18,28,34.216779,12.275516
3,18,29,82.961426,26.873662
3,18,30,130.886657,52.808136
3,18,31,107.025585,38.274226
3,18,32,114.816000,50.673270
3,18,33,34.846242,14.270061
3,19,2,64.628649,24.229585
3,19,3,50.583336,23.601153
3,19,4,63.078755,24.935317
3,19,5,38.245822,12.294421
3,19,6,34.901398,15.065957
3,19,7,133.091525,57.931173
3,19,8,115.752223,48.249624
3,19,9,45.055904,17.231221
3,19,10,36.879103,15.822064
3,19,11,27.914226,10.914092
3,19,12,34.252707,16.501245
3,19,13,45.494898,13.827530
3,19,14,81.271834,34.805280
3,19,15,38.969031,13.997743
3,19,16,52.407526,19.843034
3,19,17,39.156052,14.139542
3,19,18,55.655788,20.230612
3,19,19,47.100971,17.270577
3,19,20,58.590519,24.084640
3,19,21,63.578202,26.607217
3,19,22,50.616557,24.446390
3,19,23,42.241385,21.112494
3,19,24,117.889102,47.628453
3,19,25,150.371357,50.648068
3,19,26,36.605774,15.555589
3,19,27,37.284105,11.859939
3,19,28,43.220652,13.195792
3,19,29,73.441460,28.705170
3,19,30,119.370606,41.692556
3,19,31,93.757175,43.200386
3,19,32,140.075375,43.161147
3,19,33,45.777503,22.176905
3,20,2,51.809833,15.965465
3,20,3,56.998598,21.856841
3,20,4,81.967263,33.891401
3,20,5,35.020694,11.583209
3,20,6,49.828629,20.588305
3,20,7,158.865120,65.906986
3,20,8,143.411336,71.679919
3,20,9,30.408196,12.964490
3,20,10,35.684435,14.018072
3,20,11,23.433575,8.434491
3,20,12,43.851423,13.612883
3,20,13,41.568522,17.623169
3,20,14,78.665896,31.077381
3,20,15,49.843226,24.663090
3,20,16,40.801455,18.693613
3,20,17,33.476378,12.764227
3,20,18,58.366500,27.695988
3,20,19,48.193693,14.633982
3,20,20,53.645865,22.016170
3,20,21,58.891876,27.108809
3,20,22,60.823314,19.891556
3,20,23,56.481846,18.943463
3,20,24,154.121474,70.504054
3,20,25,137.699305,51.359421
3,20,26,37.925507,14.219543
3,20,27,47.537874,16.552780
3,20,28,35.561575,15.991169
3,20,29,59.390799,19.637382
3,20,30,120.503591,45.257479
3,20,31,74.201599,32.568051
3,20,32,158.416063,53.701462
3,20,33,40.958472,14.815253
3,21,2,68.206368,28.500434
3,21,3,56.539474,27.686598
3,21,4,73.295568,28.006908
3,21,5,34.783049,12.822335
3,21,6,39.410444,19.139110
3,21,7,125.153675,59.062350
3,21,8,145.775857,48.019131
3,21,9,35.620156,17.162152
3,21,10,39.922277,16.514118
3,21,11,29.942552,11.843624
3,21,12,36.785886,15.593892
3,21,13,39.682211,18.709334
3,21,14,80.290343,26.779814
3,21,15,38.157279,13.618379
3,21,16,37.847515,12.648997
3,21,17,34.436952,17.179942
3,21,18,59.672132,18.288508
3,21,19,54.703421,22.574735
3,21,20,66.377590,26.327171
3,21,21,55.974568,26.735064
3,21,22,62.149299,26.949944
3,21,23,63.691640,27.174555
3,21,24,132.368460,58.733977
3,21,25,107.942838,46.948289
3,21,26,40.919909,17.383614
3,21,27,34.996315,14.603958
3,21,28,36.579377,16.033700
3,21,29,71.149202,32.159939
3,21,30,126.543532,54.355867
3,21,31,99.135429,44.980318
3,21,32,150.444925,58.096958
3,21,33,32.716173,10.632671
3,22,2,49.503378,23.386334
3,22,3,53.849857,20.837177
3,22,4,73.904252,25.328973
3,22,5,34.846126,10.866868
3,22,6,40.540896,12.204237
3,22,7,125.162689,38.571794
3,22,8,121.629079,44.483941
3,22,9,36.022931,14.237907
3,22,10,36.097258,13.595046
3,22,11,24.189209,10.661942
3,22,12,35.141849,17.257175
3,22,13,41.241093,14.513558
3,22,14,66.782942,32.006504
3,22,15,33.191327,13.499600
3,22,16,40.121336,17.263140
3,22,17,36.247813,17.878707
3,22,18,63.248955,26.008841
3,22,19,61.542016,18.639460
3,22,20,52.432530,25.850581
3,22,21,45.240748,14.304376
3,22,22,53.818912,19.515398
3,22,23,55.040711,24.432279
3,22,24,116.508221,41.332111
3,22,25,134.889545,57.144138
3,22,26,38.209743,14.292290
3,22,27,38.206125,17.383923
3,22,28,40.255922,15.998074
3,22,29,66.504446,24.626015
3,22,30,130.832978,49.718338
3,22,31,65.452496,26.345623
3,22,32,110.003516,40.406064
3,22,33,33.774668,16.028029
3,23,2,76.110829,37.437255
3,23,3,47.291474,16.150171
3,23,4,84.599317,39.047138
3,23,5,41.711934,20.100344
3,23,6,43.622273,19.686634
3,23,7,132.564034,44.665117
3,23,8,128.408026,57.595847
3,23,9,33.686525,10.848021
3,23,10,38.938627,15.473867
3,23,11,28.072644,10.668482
3,23,12,41.052522,13.744645
3,23,13,45.666468,22.596787
3,23,14,78.118617,37.592719
3,23,15,39.151211,18.340047
3,23,16,37.363886,14.631246
3,23,17,37.548783,16.148026
3,23,18,49.719155,19.073068
3,23,19,58.645127,25.383261
3,23,20,57.696400,19.567300
3,23,21,48.105500,21.201320
3,23,22,57.598504,24.115566
3,23,23,55.488637,25.915640
3,23,24,125.342539,49.304371
3,23,25,138.468963,59.999866
3,23,26,34.240392,10.326352
3,23,27,34.739920,12.476408
3,23,28,35.046574,10.802723
3,23,29,73.622564,29.067444
3,23,30,134.486512,50.984756
3,23,31,95.329429,31.482444
3,23,32,134.631446,47.630281
3,23,33,36.508074,13.113362
3,24,2,72.079756,33.945572
3,24,3,60.651627,29.389460
3,24,4,77.032823,29.113719
3,24,5,40.285321,18.989983
3,24,6,44.929593,15.206218
3,24,7,171.505047,74.109349
3,24,8,120.337434,57.374240
3,24,9,36.808738,14.845012
3,24,10,28.971901,14.264156
3,24,11,28.828752,9.615776
3,24,12,43.498883,15.780764
3,24,13,42.029420,16.378625
3,24,14,85.981044,42.740682
3,24,15,43.988647,18.458942
3,24,16,41.640876,16.845714
3,24,17,39.527273,16.479248
3,24,18,57.188443,18.870819
3,24,19,51.236306,19.862246
3,24,20,68.566271,30.064665
3,24,21,53.619471,25.825571
3,24,22,59.359899,29.051395
3,24,23,76.616544,34.016722
3,24,24,127.924925,55.824238
3,24,25,121.354298,53.193464
3,24,26,36.817572,13.531052
3,24,27,35.666623,16.949765
3,24,28,40.015317,15.569315
3,24,29,73.899372,25.830996
3,24,30,127.056053,53.727452
3,24,31,94.614767,40.071899
3,24,32,126.063486,51.283199
3,24,33,34.423159,16.046280
4,1,2,49.255138,19.253931
4,1,3,53.743756,24.199730
4,1,4,62.187995,28.159380
4,1,5,28.474818,10.944441
4,1,6,32.703641,15.760150
4,1,7,101.952726,36.911224
4,1,8,91.928575,35.401668
4,1,9,29.967925,11.488094
4,1,10,30.140709,10.161652
4,1,11,24.376764,9.681327
4,1,12,29.094095,11.071699
4,1,13,30.021135,11.628647
4,1,14,60.278967,27.099792
4,1,15,26.532317,8.304515
4,1,16,33.153815,11.478478
4,1,17,24.434196,7.968226
4,1,18,42.453566,20.544365
4,1,19,49.207384,24.240758
4,1,20,44.961126,16.174028
4,1,21,44.656918,19.332150
4,1,22,40.786568,12.823110
4,1,23,42.276592,13.600630
4,1,24,100.396731,49.501197
4,1,25,109.229584,54.221726
4,1,26,27.111999,11.331072
4,1,27,27.772340,10.453035
4,1,28,31.844957,12.783784
4,1,29,62.500533,21.870357
4,1,30,96.697580,31.779438
4,1,31,86.458501,36.920214
4,1,32,120.279804,42.179506
4,1,33,28.860658,10.371505
4,2,2,86.800572,28.570732
4,2,3,68.635311,29.805186
4,2,4,87.245080,38.767475
4,2,5,56.021407,21.528984
4,2,6,47.727520,15.417904
4,2,7,152.608850,50.690076
4,2,8,142.676563,52.771982
4,2,9,46.783208,15.944035
4,2,10,46.659604,18.850541
4,2,11,32.617426,12.359800
4,2,12,45.109529,18.289052
4,2,13,53.033451,17.582864
4,2,14,76.054948,35.665694
4,2,15,42.143046,19.713799
4,2,16,49.444720,23.772389
4,2,17,39.069575,13.565813
4,2,18,65.297474,30.302958
4,2,19,68.695089,22.109943
4,2,20,79.249171,27.631166
4,2,21,60.935630,18.979994
4,2,22,65.689865,28.955614
4,2,23,74.766025,30.100213
4,2,24,204.336399,83.399916
4,2,25,157.627769,72.875686
4,2,26,50.295604,24.313826
4,2,27,58.326779,25.134358
4,2,28,47.713868,19.647924
4,2,29,64.379000,23.034200
4,2,30,168.982068,52.749639
4,2,31,116.454976,57.892699
4,2,32,155.374576,61.287561
4,2,33,57.352496,19.507457
4,3,2,40.464217,14.773113
4,3,3,39.337717,13.929006
4,3,4,54.523107,25.739945
4,3,5,32.733511,14.049099
4,3,6,30.873094,11.298248
4,3,7,83.008757,34.903395
4,3,8,92.194452,32.813222
4,3,9,30.761610,13.797319
4,3,10,35.073100,16.802381
4,3,11,23.214905,11.211713
4,3,12,30.266813,14.100601
4,3,13,30.464594,13.719973
4,3,14,59.863992,20.914655
4,3,15,27.333362,11.882729
4,3,16,30.568204,9.377570
4,3,17,25.171623,11.542210
4,3,18,38.820151,14.249603
4,3,19,45.959329,17.783318
4,3,20,38.147208,14.811654
4,3,21,39.837393,15.803255
4,3,22,38.058670,14.367419
4,3,23,45.261606,17.072743
4,3,24,107.107651,35.472455
4,3,25,95.755689,37.962396
4,3,26,32.333794,13.032504
4,3,27,23.215429,8.395972
4,3,28,36.171424,12.402871
4,3,29,47.034348,17.933685
4,3,30,85.407524,38.490274
4,3,31,65.680129,26.530762
4,3,32,106.254278,40.435602
4,3,33,27.304590,12.608860
4,4,2,50.118176,21.731597
4,4,3,50.956413,15.723978
4,4,4,50.482886,24.340263
4,4,5,34.216948,14.627614
4,4,6,24.524578,11.508403
4,4,7,90.206899,35.047364
4,4,8,102.938873,35.609546
4,4,9,24.579756,10.692759
4,4,10,31.681302,13.524643
4,4,11,25.254965,12.020780
4,4,12,21.088362,6.771228
4,4,13,25.502578,12.172032
4,4,14,52.674704,23.997989
4,4,15,25.714633,10.734271
4,4,16,25.569445,9.726710
4,4,17,34.784859,12.057577
4,4,18,50.893889,18.023436
4,4,19,43.186753,15.493496
4,4,20,51.481343,22.405854
4,4,21,38.562361,17.290089
4,4,22,33.352743,11.227180
4,4,23,49.674923,21.902010
4,4,24,99.733140,48.877799
4,4,25,103.675580,38.966273
4,4,26,28.137655,10.028948
4,4,27,25.661914,12.516443
4,4,28,32.367406,11.553782
4,4,29,64.634586,28.516842
4,4,30,112.458636,49.550025
4,4,31,87.215083,30.246723
4,4,32,118.695482,43.022044
4,4,33,24.707136,8.633427
4,5,2,53.636470,24.733571
4,5,3,51.752209,23.783916
4,5,4,57.675594,19.023963
4,5,5,32.708686,12.583654
4,5,6,35.277886,16.227673
4,5,7,105.991273,43.489067
4,5,8,116.357062,45.580585
4,5,9,39.820095,13.799574
4,5,10,26.375720,12.554277
4,5,11,28.494321,10.138273
4,5,12,29.198418,13.816382
4,5,13,34.593166,11.644527
4,5,14,62.397496,23.450148
4,5,15,29.452740,12.126676
4,5,16,32.787188,15.846438
4,5,17,27.449834,10.162176
4,5,18,48.862039,16.524524
4,5,19,48.359798,16.037420
4,5,20,44.633143,15.483217
4,5,21,43.680112,15.235657
4,5,22,45.936120,21.974748
4,5,23,42.556241,20.133839
4,5,24,103.888510,47.498842
4,5,25,136.487499,42.292098
4,5,26,33.547832,13.816967
4,5,27,28.831201,9.891102
4,5,28,29.308478,11.841327
4,5,29,67.900985,23.816096
4,5,30,115.819928,52.972884
4,5,31,65.084836,25.698446
4,5,32,107.428335,42.976336
4,5,33,39.690399,12.504547
4,6,2,58.538145,22.845482
4,6,3,44.353308,16.826999
4,6,4,66.844268,29.967830
4,6,5,29.667655,13.384652
4,6,6,39.982077,13.949398
4,6,7,131.777609,42.326954
4,6,8,116.315685,45.882539
4,6,9,37.229182,18.185337
4,6,10,43.666819,18.512130
4,6,11,23.069178,10.112563
4,6,12,38.013755,17.225788
4,6,13,35.019229,13.870806
4,6,14,76.537429,26.298187
4,6,15,42.203395,13.024484
4,6,16,35.503008,15.579926
4,6,17,37.453374,11.257889
4,6,18,55.648906,22.230806
4,6,19,59.252816,27.571122
4,6,20,45.938328,21.803856
4,6,21,61.124223,27.226986
4,6,22,50.243117,17.500943
4,6,23,57.966416,24.785898
4,6,24,97.217179,38.315247
4,6,25,131.530464,51.282700
4,6,26,34.938438,17.355572
4,6,27,30.878760,12.071806
4,6,28,36.549847,15.691250
4,6,29,71.769073,30.818771
4,6,30,110.289603,42.414569
4,6,31,91.623073,31.331706
4,6,32,143.425817,69.907480
4,6,33,39.058084,15.858731
4,7,2,52.332214,21.640166
4,7,3,58.477742,28.317836
4,7,4,66.833462,33.240503
4,7,5,34.085819,13.055066
4,7,6,32.613362,13.240850
4,7,7,127.456013,63.030622
4,7,8,115.205156,40.515602
4,7,9,38.820438,17.192300
4,7,10,33.089424,12.204678
4,7,11,30.846114,11.803235
4,7,12,38.976048,16.356384
4,7,13,37.818635,11.988823
4,7,14,58.369708,21.068024
4,7,15,40.994747,13.009587
4,7,16,36.341502,15.011358
4,7,17,37.895066,11.998050
4,7,18,53.611350,24.953680
4,7,19,49.937463,17.821293
4,7,20,55.900203,25.634406
4,7,21,54.220217,20.699905
4,7,22,53.638325,17.665753
4,7,23,59.951256,21.522645
4,7,24,127.284914,57.863740
4,7,25,122.691776,50.617099
4,7,26,32.475102,10.706269
4,7,27,39.280151,16.068597
4,7,28,38.325855,13.478260
4,7,29,84.915767,35.417087
4,7,30,133.516064,49.462853
4,7,31,72.176968,23.807819
4,7,32,119.901857,42.960893
4,7,33,35.589271,17.159131
4,8,2,65.651412,23.318628
4,8,3,53.518901,18.132298
4,8,4,79.902769,35.181302
4,8,5,38.808359,15.270189
4,8,6,38.734301,13.293779
4,8,7,140.300842,57.947244
4,8,8,118.371386,55.573727
4,8,9,36.826846,15.772548
4,8,10,41.266251,16.263704
4,8,11,26.292279,8.275737
4,8,12,30.456926,13.319612
4,8,13,29.223734,12.543031
4,8,14,70.137576,29.304924
4,8,15,38.314471,15.013000
4,8,16,42.698575,19.372501
4,8,17,33.616443,15.971643
4,8,18,55.679166,27.698182
4,8,19,61.572234,18.952414
4,8,20,55.525166,23.397436
4,8,21,66.539695,29.901296
4,8,22,45.499812,17.033964
4,8,23,60.539079,30.029385
4,8,24,150.478361,52.032046
4,8,25,128.759563,61.457333
4,8,26,36.224941,13.742996
4,8,27,29.534691,10.438646
4,8,28,32.726688,13.844506
4,8,29,90.311112,30.926107
4,8,30,113.784824,45.116233
4,8,31,98.459878,43.906688
4,8,32,116.492318,39.462867
4,8,33,30.172619,9.966931
4,9,2,56.899464,22.697132
4,9,3,56.810785,21.828422
4,9,4,76.992213,37.465718
4,9,5,36.806907,11.948891
4,9,6,43.337358,20.311710
4,9,7,90.325017,41.892568
4,9,8,122.356394,51.564628
4,9,9,33.939417,12.226354
4,9,10,31.244732,14.918393
4,9,11,23.215502,9.365558
4,9,12,37.846572,14.518645
4,9,13,32.906457,11.857957
4,9,14,63.846165,30.049231
4,9,15,35.352090,16.497243
4,9,16,36.758946,16.964869
4,9,17,35.204349,11.526050
4,9,18,48.668531,23.836376
4,9,19,55.240739,20.818606
4,9,20,64.600210,26.112702
4,9,21,53.105373,20.927477
4,9,22,46.573237,14.162114
4,9,23,57.662488,23.508044
4,9,24,125.069584,62.486639
4,9,25,143.735559,58.198812
4,9,26,35.386487,17.008853
4,9,27,41.610554,15.101419
4,9,28,37.508530,17.020642
4,9,29,67.996703,25.385973
4,9,30,128.665587,49.336703
4,9,31,109.071820,41.098563
4,9,32,137.197836,64.959323
4,9,33,33.131069,12.371065
4,10,2,58.797887,23.051149
4,10,3,50.135558,18.166486
4,10,4,83.808323,28.617418
4,10,5,37.080329,15.702594
4,10,6,35.279307,10.997083
4,10,7,116.270072,43.027929
4,10,8,117.001620,53.109257
4,10,9,41.321057,14.817366
4,10,10,35.166944,16.000296
4,10,11,25.075848,8.556148
4,10,12,32.840653,11.388945
4,10,13,32.109880,11.640890
4,10,14,67.944624,32.033955
4,10,15,33.684001,12.015740
4,10,16,42.197254,16.890629
4,10,17,36.633597,15.624572
4,10,18,63.232470,20.607277
4,10,19,51.469133,18.745063
4,10,20,70.389656,34.255306
4,10,21,50.111304,16.759348
4,10,22,62.653756,29.017073
4,10,23,63.429222,20.673796
4,10,24,119.315389,44.870271
4,10,25,152.539114,66.901692
4,10,26,41.271749,16.176072
4,10,27,32.489909,13.342211
4,10,28,34.286680,13.380974
4,10,29,83.925223,27.424506
4,10,30,133.448218,53.903575
4,10,31,82.215291,28.573024
4,10,32,107.149635,40.473253
4,10,33,33.615292,14.358209
4,11,2,60.334315,23.641890
4,11,3,49.964230,23.436757
4,11,4,70.866037,29.078635
4,11,5,43.294621,16.833332
4,11,6,41.109047,15.736231
4,11,7,109.531406,45.539470
4,11,8,97.193792,29.797827
4,11,9,32.182487,14.546342
4,11,10,36.830070,16.126875
4,11,11,23.376578,7.479061
4,11,12,35.763632,11.559564
4,11,13,42.149858,12.748656
4,11,14,65.831992,21.871477
4,11,15,41.728869,19.728775
4,11,16,39.536384,17.313012
4,11,17,38.665981,16.646806
4,11,18,41.001618,19.207951
4,11,19,46.407880,21.938986
4,11,20,45.217503,18.656637
4,11,21,45.513631,15.964267
4,11,22,41.905639,20.273002
4,11,23,64.894984,30.386568
4,11,24,161.829144,72.332686
4,11,25,125.032470,38.201690
4,11,26,36.241138,17.182372
4,11,27,42.286453,15.350832
4,11,28,29.570644,11.924145
4,11,29,60.236775,20.714420
4,11,30,112.961258,49.861046
4,11,31,78.105524,31.299393
4,11,32,123.188346,45.093470
4,11,33,32.173062,11.278702
4,12,2,64.123980,31.611228
4,12,3,51.266742,19.281330
4,12,4,62.575361,30.051132
4,12,5,26.606203,8.493140
4,12,6,39.691798,15.724769
4,12,7,144.796840,51.923921
4,12,8,136.735409,46.512989
4,12,9,26.201095,8.525156
4,12,10,31.924612,12.281160
4,12,11,25.850176,10.193530
4,12,12,38.439295,14.142567
4,12,13,49.375336,20.902423
4,12,14,72.718538,30.103285
4,12,15,35.795812,12.996440
4,12,16,32.107797,12.066255
4,12,17,36.591436,16.188889
4,12,18,53.417184,24.156152
4,12,19,64.802964,30.914325
4,12,20,50.444948,22.891701
4,12,21,49.113656,19.550769
4,12,22,56.481044,22.650329
4,12,23,54.723677,20.054946
4,12,24,126.750235,48.762463
4,12,25,116.512079,50.875873
4,12,26,34.645126,15.985157
4,12,27,28.917000,12.582452
4,12,28,35.128171,17.548915
4,12,29,73.399119,29.887060
4,12,30,139.084597,64.014396
4,12,31,98.593711,45.907037
4,12,32,131.395028,53.979488
4,12,33,37.662927,15.042714
4,13,2,62.416682,24.276874
4,13,3,46.487106,18.206100
4,13,4,74.065700,24.673626
4,13,5,34.826178,15.898012
4,13,6,31.599118,10.384691
4,13,7,141.606879,49.262899
4,13,8,105.415789,31.760967
4,13,9,42.507682,17.796796
4,13,10,44.069357,20.461769
4,13,11,22.982335,10.813035
4,13,12,43.047327,19.404631
4,13,13,30.919148,10.498034
4,13,14,85.795732,27.205367
4,13,15,39.437547,15.697778
4,13,16,37.700137,14.123681
4,13,17,38.151668,16.050714
4,13,18,58.911085,29.066619
4,13,19,61.930301,29.979354
4,13,20,49.776903,19.553843
4,13,21,47.248482,19.463463
4,13,22,46.964624,15.970384
4,13,23,49.992333,21.526132
4,13,24,168.001115,68.165379
4,13,25,107.591952,38.287902
4,13,26,42.307741,19.464610
4,13,27,35.480448,16.147883
4,13,28,37.187871,12.504732
4,13,29,82.004249,26.128302
4,13,30,102.217962,36.861664
4,13,31,85.952981,28.146591
4,13,32,114.492139,49.498051
4,13,33,37.631279,16.079186
4,14,2,63.783830,26.628099
4,14,3,59.222570,22.442452
4,14,4,59.381607,23.106301
4,14,5,33.686941,12.781703
4,14,6,36.063712,17.719995
4,14,7,120.818961,46.171289
4,14,8,139.999680,49.794799
4,14,9,37.499399,16.565696
4,14,10,38.908547,12.985083
4,14,11,30.668776,12.086575
4,14,12,33.015401,13.872449
4,14,13,39.690692,14.638501
4,14,14,74.056798,30.486370
4,14,15,35.187429,16.454332
4,14,16,35.622387,13.735677
4,14,17,37.426264,11.324462
4,14,18,60.572525,29.489806
4,14,19,48.944669,20.838825
4,14,20,60.176402,29.922947
4,14,21,54.292479,23.228287
4,14,22,56.001635,17.403629
4,14,23,49.318219,20.799649
4,14,24,162.356215,69.728945
4,14,25,148.586241,45.163646
4,14,26,40.167719,19.236851
4,14,27,35.165517,12.565691
4,14,28,37.184202,15.213287
4,14,29,88.369326,43.283673
4,14,30,171.157569,63.039695
4,14,31,95.915908,45.367584
4,14,32,160.031838,58.047121
4,14,33,45.306870,21.746259
4,15,2,67.234676,27.531603
4,15,3,61.061177,30.213971
4,15,4,89.306382,32.852810
4,15,5,40.468377,17.574298
4,15,6,34.223981,12.594726
4,15,7,124.752011,50.971982
4,15,8,129.526483,63.568194
4,15,9,29.787866,9.663762
4,15,10,38.358410,13.928578
4,15,11,29.064195,11.908343
4,15,12,28.159958,9.091522
4,15,13,38.958224,13.902256
4,15,14,79.442933,24.022505
4,15,15,33.604173,11.821724
4,15,16,39.875455,15.739763
4,15,17,37.330989,15.971733
4,15,18,59.058665,25.888078
4,15,19,47.736859,16.501220
4,15,20,46.644403,18.624259
4,15,21,52.367934,21.374922
4,15,22,62.905298,29.180921
4,15,23,50.876052,20.057533
4,15,24,121.858340,49.212637
4,15,25,150.675248,64.663199
4,15,26,33.151776,11.038443
4,15,27,46.884100,20.699359
4,15,28,35.682877,15.005736
4,15,29,79.199725,35.697613
4,15,30,109.105315,34.342572
4,15,31,89.133455,39.643286
4,15,32,122.328904,47.763295
4,15,33,37.461462,13.911757
4,16,2,53.285291,17.367612
4,16,3,50.326107,20.051512
4,16,4,73.135364,36.522896
4,16,5,29.162912,13.491085
4,16,6,31.230123,9.745648
4,16,7,145.071260,49.515698
4,16,8,114.466916,45.466384
4,16,9,42.057248,16.624783
4,16,10,38.767286,14.066837
4,16,11,29.196585,12.894992
4,16,12,39.380984,14.619197
4,16,13,32.897176,10.452713
4,16,14,75.557494,34.802757
4,16,15,35.004065,10.641613
4,16,16,28.366169,10.482120
4,16,17,37.692530,16.478180
4,16,18,59.565186,21.808644
4,16,19,51.142756,21.444239
4,16,20,49.510601,16.552992
4,16,21,53.627739,17.439649
4,16,22,54.834098,26.468478
4,16,23,58.449328,22.570633
4,16,24,142.659241,64.294999
4,16,25,161.980326,52.859016
4,16,26,43.605672,17.767404
4,16,27,42.473899,20.861944
4,16,28,45.561884,22.780942
4,16,29,74.173673,34.670485
4,16,30,130.300204,61.538894
4,16,31,80.722763,27.037380
4,16,32,122.679711,51.254769
4,16,33,39.266804,14.033522
4,17,2,88.641728,27.561436
4,17,3,55.555164,25.710226
4,17,4,62.292081,24.508961
4,17,5,42.902547,15.837598
4,17,6,29.936662,13.994664
4,17,7,124.630317,59.069682
4,17,8,112.187184,37.997750
4,17,9,35.186763,15.577915
4,17,10,33.116537,11.369780
4,17,11,32.039169,13.604687
4,17,12,39.527617,17.161886
4,17,13,37.380071,15.829898
4,17,14,80.304281,32.957758
4,17,15,43.027949,19.307591
4,17,16,39.781324,12.039057
4,17,17,40.246313,16.380592
4,17,18,63.880240,21.703012
4,17,19,43.770472,16.718915
4,17,20,48.886795,24.113783
4,17,21,43.094511,17.761506
4,17,22,63.761924,28.706475
4,17,23,53.133917,25.764574
4,17,24,142.702812,64.548984
4,17,25,132.225809,56.714440
4,17,26,40.392069,17.657327
4,17,27,38.577547,14.221375
4,17,28,35.280069,11.183459
4,17,29,73.890021,25.091250
4,17,30,120.614054,59.284299
4,17,31,84.405058,33.459010
4,17,32,159.348349,47.938310
4,17,33,33.802340,15.568130
4,18,2,63.573114,25.005873
4,18,3,57.759658,23.130409
4,18,4,75.840943,30.413990
4,18,5,45.680402,21.976637
4,18,6,38.053974,13.592666
4,18,7,115.173956,39.272997
4,18,8,104.686692,46.272874
4,18,9,36.249137,14.360179
4,18,10,45.292248,13.797646
4,18,11,26.493807,10.473308
4,18,12,37.222476,14.325059
4,18,13,39.517807,17.714114
4,18,14,81.271908,26.104384
4,18,15,37.746628,17.630222
4,18,16,35.073880,12.516010
4,18,17,40.776014,18.173518
4,18,18,47.325018,16.730420
4,18,19,57.481630,18.613080
4,18,20,59.009962,18.907196
4,18,21,43.320470,17.121996
4,18,22,65.023863,31.483374
4,18,23,55.229435,20.242988
4,18,24,142.096692,55.834462
4,18,25,123.770101,59.904848
4,18,26,44.099166,14.682047
4,18,27,43.313251,13.756080
4,18,28,31.385341,15.389510
4,18,29,77.883147,34.826880
4,18,30,118.979151,52.211697
4,18,31,79.421943,28.197999
4,18,32,133.589479,45.628208
4,18,33,45.157693,21.774635
4,19,2,69.295851,20.874088
4,19,3,50.797989,16.110382
4,19,4,76.809084,31.973597
4,19,5,38.535198,12.758855
4,19,6,33.619249,15.993319
4,19,7,115.488335,51.468008
4,19,8,109.665714,33.550293
4,19,9,42.566581,13.286200
4,19,10,41.304222,12.526129
4,19,11,27.454469,11.141343
4,19,12,39.562326,15.636294
4,19,13,33.311986,15.241161
4,19,14,74.818619,29.375857
4,19,15,38.416179,14.480481
4,19,16,44.503568,15.797094
4,19,17,37.637713,11.606343
4,19,18,57.619426,20.993240
4,19,19,54.055135,25.850466
4,19,20,62.800362,19.584904
4,19,21,58.017735,19.465534
4,19,22,61.885189,28.655243
4,19,23,62.673821,30.744116
4,19,24,136.358202,55.871823
4,19,25,162.279460,62.037235
4,19,26,32.091274,13.152516
4,19,27,44.032817,18.715374
4,19,28,37.039762,16.027208
4,19,29,82.073666,25.801417
4,19,30,128.875689,49.128515
4,19,31,105.401974,42.358538
4,19,32,126.431317,55.373143
4,19,33,34.670432,16.611081
4,20,2,78.353373,29.802350
4,20,3,56.417438,24.191768
4,20,4,63.774398,25.447847
4,20,5,37.348042,18.028581
4,20,6,28.769288,10.115150
4,20,7,113.903675,38.700426
4,20,8,121.548819,45.330495
4,20,9,45.912416,20.476684
4,20,10,36.383374,11.707981
4,20,11,27.249643,8.653277
4,20,12,45.526218,18.912185
4,20,13,41.363046,15.045805
4,20,14,86.261942,41.715424
4,20,15,45.077339,20.566492
4,20,16,41.172722,19.871609
4,20,17,35.372349,15.718794
4,20,18,52.250197,25.471892
4,20,19,63.343071,30.975270
4,20,20,57.013897,18.554520
4,20,21,65.702112,25.216989
4,20,22,60.642271,28.821204
4,20,23,53.918757,24.523665
4,20,24,116.972620,36.130234
4,20,25,150.132375,64.735069
4,20,26,40.018830,16.729542
4,20,27,37.667819,17.940792
4,20,28,35.982603,15.680930
4,20,29,73.105277,28.857196
4,20,30,143.101132,47.410616
4,20,31,101.066124,33.111769
4,20,32,149.612217,65.298338
4,20,33,32.770130,10.598137
4,21,2,68.442108,30.295022
4,21,3,60.459663,18.271018
4,21,4,80.036583,27.673389
4,21,5,36.204931,14.795033
4,21,6,33.109878,15.971392
4,21,7,114.165169,39.991044
4,21,8,134.153080,60.324008
4,21,9,41.187912,20.365111
4,21,10,32.403772,9.821786
4,21,11,32.167271,10.562818
4,21,12,33.613252,10.298706
4,21,13,49.620123,20.007825
4,21,14,84.303091,41.980526
4,21,15,39.921113,18.433700
4,21,16,39.284280,12.648409
4,21,17,35.543136,16.560037
4,21,18,58.327788,24.285157
4,21,19,57.046121,23.837031
4,21,20,54.049802,22.217184
4,21,21,77.297700,30.137899
4,21,22,55.817775,20.792708
4,21,23,62.960577,29.284847
4,21,24,135.847733,53.961858
4,21,25,137.892733,61.546118
4,21,26,36.247612,14.710370
4,21,27,31.485543,9.926701
4,21,28,33.736537,12.773258
4,21,29,94.558610,40.609424
4,21,30,152.486288,46.238739
4,21,31,93.693045,30.940787
4,21,32,141.532640,70.420420
4,21,33,38.370838,17.525485
4,22,2,52.930865,25.266211
4,22,3,65.805212,20.574371
4,22,4,81.174356,35.200541
4,22,5,34.719433,12.516410
4,22,6,33.033389,10.778135
4,22,7,121.827858,49.339896
4,22,8,144.533038,65.510558
4,22,9,49.648462,21.795778
4,22,10,32.817059,10.752988
4,22,11,28.709903,10.277965
4,22,12,36.484293,17.229965
4,22,13,46.262853,19.332990
4,22,14,75.983026,36.150020
4,22,15,39.174612,14.170608
4,22,16,40.211053,14.461483
4,22,17,39.401514,17.820230
4,22,18,64.347704,27.863348
4,22,19,47.896311,18.213127
4,22,20,59.079048,22.749461
4,22,21,68.997835,30.391203
4,22,22,64.201902,29.646182
4,22,23,60.827829,23.331759
4,22,24,133.567830,43.705184
4,22,25,163.045292,80.268684
4,22,26,46.688673,15.570209
4,22,27,39.438253,13.895081
4,22,28,37.921982,17.448273
4,22,29,75.921917,25.283175
4,22,30,108.807438,54.242982
4,22,31,83.954815,31.750730
4,22,32,132.439144,49.921811
4,22,33,30.775975,10.412217
4,23,2,80.780949,31.376014
4,23,3,60.761369,28.457249
4,23,4,88.870670,39.566415
4,23,5,42.802425,19.499234
4,23,6,42.095014,18.587031
4,23,7,139.823495,50.351610
4,23,8,119.266871,56.565272
4,23,9,46.790857,21.050690
4,23,10,44.439729,21.936977
4,23,11,30.935358,10.449512
4,23,12,35.102708,11.143139
4,23,13,30.261125,13.182591
4,23,14,83.468775,37.032705
4,23,15,35.847637,14.204615
4,23,16,40.565790,13.775153
4,23,17,39.743290,13.050665
4,23,18,59.637369,24.953621
4,23,19,51.937835,22.303496
4,23,20,53.355147,16.226389
4,23,21,61.535218,20.478337
4,23,22,61.773450,26.872644
4,23,23,65.772515,32.660687
4,23,24,144.053635,55.151204
4,23,25,145.487692,53.240051
4,23,26,47.697556,16.791234
4,23,27,41.086247,16.925141
4,23,28,36.030337,16.127865
4,23,29,91.069348,41.414870
4,23,30,145.476089,55.951348
4,23,31,117.071982,52.267310
4,23,32,116.284136,48.627420
4,23,33,43.105523,15.378877
4,24,2,79.341873,29.855127
4,24,3,65.242733,19.752878
4,24,4,88.048458,36.605167
4,24,5,43.341935,14.163607
4,24,6,42.324545,19.753224
4,24,7,157.537809,49.011940
4,24,8,112.910423,47.060991
4,24,9,40.510884,13.699739
4,24,10,37.667662,16.327621
4,24,11,28.624072,12.482117
4,24,12,44.220307,19.421859
4,24,13,42.970339,16.500021
4,24,14,108.280362,35.544453
4,24,15,34.678694,14.011357
4,24,16,38.779289,12.767079
4,24,17,42.809055,18.877418
4,24,18,68.206332,24.453272
4,24,19,76.821838,27.529740
4,24,20,72.267331,26.861113
4,24,21,67.253665,29.089390
4,24,22,80.610220,39.476683
4,24,23,50.647333,17.722250
4,24,24,146.788115,51.842792
4,24,25,169.065846,55.015644
4,24,26,44.788870,16.554335
4,24,27,43.965565,13.378887
4,24,28,49.574738,20.999778
4,24,29,81.551182,25.081245
4,24,30,117.237662,40.849738
4,24,31,94.849931,30.876179
4,24,32,133.025161,43.537291
4,24,33,54.064716,26.908452
5,1,2,59.417955,23.867943
5,1,3,49.874904,18.874270
5,1,4,66.485222,30.743683
5,1,5,28.075634,11.287364
5,1,6,31.891408,12.021769
5,1,7,82.672969,26.591651
5,1,8,126.415935,39.340124
5,1,9,29.710782,10.884612
5,1,10,30.336288,11.250220
5,1,11,22.696683,8.415772
5,1,12,32.705628,12.203543
5,1,13,32.742919,10.773257
5,1,14,46.895380,21.981004
5,1,15,28.522896,9.183700
5,1,16,28.332219,10.783761
5,1,17,29.531011,11.390717
5,1,18,45.644342,18.102685
5,1,19,39.576507,13.024193
5,1,20,44.034132,21.839203
5,1,21,37.485031,11.573410
5,1,22,53.954553,16.559328
5,1,23,40.227614,14.124270
5,1,24,94.035002,34.811932
5,1,25,132.577855,57.514527
5,1,26,31.721728,11.534012
5,1,27,23.287161,10.145482
5,1,28,35.236813,17.214480
5,1,29,70.679146,33.117171
5,1,30,102.731200,49.108294
5,1,31,87.600447,42.953365
5,1,32,88.190566,43.086255
5,1,33,32.766898,12.487080
5,2,2,76.903814,31.965393
5,2,3,60.457887,27.255252
5,2,4,90.046690,30.348546
5,2,5,39.941434,14.401694
5,2,6,46.206553,16.192365
5,2,7,160.367447,71.895544
5,2,8,138.046712,68.370647
5,2,9,36.532954,17.858747
5,2,10,47.137896,17.426005
5,2,11,25.941545,11.769547
5,2,12,56.324713,22.844822
5,2,13,34.846996,14.711192
5,2,14,90.134789,37.372692
5,2,15,42.676484,18.075473
5,2,16,37.931745,12.654618
5,2,17,47.613811,19.068859
5,2,18,60.962623,19.379009
5,2,19,68.690405,28.583598
5,2,20,77.286374,38.390677
5,2,21,60.483172,20.508373
5,2,22,62.756224,27.173922
5,2,23,77.135500,27.150239
5,2,24,171.379721,74.355339
5,2,25,177.751181,62.102438
5,2,26,40.903732,18.832665
5,2,27,43.390955,15.857176
5,2,28,60.752163,19.719754
5,2,29,92.429396,37.607576
5,2,30,174.155744,70.511923
5,2,31,112.448863,35.593543
5,2,32,143.843850,47.257342
5,2,33,49.724453,24.433548
5,3,2,43.390076,17.646109
5,3,3,35.321964,11.164657
5,3,4,54.167160,20.595081
5,3,5,31.555660,11.585361
5,3,6,23.665303,8.285894
5,3,7,82.784620,38.995700
5,3,8,97.390859,39.052621
5,3,9,26.884562,10.527615
5,3,10,28.330704,10.364442
5,3,11,19.021853,9.508983
5,3,12,20.239873,8.784131
5,3,13,22.458799,9.982071
5,3,14,36.537900,13.897800
5,3,15,28.181055,12.675482
5,3,16,29.790107,14.179949
5,3,17,27.551855,8.283819
5,3,18,49.310170,23.035261
5,3,19,39.688897,17.964832
5,3,20,40.832793,17.071379
5,3,21,46.255324,15.715798
5,3,22,34.196514,13.459178
5,3,23,44.123815,16.677738
5,3,24,94.126956,28.523827
5,3,25,92.194543,30.137726
5,3,26,33.243285,12.713178
5,3,27,29.028153,11.541635
5,3,28,24.091126,9.709742
5,3,29,61.026706,24.136163
5,3,30,85.317680,33.810300
5,3,31,77.387482,30.802699
5,3,32,96.169397,41.160860
5,3,33,36.312045,15.101381
5,4,2,75.768613,31.076274
5,4,3,60.585039,27.045319
5,4,4,79.789767,35.910355
5,4,5,41.511449,13.195486
5,4,6,52.117660,24.835746
5,4,7,112.469968,50.079602
5,4,8,140.871781,56.482934
5,4,9,32.437345,11.490366
5,4,10,47.028667,22.049962
5,4,11,28.485241,9.871617
5,4,12,39.624170,13.084443
5,4,13,40.479656,13.045059
5,4,14,90.049089,30.446194
5,4,15,44.919190,19.575297
5,4,16,41.453814,15.727616
5,4,17,41.495759,15.507012
5,4,18,74.353871,32.237180
5,4,19,58.235216,24.711424
5,4,20,66.605467,29.232914
5,4,21,69.578326,26.603382
5,4,22,74.331234,25.894873
5,4,23,84.445402,33.366690
5,4,24,137.646495,60.001967
5,4,25,147.930808,48.851613
5,4,26,42.992999,20.010557
5,4,27,47.080666,19.795017
5,4,28,37.005449,15.329750
5,4,29,67.414608,31.855628
5,4,30,161.941369,66.946721
5,4,31,112.871247,41.165780
5,4,32,143.351944,49.608044
5,4,33,45.848673,20.458920
5,5,2,57.159062,19.557162
5,5,3,42.224162,19.870247
5,5,4,61.485268,23.468156
5,5,5,33.807915,15.215457
5,5,6,32.441814,15.784020
5,5,7,90.177397,44.302867
5,5,8,106.786171,45.378121
5,5,9,31.879307,14.331139
5,5,10,29.540178,9.026192
5,5,11,23.712022,8.529766
5,5,12,25.987485,12.655427
5,5,13,27.104112,11.549086
5,5,14,57.504218,22.121753
5,5,15,30.506997,10.182351
5,5,16,36.788390,15.366885
5,5,17,35.318127,16.806791
5,5,18,49.841824,22.747376
5,5,19,42.527445,18.705466
5,5,20,43.056188,19.444552
5,5,21,44.919649,21.432188
5,5,22,41.539632,14.118526
5,5,23,41.840599,15.639417
5,5,24,99.017587,38.808771
5,5,25,100.399293,43.528868
5,5,26,25.460660,8.899204
5,5,27,26.861348,9.022316
5,5,28,33.047955,12.421162
5,5,29,54.531076,24.727554
5,5,30,94.920254,31.413915
5,5,31,96.120146,43.667244
5,5,32,101.418456,50.335240
5,5,33,26.008919,11.345636
5,6,2,58.550032,23.300286
5,6,3,53.211494,26.117769
5,6,4,75.251867,32.899215
5,6,5,28.302705,13.244412
5,6,6,41.948111,18.057014
5,6,7,106.611501,41.579715
5,6,8,105.362602,45.388962
5,6,9,33.526680,11.376257
5,6,10,24.400600,12.170200
5,6,11,29.069195,11.190039
5,6,12,39.778465,17.845419
5,6,13,30.290062,10.977519
5,6,14,68.923084,21.547114
5,6,15,33.044646,11.668671
5,6,16,33.730011,11.396869
5,6,17,29.549248,13.861647
5,6,18,48.322435,21.890977
5,6,19,42.734166,15.251636
5,6,20,50.388465,17.775264
5,6,21,55.667843,17.172955
5,6,22,51.768374,21.388724
5,6,23,62.095504,27.186304
5,6,24,160.555323,63.480736
5,6,25,155.299734,74.544796
5,6,26,26.749583,8.966152
5,6,27,40.200285,17.509924
5,6,28,40.432357,16.683074
5,6,29,78.437185,38.840560
5,6,30,110.916577,48.478393
5,6,31,95.390561,39.151233
5,6,32,114.554637,35.868804
5,6,33,32.955628,14.013091
5,7,2,62.083218,21.372609
5,7,3,53.976855,20.265667
5,7,4,76.488265,25.638910
5,7,5,40.825430,16.698936
5,7,6,27.860487,10.569700
5,7,7,112.183890,38.104993
5,7,8,95.278745,32.823706
5,7,9,27.739603,11.668489
5,7,10,33.367580,10.825723
5,7,11,27.445288,12.860619
5,7,12,28.485426,10.178458
5,7,13,36.780062,15.971135
5,7,14,67.715272,24.703182
5,7,15,29.898238,12.296351
5,7,16,30.582531,12.894608
5,7,17,30.532327,10.826342
5,7,18,58.140782,25.197046
5,7,19,57.045112,22.727961
5,7,20,59.187897,19.080536
5,7,21,46.016949,15.746963
5,7,22,45.971511,14.342797
5,7,23,39.096093,14.521666
5,7,24,114.766209,56.747346
5,7,25,124.545861,44.441409
5,7,26,32.549390,15.388121
5,7,27,32.125086,15.133305
5,7,28,30.884168,12.213824
5,7,29,74.578401,31.576649
5,7,30,113.351438,45.510580
5,7,31,75.910725,37.714582
5,7,32,133.480454,40.523012
5,7,33,30.270677,11.070062
5,8,2,56.491014,24.473448
5,8,3,54.723992,27.203568
5,8,4,70.163216,28.261777
5,8,5,30.814606,9.425364
5,8,6,37.333339,12.370608
5,8,7,96.822344,31.771783
5,8,8,116.860969,52.811029
5,8,9,33.696627,10.493311
5,8,10,32.938320,13.975206
5,8,11,28.253016,8.952637
5,8,12,34.540936,10.544357
5,8,13,39.066812,18.528376
5,8,14,79.115285,27.463687
5,8,15,36.846746,11.403512
5,8,16,31.194636,14.379022
5,8,17,30.715878,15.182291
5,8,18,56.569639,27.912416
5,8,19,39.042775,17.298461
5,8,20,53.644547,25.963752
5,8,21,62.923681,21.107227
5,8,22,51.596090,20.880587
5,8,23,44.305724,18.120720
5,8,24,150.600869,70.910818
5,8,25,142.782520,70.086986
5,8,26,34.521665,11.435976
5,8,27,39.832160,17.890048
5,8,28,34.594453,13.070470
5,8,29,63.013446,24.000994
5,8,30,104.343424,38.983651
5,8,31,81.270274,39.401425
5,8,32,111.861149,53.927509
5,8,33,32.460609,12.596432
5,9,2,73.541842,30.210018
5,9,3,60.961139,21.887193
5,9,4,53.908734,24.429344
5,9,5,34.392824,11.311754
5,9,6,32.631458,9.889665
5,9,7,138.205371,43.294029
5,9,8,112.525451,38.024314
5,9,9,36.680875,13.808372
5,9,10,32.822474,15.293929
5,9,11,25.300651,10.267779
5,9,12,30.035061,12.925778
5,9,13,31.933405,15.965779
5,9,14,65.646985,22.648741
5,9,15,30.704237,14.075143
5,9,16,38.631227,16.888872
5,9,17,32.695825,15.699216
5,9,18,49.415852,17.142720
5,9,19,44.011407,16.911602
5,9,20,50.708895,20.515671
5,9,21,50.252754,19.009501
5,9,22,52.609070,25.413922
5,9,23,54.646073,22.585863
5,9,24,116.141418,45.113380
5,9,25,117.547722,51.843090
5,9,26,36.479278,11.600233
5,9,27,37.515183,17.092107
5,9,28,37.832717,17.729162
5,9,29,57.121465,26.554311
5,9,30,140.836225,58.558239
5,9,31,75.314530,31.512910
5,9,32,120.965581,51.738435
5,9,33,38.751470,13.047912
5,10,2,60.303243,24.344122
5,10,3,47.647326,16.470523
5,10,4,82.653445,40.632176
5,10,5,43.361295,17.175311
5,10,6,29.103056,13.165010
5,10,7,117.450363,56.489335
5,10,8,115.044918,36.478069
5,10,9,33.838895,16.739780
5,10,10,33.715363,14.462609
5,10,11,27.617120,8.840827
5,10,12,35.709577,17.852220
5,10,13,34.699976,15.921506
5,10,14,76.159998,33.145346
5,10,15,33.278055,14.836215
5,10,16,30.328635,12.547252
5,10,17,32.257152,9.817596
5,10,18,45.286947,17.241951
5,10,19,52.770861,23.539546
5,10,20,41.255555,19.839455
5,10,21,56.869646,23.065789
5,10,22,60.493998,24.697112
5,10,23,49.338544,24.572723
5,10,24,147.530118,54.671618
5,10,25,144.565829,52.600749
5,10,26,39.185240,14.391264
5,10,27,39.162258,13.033800
5,10,28,47.895768,17.984517
5,10,29,69.609921,27.697533
5,10,30,87.630316,37.216595
5,10,31,90.093820,27.876577
5,10,32,119.766460,42.234659
5,10,33,34.215335,14.064631
5,11,2,46.726251,15.315552
5,11,3,49.968379,19.660732
5,11,4,61.290159,23.775171
5,11,5,26.438446,10.171572
5,11,6,35.369761,12.614969
5,11,7,116.781107,44.132542
5,11,8,113.814647,53.251149
5,11,9,32.437349,15.654237
5,11,10,32.358420,13.672546
5,11,11,25.256346,12.009589
5,11,12,31.644604,11.145494
5,11,13,36.576110,16.666256
5,11,14,69.869800,23.532624
5,11,15,43.635716,20.909727
5,11,16,28.574788,11.477490
5,11,17,40.358968,12.936195
5,11,18,45.560501,15.490026
5,11,19,55.292556,18.326787
5,11,20,58.986034,18.917861
5,11,21,54.581977,25.956758
5,11,22,49.566794,18.219925
5,11,23,49.807065,23.920214
5,11,24,113.059295,42.644008
5,11,25,134.713414,52.782604
5,11,26,32.233737,11.950223
5,11,27,37.487115,17.382596
5,11,28,41.065680,18.671614
5,11,29,68.318142,32.162085
5,11,30,133.102969,60.130007
5,11,31,109.138139,53.391111
5,11,32,130.834729,41.805307
5,11,33,38.333186,14.628128
5,12,2,53.108664,19.993230
5,12,3,51.605240,19.096588
5,12,4,90.062206,43.051227
5,12,5,35.940059,17.144823
5,12,6,26.023356,12.953040
5,12,7,135.681680,42.471055
5,12,8,99.324960,46.021551
5,12,9,40.726360,14.664278
5,12,10,37.477712,11.326693
5,12,11,30.366477,10.321946
5,12,12,35.865876,17.062377
5,12,13,34.461558,10.938055
5,12,14,60.686093,22.438475
5,12,15,41.406944,17.528861
5,12,16,33.954887,14.326715
5,12,17,38.728506,13.567128
5,12,18,61.256965,22.876722
5,12,19,48.516965,15.465647
5,12,20,48.317284,23.902309
5,12,21,43.793984,14.236584
5,12,22,62.119761,24.917596
5,12,23,47.691748,16.256366
5,12,24,113.188718,39.928709
5,12,25,122.285842,56.689210
5,12,26,40.565468,17.837930
5,12,27,34.077067,16.126831
5,12,28,37.306160,15.575801
5,12,29,71.497883,27.013212
5,12,30,106.781663,37.274172
5,12,31,92.780502,34.247417
5,12,32,141.333226,54.884666
5,12,33,39.882887,17.259075
5,13,2,50.118413,21.456318
5,13,3,42.009334,13.857626
5,13,4,72.342657,27.922192
5,13,5,35.371348,17.382149
5,13,6,31.130420,14.551508
5,13,7,115.290781,43.654387
5,13,8,117.119392,56.123875
5,13,9,38.237078,17.868035
5,13,10,36.870889,13.935814
5,13,11,33.615967,13.976128
5,13,12,34.180794,10.729600
5,13,13,37.959877,18.661689
5,13,14,71.923107,32.262990
5,13,15,34.003095,16.486494
5,13,16,26.820016,11.282017
5,13,17,27.260506,8.236153
5,13,18,46.130921,16.146299
5,13,19,58.382400,23.586810
5,13,20,53.240736,21.073437
5,13,21,60.301508,27.718958
5,13,22,49.327807,21.763658
5,13,23,56.888492,18.532821
5,13,24,138.686198,52.899888
5,13,25,138.820165,59.356874
5,13,26,34.691034,15.051519
5,13,27,33.593720,10.906954
5,13,28,26.867600,8.230261
5,13,29,81.844155,32.471725
5,13,30,107.216932,37.665792
5,13,31,92.560376,37.842369
5,13,32,130.388013,39.529208
5,13,33,33.598194,15.607514
5,14,2,69.382451,23.006969
5,14,3,44.195596,17.922733
5,14,4,73.348676,32.773621
5,14,5,34.043385,12.890612
5,14,6,32.629409,11.971277
5,14,7,106.645866,39.764311
5,14,8,131.917829,52.887095
5,14,9,32.849726,11.763138
5,14,10,33.470886,10.837835
5,14,11,25.147334,11.285349
5,14,12,35.320818,15.905500
5,14,13,41.685632,12.558826
5,14,14,75.859473,24.507235
5,14,15,34.741659,15.822809
5,14,16,43.183271,15.909881
5,14,17,38.935678,18.800822
5,14,18,58.074529,23.192066
5,14,19,62.273022,22.320450
5,14,20,67.088696,27.425897
5,14,21,38.961152,12.876202
5,14,22,51.060770,20.644794
5,14,23,54.141207,18.324810
5,14,24,134.763080,55.202615
5,14,25,131.749239,62.621154
5,14,26,40.948628,13.763879
5,14,27,41.573619,18.127239
5,14,28,41.543795,15.659666
5,14,29,64.971384,21.635892
5,14,30,106.355031,45.298008
5,14,31,85.781127,31.474356
5,14,32,114.114805,34.457956
5,14,33,37.595312,14.846436
5,15,2,62.937114,22.984930
5,15,3,53.364872,19.955784
5,15,4,69.263544,28.647963
5,15,5,37.581196,14.344850
5,15,6,30.886369,10.178943
5,15,7,142.348990,60.649063
5,15,8,128.595684,49.939422
5,15,9,36.820700,17.444741
5,15,10,40.185606,19.837341
5,15,11,23.207468,10.713600
5,15,12,25.817550,11.254192
5,15,13,34.369427,13.180373
5,15,14,62.443030,23.235001
5,15,15,37.202450,13.899851
5,15,16,40.733061,14.772806
5,15,17,28.993971,10.170210
5,15,18,40.220750,15.344739
5,15,19,66.039377,27.265340
5,15,20,49.793434,23.133851
5,15,21,54.266522,23.820012
5,15,22,60.623628,23.878579
5,15,23,60.006420,18.500144
5,15,24,144.348611,56.139971
5,15,25,124.002419,58.349744
5,15,26,46.291989,21.696580
5,15,27,31.107195,12.031036
5,15,28,37.313739,18.423835
5,15,29,75.448485,33.343856
5,15,30,87.266111,34.200216
5,15,31,89.389167,33.286644
5,15,32,101.387326,38.251747
5,15,33,30.060666,11.279365
5,16,2,56.195557,23.529083
5,16,3,49.345089,16.880454
5,16,4,71.978156,35.819099
5,16,5,34.308511,11.638722
5,16,6,36.486685,12.780409
5,16,7,101.261303,32.531413
5,16,8,115.327007,49.243178
5,16,9,46.553059,22.211039
5,16,10,38.325172,11.951030
5,16,11,28.544160,8.687717
5,16,12,33.770631,14.970840
5,16,13,38.451142,15.875865
5,16,14,60.889326,20.515474
5,16,15,31.337513,10.364088
5,16,16,33.740219,16.475885
5,16,17,32.165148,12.543851
5,16,18,50.812457,18.690270
5,16,19,41.017744,17.130649
5,16,20,73.995628,31.591660
5,16,21,47.747799,16.669686
5,16,22,51.050340,20.843110
5,16,23,58.837325,22.899014
5,16,24,141.900481,66.389689
5,16,25,137.215455,64.718746
5,16,26,38.064761,15.965103
5,16,27,38.457661,15.165732
5,16,28,34.558716,16.513063
5,16,29,68.241155,27.388657
5,16,30,107.689709,32.769999
5,16,31,105.674148,32.874674
5,16,32,143.776426,65.425832
5,16,33,35.462068,14.584271
5,17,2,70.494403,31.059915
5,17,3,74.564958,22.901265
5,17,4,67.485430,29.619635
5,17,5,42.792137,19.637842
5,17,6,34.460661,10.715836
5,17,7,115.931279,46.325897
5,17,8,126.203628,50.494138
5,17,9,35.845033,12.439930
5,17,10,44.253644,14.799021
5,17,11,25.128454,11.799984
5,17,12,37.442510,12.985075
5,17,13,37.044494,17.216889
5,17,14,71.979986,25.329403
5,17,15,34.651437,12.800380
5,17,16,33.425036,14.106265
5,17,17,38.068735,11.682010
5,17,18,61.911399,20.385474
5,17,19,61.707166,28.313098
5,17,20,52.372662,19.859706
5,17,21,44.949331,20.235635
5,17,22,51.296418,15.949180
5,17,23,51.296066,24.357061
5,17,24,136.131630,54.983706
5,17,25,132.922532,64.139903
5,17,26,37.969607,12.448316
5,17,27,37.730698,12.189679
5,17,28,36.605908,16.284150
5,17,29,68.604531,28.657136
5,17,30,112.623952,50.085816
5,17,31,79.520836,24.696232
5,17,32,118.844524,56.827332
5,17,33,37.819766,16.842832
5,18,2,62.865507,25.294323
5,18,3,53.936464,23.399913
5,18,4,68.616465,22.714544
5,18,5,40.060094,18.706523
5,18,6,44.850834,15.304298
5,18,7,125.593838,49.630052
5,18,8,138.608792,63.327907
5,18,9,32.872477,13.600081
5,18,10,49.795189,15.763955
5,18,11,24.380521,10.292985
5,18,12,42.938225,20.975783
5,18,13,40.580141,18.888076
5,18,14,66.247282,27.986361
5,18,15,45.921493,20.482487
5,18,16,40.281050,14.572793
5,18,17,48.878114,20.874506
5,18,18,53.547295,22.745830
5,18,19,74.729354,23.110648
5,18,20,60.091664,26.127562
5,18,21,49.488598,23.032748
5,18,22,45.183107,17.721637
5,18,23,49.482047,18.856150
5,18,24,143.390564,65.739308
5,18,25,147.273801,48.704176
5,18,26,39.223236,17.256828
5,18,27,30.615969,11.634366
5,18,28,35.866678,12.867429
5,18,29,81.582367,26.426944
5,18,30,119.040895,48.028790
5,18,31,102.297530,36.583391
5,18,32,117.041831,51.655626
5,18,33,35.241799,14.432048
5,19,2,61.198302,22.943532
5,19,3,65.536222,30.577865
5,19,4,67.207186,26.567304
5,19,5,38.088519,12.243854
5,19,6,42.905459,18.521085
5,19,7,123.881727,53.922395
5,19,8,160.132084,66.748721
5,19,9,40.070624,15.324646
5,19,10,38.166562,16.374416
5,19,11,34.486407,13.483728
5,19,12,34.549343,16.644149
5,19,13,41.428092,12.591482
5,19,14,64.187162,27.488639
5,19,15,42.084123,15.116689
5,19,16,39.666152,15.018774
5,19,17,39.397685,14.226797
5,19,18,48.147521,17.501393
5,19,19,56.159686,20.592149
5,19,20,47.801669,19.649698
5,19,21,57.341643,23.997243
5,19,22,45.730626,22.086621
5,19,23,49.457980,24.719390
5,19,24,162.998962,65.853317
5,19,25,153.819115,51.809342
5,19,26,39.978063,16.988640
5,19,27,34.464473,10.963025
5,19,28,33.390581,10.194551
5,19,29,93.314786,36.472815
5,19,30,111.392931,38.906195
5,19,31,93.991338,43.308281
5,19,32,140.954245,43.431952
5,19,33,34.409395,16.669626
5,20,2,70.169102,21.622968
5,20,3,59.520861,22.824035
5,20,4,96.631467,39.954680
5,20,5,34.420227,11.384603
5,20,6,35.169911,14.531583
5,20,7,126.022449,52.281834
5,20,8,137.331088,68.640887
5,20,9,38.093122,16.240947
5,20,10,43.406540,17.051580
5,20,11,30.588897,11.009920
5,20,12,36.772688,11.415418
5,20,13,38.288210,16.232466
5,20,14,89.247046,35.257521
5,20,15,44.005254,21.774384
5,20,16,38.162559,17.484575
5,20,17,30.809705,11.747450
5,20,18,44.126623,20.938902
5,20,19,58.066695,17.631913
5,20,20,58.198912,23.884733
5,20,21,56.359230,25.942995
5,20,22,56.583851,18.505089
5,20,23,55.978208,18.774547
5,20,24,163.223244,74.667728
5,20,25,139.305254,51.958411
5,20,26,33.364617,12.509513
5,20,27,35.453187,12.344868
5,20,28,43.435399,19.531835
5,20,29,71.765770,23.729128
5,20,30,125.542448,47.149920
5,20,31,78.107443,34.282377
5,20,32,132.648876,44.966643
5,20,33,42.898609,15.517028
5,21,2,62.722684,26.209045
5,21,3,52.278945,25.600276
5,21,4,70.913405,27.096662
5,21,5,33.587878,12.381750
5,21,6,40.060659,19.454877
5,21,7,132.177570,62.377057
5,21,8,99.197143,32.675923
5,21,9,36.884949,17.771542
5,21,10,39.786366,16.457897
5,21,11,24.634097,9.743892
5,21,12,43.936893,18.625273
5,21,13,36.756324,17.329840
5,21,14,63.481831,21.173551
5,21,15,36.241821,12.934750
5,21,16,45.136939,15.085191
5,21,17,45.715344,22.806517
5,21,18,51.704413,15.846536
5,21,19,57.313392,23.651804
5,21,20,58.299037,23.122996
5,21,21,56.464709,26.969169
5,21,22,65.561250,28.429476
5,21,23,63.337028,27.023256
5,21,24,151.372491,67.166366
5,21,25,122.724053,53.377181
5,21,26,38.635392,16.413104
5,21,27,38.750646,16.170640
5,21,28,34.929344,15.310448
5,21,29,82.121289,37.119400
5,21,30,119.108278,51.162107
5,21,31,80.337767,36.451331
5,21,32,142.708436,55.109377
5,21,33,39.054738,12.692688
5,22,2,64.473573,30.458537
5,22,3,55.065524,21.307579
5,22,4,70.467161,24.150989
5,22,5,34.833187,10.862833
5,22,6,41.016997,12.347561
5,22,7,129.173159,39.807713
5,22,8,104.640281,38.270553
5,22,9,32.437036,12.820598
5,22,10,35.204198,13.258699
5,22,11,30.959266,13.645998
5,22,12,39.694960,19.493080
5,22,13,42.035240,14.793034
5,22,14,74.633494,35.768972
5,22,15,33.711684,13.711240
5,22,16,35.232247,15.159496
5,22,17,31.914487,15.741357
5,22,18,60.704181,24.962394
5,22,19,50.966876,15.436528
5,22,20,54.544003,26.891592
5,22,21,50.699120,16.030223
5,22,22,60.410575,21.905617
5,22,23,57.048494,25.323524
5,22,24,159.137419,56.455119
5,22,25,158.619035,67.196817
5,22,26,35.966315,13.453139
5,22,27,38.975727,17.734094
5,22,28,37.340045,14.839278
5,22,29,76.187960,28.211735
5,22,30,126.799331,48.185496
5,22,31,86.996051,35.017230
5,22,32,149.353545,54.859964
5,22,33,29.734842,14.110898
5,23,2,77.801402,38.268811
5,23,3,63.037580,21.527510
5,23,4,93.529883,43.169075
5,23,5,41.548971,20.021815
5,23,6,36.797605,16.606676
5,23,7,123.444387,41.592412
5,23,8,146.366145,65.650741
5,23,9,46.604309,15.007915
5,23,10,35.751124,14.207182
5,23,11,24.112335,9.163440
5,23,12,44.317899,14.837913
5,23,13,32.444843,16.054432
5,23,14,81.306991,39.127048
5,23,15,37.634068,17.629354
5,23,16,45.296005,17.737368
5,23,17,28.322592,12.180260
5,23,18,51.820915,19.879337
5,23,19,67.438874,29.189443
5,23,20,55.637729,18.869117
5,23,21,50.543119,22.275641
5,23,22,71.132526,29.782043
5,23,23,74.010330,34.566087
5,23,24,118.399541,46.573294
5,23,25,152.554768,66.103374
5,23,26,41.968462,12.657013
5,23,27,35.162947,12.628333
5,23,28,40.655006,12.531460
5,23,29,72.051943,28.447336
5,23,30,131.315981,49.782786
5,23,31,103.341367,34.128378
5,23,32,125.475067,44.390912
5,23,33,50.964304,18.305906
5,24,2,65.400589,30.800055
5,24,3,50.892448,24.660535
5,24,4,86.096455,32.539220
5,24,5,38.292142,18.050424
5,24,6,42.670879,14.441767
5,24,7,134.578149,58.152801
5,24,8,132.028608,62.948334
5,24,9,38.695596,15.605984
5,24,10,40.107375,19.746644
5,24,11,26.143730,8.720191
5,24,12,44.099792,15.998765
5,24,13,43.943207,17.124417
5,24,14,79.774590,39.655490
5,24,15,39.882978,16.736081
5,24,16,40.049254,16.201827
5,24,17,44.973729,18.749920
5,24,18,59.102017,19.502253
5,24,19,63.150944,24.481070
5,24,20,46.787928,20.515384
5,24,21,61.001302,29.380996
5,24,22,84.656059,41.431617
5,24,23,61.756576,27.419095
5,24,24,175.103825,76.412299
5,24,25,126.385659,55.398870
5,24,26,35.468641,13.035298
5,24,27,37.467290,17.805492
5,24,28,37.745091,14.686006
5,24,29,61.466979,21.485342
5,24,30,129.906993,54.933012
5,24,31,116.230981,49.226947
5,24,32,167.283244,68.051583
5,24,33,46.348076,21.605055
6,1,2,54.327097,21.236570
6,1,3,52.321363,23.559255
6,1,4,63.882531,28.926684
6,1,5,29.014850,11.152005
6,1,6,31.554957,15.206590
6,1,7,98.226713,35.562249
6,1,8,106.441236,40.990490
6,1,9,27.427413,10.514199
6,1,10,32.410129,10.926765
6,1,11,21.650094,8.598419
6,1,12,39.445970,15.011083
6,1,13,25.972531,10.060426
6,1,14,55.977925,25.166160
6,1,15,28.673892,8.974820
6,1,16,38.076840,13.182923
6,1,17,25.439540,8.296078
6,1,18,40.518136,19.607761
6,1,19,53.062710,26.139986
6,1,20,45.337474,16.309413
6,1,21,45.066428,19.509429
6,1,22,37.768768,11.874328
6,1,23,52.109124,16.763814
6,1,24,144.873278,71.430619
6,1,25,117.069158,58.113303
6,1,26,27.795700,11.616816
6,1,27,25.835208,9.723931
6,1,28,32.188700,12.921775
6,1,29,55.959359,19.581451
6,1,30,91.912749,30.206915
6,1,31,74.415118,31.777351
6,1,32,93.817396,32.899716
6,1,33,31.091853,11.173319
6,2,2,64.972639,21.385986
6,2,3,64.399496,27.965765
6,2,4,96.236857,42.762984
6,2,5,38.816891,14.917301
6,2,6,48.555281,15.685304
6,2,7,136.501987,45.340071
6,2,8,162.217277,59.999533
6,2,9,48.017702,16.364759
6,2,10,47.705396,19.273042
6,2,11,36.123862,13.688502
6,2,12,38.366024,15.554989
6,2,13,43.286734,14.351409
6,2,14,110.142300,51.650834
6,2,15,60.321850,28.217534
6,2,16,42.931392,20.640864
6,2,17,56.355527,19.567874
6,2,18,77.903644,36.153173
6,2,19,54.265570,17.465713
6,2,20,58.442373,20.376628
6,2,21,59.551179,18.548770
6,2,22,70.001473,30.856140
6,2,23,82.584110,33.247713
6,2,24,177.003535,72.244006
6,2,25,157.271423,72.710937
6,2,26,48.905154,23.641657
6,2,27,34.784017,14.989237
6,2,28,42.881773,17.658133
6,2,29,86.255121,30.861270
6,2,30,171.242729,53.455330
6,2,31,104.857016,52.127061
6,2,32,156.805053,61.851813
6,2,33,36.519827,12.421586
6,3,2,41.261192,15.064081
6,3,3,50.079609,17.732579
6,3,4,61.112612,28.850800
6,3,5,27.071419,11.618950
6,3,6,26.946196,9.861169
6,3,7,80.849356,33.995414
6,3,8,116.066990,41.309773
6,3,9,29.740885,13.339500
6,3,10,26.949855,12.910799
6,3,11,17.538198,8.470129
6,3,12,23.669113,11.026886
6,3,13,30.364227,13.674772
6,3,14,61.289941,21.412839
6,3,15,31.004922,13.478880
6,3,16,30.171938,9.256005
6,3,17,25.011089,11.468598
6,3,18,39.980814,14.675645
6,3,19,43.435518,16.806764
6,3,20,45.566898,17.692544
6,3,21,32.177606,12.764664
6,3,22,37.360114,14.103709
6,3,23,37.427633,14.117757
6,3,24,101.275873,33.541057
6,3,25,111.254371,44.106857
6,3,26,29.552589,11.911508
6,3,27,31.110527,11.251273
6,3,28,25.688148,8.808245
6,3,29,52.565471,20.042643
6,3,30,73.907717,33.307701
6,3,31,83.287890,33.643222
6,3,32,113.612115,43.235664
6,3,33,25.950399,11.983514
6,4,2,54.482660,23.624068
6,4,3,40.050656,12.358712
6,4,4,52.542990,25.333540
6,4,5,24.600066,10.516434
6,4,6,31.476561,14.770690
6,4,7,108.759490,42.255453
6,4,8,113.357017,39.213484
6,4,9,30.588165,13.306555
6,4,10,31.995484,13.658766
6,4,11,22.563829,10.739862
6,4,12,28.858305,9.266067
6,4,13,33.254687,15.872008
6,4,14,52.857917,24.081459
6,4,15,28.448034,11.875297
6,4,16,36.511477,13.889099
6,4,17,29.509569,10.228988
6,4,18,42.759806,15.142852
6,4,19,55.652639,19.965704
6,4,20,47.760481,20.786451
6,4,21,42.838258,19.207260
6,4,22,56.298011,18.951001
6,4,23,48.534267,21.399087
6,4,24,108.938895,53.389409
6,4,25,116.928267,43.947271
6,4,26,28.208011,10.054024
6,4,27,28.181185,13.745202
6,4,28,31.184847,11.131659
6,4,29,56.598807,24.971448
6,4,30,106.763523,47.040721
6,4,31,63.805429,22.128112
6,4,32,107.976812,39.136984
6,4,33,25.155268,8.790018
6,5,2,54.678691,25.214174
6,5,3,46.311760,21.283632
6,5,4,55.829550,18.415056
6,5,5,34.543150,13.289408
6,5,6,28.954543,13.318963
6,5,7,95.393224,39.140603
6,5,8,94.609265,37.061314
6,5,9,35.929386,12.451257
6,5,10,27.825471,13.244328
6,5,11,34.701400,12.346750
6,5,12,29.652237,14.031124
6,5,13,38.812269,13.064734
6,5,14,77.809629,29.242316
6,5,15,31.600863,13.011130
6,5,16,34.717938,16.779593
6,5,17,33.299611,12.327817
6,5,18,59.833098,20.234798
6,5,19,47.510821,15.755876
6,5,20,37.754190,13.096911
6,5,21,41.589096,14.506309
6,5,22,36.499505,17.460496
6,5,23,37.803666,17.885342
6,5,24,105.263019,48.127280
6,5,25,125.993659,39.040471
6,5,26,35.362238,14.564246
6,5,27,28.569524,9.801328
6,5,28,31.771563,12.836472
6,5,29,65.566577,22.997309
6,5,30,130.746165,59.799739
6,5,31,73.461770,29.006040
6,5,32,119.404970,47.767548
6,5,33,31.282156,9.855512
6,6,2,59.390851,23.178265
6,6,3,39.914941,15.143147
6,6,4,80.008556,35.869685
6,6,5,32.803139,14.799235
6,6,6,35.899612,12.525062
6,6,7,155.078284,49.811128
6,6,8,117.395452,46.308470
6,6,9,42.636891,20.826840
6,6,10,34.435528,14.598612
6,6,11,25.114551,11.009169
6,6,12,37.716093,17.090904
6,6,13,36.714027,14.542100
6,6,14,78.200549,26.869634
6,6,15,35.530458,10.965134
6,6,16,41.316830,18.131229
6,6,17,38.245601,11.496020
6,6,18,57.395649,22.928601
6,6,19,47.477894,22.092095
6,6,20,58.813506,27.914843
6,6,21,52.147498,23.228422
6,6,22,54.190080,18.875769
6,6,23,47.538510,20.327023
6,6,24,119.125828,46.949887
6,6,25,136.003953,53.026879
6,6,26,41.808970,20.768490
6,6,27,46.683556,18.250565
6,6,28,29.293747,12.576127
6,6,29,79.079794,33.958109
6,6,30,123.212576,47.384415
6,6,31,80.255996,27.444586
6,6,32,128.989924,62.871250
6,6,33,33.907547,13.767461
6,7,2,61.475469,25.421041
6,7,3,54.541436,26.411680
6,7,4,61.791242,30.732688
6,7,5,33.722786,12.916022
6,7,6,26.567478,10.786253
6,7,7,97.132307,48.034687
6,7,8,122.345437,43.026711
6,7,9,32.366346,14.333995
6,7,10,32.649080,12.042262
6,7,11,23.520734,9.000186
6,7,12,36.637416,15.374972
6,7,13,38.687795,12.264354
6,7,14,70.671128,25.508112
6,7,15,33.311185,10.571227
6,7,16,37.378435,15.439677
6,7,17,42.241556,13.374203
6,7,18,57.116463,26.585152
6,7,19,60.089090,21.444126
6,7,20,57.337726,26.293618
6,7,21,62.248956,23.765074
6,7,22,48.435925,15.952345
6,7,23,47.212764,16.949495
6,7,24,138.450787,62.939747
6,7,25,123.058766,50.768503
6,7,26,39.119534,12.896781
6,7,27,31.831907,13.021694
6,7,28,32.558436,11.450000
6,7,29,79.761875,33.267476
6,7,30,109.373660,40.518969
6,7,31,93.874242,30.964739
6,7,32,117.593595,42.133841
6,7,33,43.981211,21.205249
6,8,2,65.543505,23.280301
6,8,3,63.565007,21.535936
6,8,4,71.468842,31.467832
6,8,5,32.084634,12.624559
6,8,6,35.058291,12.032157
6,8,7,111.107205,45.889648
6,8,8,128.415728,60.289406
6,8,9,32.152954,13.770770
6,8,10,37.352402,14.721192
6,8,11,21.897288,6.892373
6,8,12,45.996985,20.115687
6,8,13,41.272437,17.714418
6,8,14,77.845637,32.525511
6,8,15,40.577742,15.899832
6,8,16,38.394572,17.419759
6,8,17,29.458320,13.996060
6,8,18,50.922572,25.331964
6,8,19,48.932278,15.061737
6,8,20,54.890217,23.129878
6,8,21,56.754229,25.503949
6,8,22,61.478484,23.015969
6,8,23,56.715573,28.132800
6,8,24,139.166386,48.120619
6,8,25,113.520345,54.183608
6,8,26,42.034860,15.947159
6,8,27,30.718703,10.857119
6,8,28,35.982259,15.221724
6,8,29,76.708495,26.268031
6,8,30,116.280298,46.105701
6,8,31,90.755843,40.471191
6,8,32,143.904897,48.749136
6,8,33,31.448261,10.388314
6,9,2,69.675710,27.793562
6,9,3,59.082882,22.701430
6,9,4,71.218472,34.656118
6,9,5,33.484630,10.870356
6,9,6,27.655060,12.961601
6,9,7,101.425289,47.040853
6,9,8,103.656133,43.683781
6,9,9,43.771899,15.768413
6,9,10,35.356599,16.881683
6,9,11,29.881717,12.054831
6,9,12,30.728676,11.788089
6,9,13,30.550708,11.009054
6,9,14,66.302496,31.205304
6,9,15,26.475690,12.355023
6,9,16,35.905095,16.570802
6,9,17,35.666642,11.677406
6,9,18,51.999141,25.467609
6,9,19,48.589210,18.311841
6,9,20,51.261158,20.720789
6,9,21,44.967749,17.720647
6,9,22,57.746015,17.559562
6,9,23,45.734298,18.645118
6,9,24,128.719341,64.310112
6,9,25,132.391202,53.605459
6,9,26,33.246374,15.980187
6,9,27,29.556940,10.726888
6,9,28,44.896508,20.373163
6,9,29,76.306387,28.488321
6,9,30,112.280296,43.053778
6,9,31,97.429500,36.711704
6,9,32,150.116973,71.076172
6,9,33,34.469992,12.871016
6,10,2,46.979335,18.417799
6,10,3,65.499223,23.733469
6,10,4,72.033360,24.596707
6,10,5,30.506712,12.918831
6,10,6,41.524023,12.943654
6,10,7,127.466724,47.171461
6,10,8,126.429963,57.388961
6,10,9,33.638732,12.062552
6,10,10,36.707589,16.701261
6,10,11,23.330793,7.960717
6,10,12,41.584978,14.421424
6,10,13,31.241428,11.326048
6,10,14,71.220008,33.578205
6,10,15,32.109873,11.454218
6,10,16,35.522305,14.218794
6,10,17,29.009825,12.372962
6,10,18,59.925243,19.529461
6,10,19,53.247292,19.392669
6,10,20,50.406050,24.530233
6,10,21,47.242051,15.799748
6,10,22,50.634078,23.450354
6,10,23,56.088162,18.281089
6,10,24,177.255097,66.659333
6,10,25,112.579758,49.376033
6,10,26,32.779541,12.847632
6,10,27,29.111423,11.954812
6,10,28,43.764006,17.079666
6,10,29,75.565763,24.692859
6,10,30,108.557328,43.849429
6,10,31,98.304118,34.164520
6,10,32,129.787171,49.024049
6,10,33,33.397931,14.265367
6,11,2,52.572938,20.600608
6,11,3,51.433934,24.126152
6,11,4,76.603515,31.432909
6,11,5,38.445380,14.947904
6,11,6,43.222216,16.545136
6,11,7,121.797591,50.639337
6,11,8,94.491689,28.969412
6,11,9,36.351415,16.430679
6,11,10,27.265618,11.938864
6,11,11,28.356104,9.072202
6,11,12,33.027293,10.675121
6,11,13,44.569328,13.480450
6,11,14,58.189304,19.332333
6,11,15,42.749129,20.211138
6,11,16,34.780459,15.230389
6,11,17,39.686125,17.086007
6,11,18,49.021812,22.965157
6,11,19,58.706149,27.752902
6,11,20,53.821558,22.206650
6,11,21,46.312014,16.244306
6,11,22,50.195687,24.283540
6,11,23,58.551466,27.416265
6,11,24,112.289625,50.190034
6,11,25,138.464885,42.305752
6,11,26,30.404708,14.415248
6,11,27,38.432740,13.951856
6,11,28,32.928959,13.278361
6,11,29,70.612476,24.282450
6,11,30,137.895284,60.866914
6,11,31,70.837694,28.386940
6,11,32,123.131057,45.072500
6,11,33,42.033111,14.735275
6,12,2,56.038639,27.625394
6,12,3,57.710937,21.704981
6,12,4,71.296504,34.239366
6,12,5,38.672939,12.345041
6,12,6,38.462969,15.237942
6,12,7,111.971686,40.152872
6,12,8,132.172371,44.960790
6,12,9,39.469531,12.842361
6,12,10,43.293379,16.654640
6,12,11,26.233693,10.344762
6,12,12,32.749111,12.049038
6,12,13,34.768321,14.718728
6,12,14,76.416397,31.634087
6,12,15,28.314154,10.280063
6,12,16,35.859650,13.476218
6,12,17,41.972843,18.569747
6,12,18,55.219786,24.971319
6,12,19,62.668353,29.896007
6,12,20,60.394654,27.406835
6,12,21,47.985851,19.101822
6,12,22,51.738029,20.748259
6,12,23,67.327434,24.673928
6,12,24,122.773343,47.232501
6,12,25,137.180252,59.900786
6,12,26,39.763650,18.346829
6,12,27,33.020355,14.367916
6,12,28,32.921617,16.446591
6,12,29,75.107458,30.582671
6,12,30,125.465288,57.746039
6,12,31,81.984060,38.173280
6,12,32,101.679481,41.771796
6,12,33,33.272567,13.289188
6,13,2,61.455955,23.903201
6,13,3,56.306212,22.051631
6,13,4,77.981229,25.978012
6,13,5,41.166093,18.792158
6,13,6,42.156156,13.854141
6,13,7,175.708100,61.126200
6,13,8,111.001635,33.443939
6,13,9,40.105947,16.791256
6,13,10,33.101346,15.369230
6,13,11,33.130284,15.587577
6,13,12,36.046382,16.248784
6,13,13,41.481199,14.084187
6,13,14,77.677788,24.631210
6,13,15,36.853411,14.669184
6,13,16,28.861056,10.812277
6,13,17,37.196275,15.648772
6,13,18,44.345848,21.880159
6,13,19,45.181404,21.871512
6,13,20,66.976958,26.310534
6,13,21,48.358679,19.920796
6,13,22,45.183875,15.364838
6,13,23,56.514030,24.334301
6,13,24,127.738564,51.829106
6,13,25,178.644569,63.572839
6,13,26,34.270954,15.767109
6,13,27,29.319352,13.343842
6,13,28,37.899008,12.743858
6,13,29,61.415822,19.568390
6,13,30,109.989409,39.664190
6,13,31,106.364156,34.830536
6,13,32,140.211775,60.617346
6,13,33,32.315739,13.807949
6,14,2,65.274365,27.250359
6,14,3,59.903157,22.700361
6,14,4,76.342998,29.706241
6,14,5,33.199329,12.596690
6,14,6,44.411968,21.821932
6,14,7,125.436193,47.935777
6,14,8,107.645177,38.287016
6,14,9,37.816446,16.705754
6,14,10,35.775452,11.939464
6,14,11,31.923129,12.580915
6,14,12,43.262588,18.178123
6,14,13,38.302777,14.126618
6,14,14,64.678585,26.625716
6,14,15,33.719622,15.767957
6,14,16,37.201467,14.344556
6,14,17,34.732392,10.509348
6,14,18,53.333940,25.965693
6,14,19,55.881899,23.792441
6,14,20,79.729700,39.645900
6,14,21,44.388036,18.990808
6,14,22,54.385971,16.901529
6,14,23,49.189200,20.745236
6,14,24,137.591810,59.093098
6,14,25,116.438261,35.392082
6,14,26,33.840635,16.206727
6,14,27,34.753051,12.418305
6,14,28,37.386788,15.296171
6,14,29,66.618741,32.630144
6,14,30,113.419529,41.773978
6,14,31,75.058157,35.502007
6,14,32,130.335133,47.275463
6,14,33,37.928216,18.204674
6,15,2,64.150192,26.268553
6,15,3,49.782034,24.632885
6,15,4,62.980277,23.168323
6,15,5,34.918961,15.164340
6,15,6,34.751016,12.788679
6,15,7,126.802807,51.809910
6,15,8,132.366207,64.961856
6,15,9,39.182384,12.711526
6,15,10,38.446530,13.960576
6,15,11,22.458065,9.201643
6,15,12,30.583115,9.873845
6,15,13,35.275914,12.588222
6,15,14,75.104488,22.710616
6,15,15,33.595840,11.818792
6,15,16,29.019265,11.454574
6,15,17,36.329460,15.543238
6,15,18,45.087618,19.763938
6,15,19,52.058735,17.995165
6,15,20,57.708542,23.041968
6,15,21,71.855796,29.329245
6,15,22,56.803918,26.350574
6,15,23,50.315510,19.836543
6,15,24,169.064486,68.276895
6,15,25,127.410733,54.679091
6,15,26,30.375571,10.114059
6,15,27,36.971371,16.322883
6,15,28,39.030819,16.413648
6,15,29,66.344314,29.903306
6,15,30,138.150532,43.485000
6,15,31,83.481766,37.129622
6,15,32,135.786873,53.017956
6,15,33,33.315496,12.372104
6,16,2,62.335687,20.317465
6,16,3,74.924007,29.852093
6,16,4,76.506747,38.206523
6,16,5,31.674921,14.653168
6,16,6,40.391650,12.604587
6,16,7,116.613230,39.802408
6,16,8,128.833656,51.172869
6,16,9,31.173544,12.322570
6,16,10,37.304603,13.536098
6,16,11,32.851295,14.509135
6,16,12,32.451382,12.046757
6,16,13,36.870818,11.715293
6,16,14,61.273825,28.223515
6,16,15,41.651073,12.662375
6,16,16,39.077346,14.440210
6,16,17,35.016248,15.308180
6,16,18,68.408977,25.046627
6,16,19,71.200556,29.854506
6,16,20,68.836990,23.014427
6,16,21,52.837945,17.182809
6,16,22,61.912348,29.885157
6,16,23,63.032957,24.340634
6,16,24,134.108850,60.441428
6,16,25,106.270685,34.679297
6,16,26,38.612947,15.733087
6,16,27,37.447837,18.393289
6,16,28,38.787159,19.393579
6,16,29,79.566168,37.191061
6,16,30,117.613291,55.547050
6,16,31,85.704603,28.706003
6,16,32,131.803026,55.066430
6,16,33,32.341043,11.558332
6,17,2,77.358675,24.053188
6,17,3,56.589792,26.189039
6,17,4,88.834459,34.952121
6,17,5,33.216569,12.261992
6,17,6,41.230037,19.274043
6,17,7,129.837098,61.537483
6,17,8,112.722241,38.178974
6,17,9,35.124783,15.550475
6,17,10,34.415694,11.815815
6,17,11,26.103260,11.084141
6,17,12,43.798125,19.016032
6,17,13,46.537842,19.708076
6,17,14,76.704624,31.480419
6,17,15,37.123308,16.658047
6,17,16,35.747533,10.818307
6,17,17,44.507531,18.114944
6,17,18,57.622548,19.576990
6,17,19,50.930170,19.453689
6,17,20,56.851826,28.042595
6,17,21,53.881064,22.207209
6,17,22,50.752913,22.849643
6,17,23,68.374465,33.154697
6,17,24,166.819627,75.457780
6,17,25,108.899701,46.709380
6,17,26,43.718726,19.111570
6,17,27,37.153257,13.696320
6,17,28,41.749969,13.234358
6,17,29,72.354293,24.569755
6,17,30,114.221006,56.141984
6,17,31,84.763338,33.601036
6,17,32,131.218619,39.475771
6,17,33,38.482846,17.723801
6,18,2,65.942522,25.937857
6,18,3,53.830471,21.556928
6,18,4,77.031944,30.891610
6,18,5,38.430917,18.488942
6,18,6,33.191210,11.855714
6,18,7,106.040917,36.158736
6,18,8,120.011890,53.046810
6,18,9,36.674083,14.528523
6,18,10,31.671084,9.648150
6,18,11,28.064122,11.094072
6,18,12,32.835778,12.636839
6,18,13,35.400903,15.868686
6,18,14,76.478558,24.564768
6,18,15,38.465665,17.966061
6,18,16,37.915365,13.529985
6,18,17,32.994810,14.705502
6,18,18,53.255065,18.826820
6,18,19,50.785553,16.444828
6,18,20,58.218683,18.653665
6,18,21,53.886626,21.298166
6,18,22,61.705991,29.876920
6,18,23,60.833509,22.297023
6,18,24,144.479212,56.770633
6,18,25,150.330303,72.760011
6,18,26,46.927564,15.623713
6,18,27,35.788211,11.366164
6,18,28,33.646117,16.498060
6,18,29,77.920589,34.843623
6,18,30,134.509184,59.026751
6,18,31,95.820320,34.020085
6,18,32,111.832024,38.196831
6,18,33,30.502583,14.708072
6,19,2,62.036090,18.687219
6,19,3,66.188243,20.991341
6,19,4,72.611579,30.226287
6,19,5,38.089438,12.611266
6,19,6,34.953383,16.627992
6,19,7,138.843515,61.876372
6,19,8,124.657910,38.136891
6,19,9,41.617895,12.990089
6,19,10,31.835221,9.654511
6,19,11,30.763279,12.484096
6,19,12,42.940484,16.971450
6,19,13,50.855514,23.267814
6,19,14,84.232439,33.071982
6,19,15,43.787368,16.505080
6,19,16,37.880640,13.446204
6,19,17,36.243199,11.176317
6,19,18,60.898343,22.187891
6,19,19,49.068473,23.465725
6,19,20,64.713932,20.181669
6,19,21,69.414199,23.289162
6,19,22,75.314461,34.873516
6,19,23,55.961483,27.451435
6,19,24,115.304788,47.245334
6,19,25,135.406671,51.764132
6,19,26,36.476451,14.949768
6,19,27,31.605208,13.433237
6,19,28,30.692101,13.280557
6,19,29,63.089657,19.833433
6,19,30,136.458453,52.019130
6,19,31,88.185535,35.439662
6,19,32,129.915033,56.898906
6,19,33,35.404312,16.962693
6,20,2,60.321490,22.943775
6,20,3,61.835496,26.515028
6,20,4,76.839034,30.661019
6,20,5,43.877038,21.180246
6,20,6,39.218174,13.788931
6,20,7,136.412613,46.348165
6,20,8,103.859813,38.733545
6,20,9,35.403234,15.789647
6,20,10,43.638318,14.042584
6,20,11,26.157874,8.306580
6,20,12,41.423502,17.207863
6,20,13,32.667364,11.882751
6,20,14,83.214302,40.241615
6,20,15,31.592030,14.413833
6,20,16,39.783727,19.201224
6,20,17,29.026413,12.898782
6,20,18,51.922746,25.312260
6,20,19,49.420334,24.166940
6,20,20,52.628315,17.127283
6,20,21,63.375100,24.323863
6,20,22,58.561252,27.832166
6,20,23,74.479993,33.875454
6,20,24,122.588379,37.864817
6,20,25,144.371485,62.251050
6,20,26,40.166209,16.791152
6,20,27,39.196011,18.668653
6,20,28,37.090272,16.163644
6,20,29,84.112062,33.201957
6,20,30,129.548467,42.920503
6,20,31,84.216129,27.591292
6,20,32,100.187888,43.727061
6,20,33,36.414463,11.776746
6,21,2,57.179627,25.309829
6,21,3,59.980844,18.126318
6,21,4,63.816889,22.065280
6,21,5,35.267829,14.412088
6,21,6,36.624450,17.666735
6,21,7,143.776240,50.363540
6,21,8,167.555061,75.343725
6,21,9,47.752225,23.610795
6,21,10,42.163619,12.780057
6,21,11,31.400230,10.310943
6,21,12,40.390108,12.375055
6,21,13,40.042794,16.146054
6,21,14,98.464929,49.032715
6,21,15,37.061480,17.113255
6,21,16,38.640457,12.441117
6,21,17,43.340074,20.192738
6,21,18,65.331108,27.201035
6,21,19,58.594919,24.484204
6,21,20,59.868998,24.609166
6,21,21,53.840243,20.991981
6,21,22,67.324547,25.079101
6,21,23,67.965740,31.612898
6,21,24,136.052649,54.043255
6,21,25,146.648970,65.454318
6,21,26,42.166059,17.112254
6,21,27,40.381993,12.731557
6,21,28,36.264448,13.730371
6,21,29,83.771341,35.976691
6,21,30,135.424269,41.064987
6,21,31,115.035212,37.988732
6,21,32,157.436517,78.333490
6,21,33,52.496447,23.977212
6,22,2,58.787016,28.061607
6,22,3,50.832644,15.893113
6,22,4,70.262213,30.468587
6,22,5,41.764324,15.056104
6,22,6,35.397642,11.549544
6,22,7,144.609301,58.566308
6,22,8,135.438654,61.388469
6,22,9,31.336111,13.756618
6,22,10,34.819698,11.409182
6,22,11,21.457263,7.681566
6,22,12,37.584997,17.749780
6,22,13,39.335164,16.437947
6,22,14,96.357796,45.843611
6,22,15,34.588870,12.511810
6,22,16,38.439644,13.824414
6,22,17,42.917033,19.410204
6,22,18,71.708282,31.050569
6,22,19,52.720012,20.047395
6,22,20,67.172800,25.866108
6,22,21,59.986495,26.422014
6,22,22,64.989731,30.009974
6,22,23,57.995620,22.245407
6,22,24,119.623168,39.142303
6,22,25,140.690527,69.263229
6,22,26,40.766428,13.595199
6,22,27,40.512897,14.273705
6,22,28,32.532244,14.968402
6,22,29,67.401046,22.445593
6,22,30,126.082690,62.855088
6,22,31,99.638436,37.682092
6,22,32,120.296970,45.344921
6,22,33,35.263106,11.930316
6,23,2,75.303426,29.248497
6,23,3,68.134155,31.910252
6,23,4,66.215912,29.480213
6,23,5,43.418902,19.780079
6,23,6,51.762359,22.855642
6,23,7,123.028349,44.303537
6,23,8,115.762977,54.903463
6,23,9,32.089091,14.436528
6,23,10,41.006646,20.242289
6,23,11,33.104691,11.182281
6,23,12,47.059669,14.938803
6,23,13,46.994554,20.472140
6,23,14,87.183577,38.680856
6,23,15,41.263709,16.350732
6,23,16,41.810774,14.197920
6,23,17,44.852747,14.728478
6,23,18,49.250082,20.607346
6,23,19,57.352495,24.628696
6,23,20,63.746121,19.386496
6,23,21,58.155691,19.353663
6,23,22,55.366410,24.085459
6,23,23,65.992367,32.769859
6,23,24,165.093958,63.206531
6,23,25,167.048955,61.130221
6,23,26,47.464899,16.709331
6,23,27,43.143402,17.772570
6,23,28,39.442697,17.655303
6,23,29,65.389686,29.736738
6,23,30,126.879900,48.799095
6,23,31,106.008201,47.327836
6,23,32,175.295186,73.304518
6,23,33,39.342003,14.036155
6,24,2,69.708406,26.230202
6,24,3,67.860169,20.545333
6,24,4,91.221134,37.924172
6,24,5,36.556321,11.946153
6,24,6,32.076618,14.970430
6,24,7,118.120843,36.748840
6,24,8,156.486866,65.223624
6,24,9,40.532378,13.707008
6,24,10,39.297597,17.034141
6,24,11,32.306433,14.087887
6,24,12,38.792799,17.038061
6,24,13,44.141547,16.949749
6,24,14,81.501992,26.754101
6,24,15,32.977985,13.324213
6,24,16,38.568300,12.697616
6,24,17,45.965319,20.269228
6,24,18,62.907055,22.553380
6,24,19,68.859979,24.676542
6,24,20,68.043251,25.291061
6,24,21,55.459079,23.987849
6,24,22,54.348036,26.615486
6,24,23,84.615775,29.608309
6,24,24,153.971786,54.379929
6,24,25,137.586238,44.771878
6,24,26,40.367408,14.920126
6,24,27,33.115618,10.077208
6,24,28,37.008075,15.676561
6,24,29,77.568282,23.856296
6,24,30,137.513755,47.914644
6,24,31,100.796976,32.812101
6,24,32,140.518452,45.989741
6,24,33,47.001723,23.393143
7,1,2,48.720076,19.570650
7,1,3,40.469306,15.314889
7,1,4,54.105699,25.019221
7,1,5,26.407614,10.616763
7,1,6,29.077671,10.961104
7,1,7,89.191321,28.688270
7,1,8,111.157470,34.591752
7,1,9,30.340522,11.115319
7,1,10,29.671150,11.003553
7,1,11,21.198779,7.860360
7,1,12,32.658939,12.186122
7,1,13,31.305271,10.300234
7,1,14,75.175536,35.236601
7,1,15,28.651272,9.225034
7,1,16,26.894132,10.236399
7,1,17,23.516719,9.070881
7,1,18,44.672205,17.717132
7,1,19,38.202490,12.572019
7,1,20,46.721206,23.171886
7,1,21,47.186516,14.568719
7,1,22,47.827914,14.678986
7,1,23,51.411480,18.051024
7,1,24,101.777122,37.678080
7,1,25,104.217617,45.211374
7,1,26,29.695698,10.797348
7,1,27,28.394156,12.370439
7,1,28,28.857081,14.097746
7,1,29,60.761109,28.470011
7,1,30,86.352611,41.278885
7,1,31,73.979169,36.274407
7,1,32,97.611448,47.688908
7,1,33,33.071515,12.603166
7,2,2,73.253855,30.448272
7,2,3,76.491258,34.483317
7,2,4,91.865431,30.961518
7,2,5,45.360420,16.355620
7,2,6,45.525300,15.953631
7,2,7,129.278018,57.957607
7,2,8,138.535274,68.612618
7,2,9,45.956605,22.465399
7,2,10,39.241735,14.506941
7,2,11,33.705546,15.292035
7,2,12,52.027744,21.102008
7,2,13,42.470401,17.929529
7,2,14,88.741661,36.795058
7,2,15,43.882532,18.586290
7,2,16,48.105182,16.048635
7,2,17,50.568869,20.252331
7,2,18,57.260737,18.202240
7,2,19,80.213215,33.378494
7,2,20,60.520194,30.062366
7,2,21,68.799171,23.328126
7,2,22,49.641076,21.494963
7,2,23,63.037342,22.187954
7,2,24,150.152558,65.145656
7,2,25,210.026235,73.378648
7,2,26,45.372402,20.890105
7,2,27,42.383932,15.489160
7,2,28,49.692680,16.129919
7,2,29,106.383398,43.285167
7,2,30,147.518365,59.727020
7,2,31,89.221166,28.241259
7,2,32,184.533300,60.625139
7,2,33,32.696434,16.066339
7,3,2,40.911119,16.637953
7,3,3,37.836594,11.959487
7,3,4,56.736884,21.572125
7,3,5,29.312852,10.761935
7,3,6,31.838826,11.147676
7,3,7,79.365743,37.385238
7,3,8,97.836952,39.231499
7,3,9,26.829414,10.506020
7,3,10,28.070960,10.269417
7,3,11,20.549612,10.272706
7,3,12,27.972616,12.140152
7,3,13,19.259060,8.559910
7,3,14,41.883160,15.930959
7,3,15,23.017805,10.353118
7,3,16,25.686733,12.226763
7,3,17,29.013800,8.723372
7,3,18,37.091526,17.327318
7,3,19,42.327862,19.159337
7,3,20,39.198391,16.388068
7,3,21,41.313518,14.036761
7,3,22,41.926881,16.501721
7,3,23,37.234754,14.073839
7,3,24,77.165797,23.383990
7,3,25,104.598197,34.192390
7,3,26,31.695678,12.121329
7,3,27,26.133769,10.390824
7,3,28,29.042052,11.705174
7,3,29,46.373184,18.340671
7,3,30,86.841967,34.414355
7,3,31,61.682876,24.551762
7,3,32,95.623504,40.927216
7,3,33,29.858191,12.417365
7,4,2,71.881517,29.481994
7,4,3,69.793317,31.155918
7,4,4,69.542128,31.298280
7,4,5,49.572346,15.757850
7,4,6,45.720412,21.787251
7,4,7,169.365427,75.413493
7,4,8,141.834579,56.868970
7,4,9,42.877680,15.188674
7,4,10,44.854259,21.030464
7,4,11,34.048892,11.799711
7,4,12,43.153298,14.249810
7,4,13,45.420053,14.637162
7,4,14,59.686200,20.180300
7,4,15,35.816698,15.608529
7,4,16,52.748833,20.012956
7,4,17,53.052210,19.825671
7,4,18,57.246262,24.819932
7,4,19,61.754435,26.204763
7,4,20,73.925982,32.445864
7,4,21,55.159150,21.090187
7,4,22,61.851091,21.547149
7,4,23,72.864111,28.790604
7,4,24,144.700188,63.076767
7,4,25,165.566240,54.675412
7,4,26,45.867142,21.348291
7,4,27,40.588289,17.065303
7,4,28,38.914608,16.120632
7,4,29,87.881243,41.526789
7,4,30,115.363549,47.691404
7,4,31,118.828297,43.338402
7,4,32,170.199006,58.898677
7,4,33,43.637134,19.472072
7,5,2,49.223155,16.841865
7,5,3,50.388886,23.712480
7,5,4,59.889406,22.859035
7,5,5,28.303182,12.738018
7,5,6,28.244416,13.741847
7,5,7,112.492704,55.266059
7,5,8,105.911215,45.006314
7,5,9,32.773959,14.733325
7,5,10,34.062121,10.407901
7,5,11,20.638834,7.424269
7,5,12,27.018924,13.157719
7,5,13,34.323572,14.625304
7,5,14,58.797527,22.619286
7,5,15,32.491666,10.844776
7,5,16,30.025054,12.541770
7,5,17,31.026713,14.764641
7,5,18,44.842832,20.465879
7,5,19,43.352703,19.068451
7,5,20,46.065819,20.803728
7,5,21,36.602990,17.464120
7,5,22,49.411925,16.794168
7,5,23,52.117792,19.480885
7,5,24,122.886930,48.164077
7,5,25,105.731826,45.840828
7,5,26,32.038361,11.198292
7,5,27,31.744295,10.662423
7,5,28,36.990406,13.902943
7,5,29,64.730451,29.352542
7,5,30,118.743251,39.298150
7,5,31,72.256241,32.825906
7,5,32,118.951586,59.037150
7,5,33,32.404008,14.135308
7,6,2,60.966120,24.261781
7,6,3,60.004798,29.452122
7,6,4,82.115586,35.899951
7,6,5,27.379543,12.812413
7,6,6,40.288588,17.342655
7,6,7,123.138011,48.025244
7,6,8,132.481350,57.071398
7,6,9,41.761916,14.170633
7,6,10,35.662503,17.787259
7,6,11,29.662087,11.418270
7,6,12,31.758672,14.247579
7,6,13,31.836188,11.537855
7,6,14,70.630994,22.081051
7,6,15,35.526602,12.545096
7,6,16,30.118051,10.176442
7,6,17,34.776078,16.313570
7,6,18,54.863368,24.854144
7,6,19,51.372480,18.334612
7,6,20,56.673937,19.992556
7,6,21,56.029883,17.284641
7,6,22,50.498874,20.864214
7,6,23,49.975077,21.879807
7,6,24,139.716869,55.241579
7,6,25,117.983410,56.632738
7,6,26,32.030023,10.736095
7,6,27,43.706713,19.037209
7,6,28,31.538376,13.013267
7,6,29,77.439379,38.346466
7,6,30,117.376897,51.302010
7,6,31,88.794873,36.444159
7,6,32,124.416180,38.956604
7,6,33,38.730785,16.468750
7,7,2,46.872047,16.136050
7,7,3,49.431595,18.559145
7,7,4,71.641450,24.014255
7,7,5,33.152175,13.560324
7,7,6,36.941514,14.014856
7,7,7,115.342124,39.177737
7,7,8,105.381113,36.303990
7,7,9,29.432649,12.380658
7,7,10,37.163341,12.057214
7,7,11,24.869035,11.653410
7,7,12,32.440707,11.591766
7,7,13,38.848646,16.869383
7,7,14,75.346606,27.487166
7,7,15,28.172394,11.586557
7,7,16,30.819897,12.994689
7,7,17,38.430294,13.626852
7,7,18,64.328734,27.878780
7,7,19,44.862140,17.874011
7,7,20,50.735030,16.355566
7,7,21,39.780941,13.613006
7,7,22,54.623087,17.042030
7,7,23,51.263940,19.041233
7,7,24,156.956132,77.608593
7,7,25,113.401659,40.464850
7,7,26,39.755693,18.794989
7,7,27,36.686623,17.282128
7,7,28,38.068478,15.055017
7,7,29,71.088169,30.098877
7,7,30,116.945163,46.953460
7,7,31,109.394041,54.350035
7,7,32,103.728881,31.490803
7,7,33,35.942411,13.144229
7,8,2,55.251062,23.936267
7,8,3,47.262661,23.494503
7,8,4,78.852222,31.761712
7,8,5,38.561958,11.795071
7,8,6,32.698205,10.834731
7,8,7,114.903692,37.705090
7,8,8,118.121801,53.380815
7,8,9,33.135706,10.318638
7,8,10,33.207884,14.089578
7,8,11,28.020466,8.878948
7,8,12,39.420238,12.033867
7,8,13,33.847028,16.052768
7,8,14,56.826361,19.726421
7,8,15,30.783406,9.527000
7,8,16,32.459421,14.962019
7,8,17,38.405811,18.983283
7,8,18,49.560832,24.454152
7,8,19,52.876362,23.427631
7,8,20,52.627780,25.471640
7,8,21,61.092090,20.492835
7,8,22,50.017141,20.241597
7,8,23,57.069265,23.340916
7,8,24,133.887000,63.041049
7,8,25,131.929308,64.759521
7,8,26,30.884133,10.230972
7,8,27,43.884197,19.709963
7,8,28,34.771533,13.137374
7,8,29,87.928635,33.490862
7,8,30,129.556031,48.403310
7,8,31,92.333971,44.765323
7,8,32,119.516212,57.617963
7,8,33,36.648638,14.221609
7,9,2,65.134795,26.756514
7,9,3,55.769348,20.023157
7,9,4,68.560107,31.068777
7,9,5,33.149051,10.902678
7,9,6,29.811775,9.035099
7,9,7,89.784522,28.125779
7,9,8,108.645980,36.713373
7,9,9,36.451177,13.721903
7,9,10,37.405164,17.429275
7,9,11,23.101160,9.375158
7,9,12,38.990669,16.779881
7,9,13,34.908631,17.453306
7,9,14,68.779798,23.729587
7,9,15,33.994412,15.583394
7,9,16,28.589132,12.498650
7,9,17,31.421348,15.087263
7,9,18,51.745585,17.950921
7,9,19,58.962401,22.656596
7,9,20,60.141950,24.332071
7,9,21,50.708334,19.181837
7,9,22,59.124631,28.561401
7,9,23,51.236765,21.176756
7,9,24,116.353600,45.195799
7,9,25,130.787098,57.682167
7,9,26,24.203200,7.696500
7,9,27,37.765319,17.206070
7,9,28,30.898202,14.479511
7,9,29,83.014739,38.591434
7,9,30,135.549147,56.359927
7,9,31,75.754725,31.697095
7,9,32,146.734639,62.760172
7,9,33,30.938831,10.417338
7,10,2,51.712830,20.876215
7,10,3,43.715387,15.111347
7,10,4,66.478169,32.680460
7,10,5,37.621569,14.901818
7,10,6,36.248914,16.397498
7,10,7,160.713390,77.297272
7,10,8,126.174657,40.007050
7,10,9,31.093381,15.381600
7,10,10,38.016715,16.307726
7,10,11,24.079710,7.708427
7,10,12,28.818717,14.407285
7,10,13,34.705651,15.924110
7,10,14,79.390229,34.551165
7,10,15,35.710824,15.920806
7,10,16,36.145563,14.953772
7,10,17,37.227456,11.330328
7,10,18,50.574695,19.255138
7,10,19,45.872480,20.462379
7,10,20,58.199501,27.987658
7,10,21,54.505252,22.106813
7,10,22,57.655337,23.538208
7,10,23,54.287348,27.037441
7,10,24,130.575039,48.388416
7,10,25,147.221598,53.567059
7,10,26,34.315742,12.602881
7,10,27,35.176693,11.707343
7,10,28,39.203371,14.720584
7,10,29,67.544486,26.875704
7,10,30,148.389996,63.021230
7,10,31,75.488406,23.357411
7,10,32,128.659130,45.370586
7,10,33,32.546172,13.378501
7,11,2,46.773458,15.331025
7,11,3,55.991966,22.030793
7,11,4,78.036777,30.271381
7,11,5,46.367952,17.838983
7,11,6,33.505580,11.950091
7,11,7,126.824359,47.927970
7,11,8,139.733727,65.378067
7,11,9,36.188761,17.464665
7,11,10,40.274544,17.017380
7,11,11,22.580723,10.737309
7,11,12,33.307890,11.731317
7,11,13,36.247214,16.516391
7,11,14,67.257559,22.652804
7,11,15,35.073614,16.806867
7,11,16,34.728439,13.949196
7,11,17,31.347898,10.047891
7,11,18,46.789379,15.907830
7,11,19,43.981586,14.577752
7,11,20,68.299504,21.904855
7,11,21,52.920294,25.166535
7,11,22,47.126880,17.323054
7,11,23,49.361327,23.706145
7,11,24,119.359668,45.020399
7,11,25,126.921374,49.729573
7,11,26,31.416768,11.647343
7,11,27,25.977380,12.045587
7,11,28,31.049482,14.117480
7,11,29,81.062748,38.161855
7,11,30,132.415532,59.819453
7,11,31,73.761634,36.084687
7,11,32,107.594059,34.379272
7,11,33,36.119159,13.783245
7,12,2,58.453973,22.005519
7,12,3,54.603132,20.205962
7,12,4,59.298519,28.345675
7,12,5,35.246030,16.813744
7,12,6,32.096984,15.976169
7,12,7,143.235338,44.835499
7,12,8,126.424773,58.578066
7,12,9,41.399661,14.906712
7,12,10,30.688854,9.274931
7,12,11,30.113663,10.236011
7,12,12,39.284298,18.688614
7,12,13,35.968869,11.416474
7,12,14,77.033588,28.482906
7,12,15,32.194614,13.628992
7,12,16,40.349238,17.024708
7,12,17,41.724618,14.616707
7,12,18,65.153727,24.331987
7,12,19,59.552449,18.983405
7,12,20,53.199484,26.317509
7,12,21,47.967844,15.593426
7,12,22,46.491905,18.648921
7,12,23,59.157073,20.164474
7,12,24,128.930399,45.481779
7,12,25,121.992503,56.553224
7,12,26,33.820143,14.871795
7,12,27,34.779283,16.459152
7,12,28,38.436551,16.047754
7,12,29,66.678819,25.192481
7,12,30,125.300969,43.738688
7,12,31,81.926307,30.240884
7,12,32,130.751578,50.775439
7,12,33,35.984701,15.572159
7,13,2,58.718671,25.138196
7,13,3,67.215450,22.172372
7,13,4,75.410042,29.106115
7,13,5,41.430135,20.359552
7,13,6,40.062013,18.726465
7,13,7,128.100689,48.504807
7,13,8,122.762616,58.828121
7,13,9,39.615990,18.512395
7,13,10,35.927954,13.579420
7,13,11,25.903642,10.769663
7,13,12,26.902910,8.445020
7,13,13,32.802348,16.126165
7,13,14,76.949241,34.517593
7,13,15,39.343003,19.075563
7,13,16,32.083434,13.496109
7,13,17,29.460399,8.900801
7,13,18,50.888341,17.811445
7,13,19,40.891157,16.520252
7,13,20,72.158986,28.561548
7,13,21,55.294801,25.417512
7,13,22,64.764211,28.574271
7,13,23,46.182818,15.045185
7,13,24,131.365145,50.107376
7,13,25,121.695692,52.034774
7,13,26,35.854988,15.556528
7,13,27,30.327184,9.846399
7,13,28,34.855430,10.677146
7,13,29,74.579996,29.589665
7,13,30,112.780238,39.620206
7,13,31,91.762206,37.516046
7,13,32,107.683649,32.646017
7,13,33,39.152864,18.187849
7,14,2,70.625311,23.419097
7,14,3,52.433372,21.263416
7,14,4,63.314143,28.289996
7,14,5,31.827619,12.051607
7,14,6,34.011545,12.478364
7,14,7,100.015717,37.292172
7,14,8,159.862433,64.090349
7,14,9,38.354848,13.734463
7,14,10,37.125785,12.021287
7,14,11,25.429390,11.411927
7,14,12,36.870460,16.603328
7,14,13,37.932683,11.428157
7,14,14,64.302895,20.773756
7,14,15,36.684640,16.707724
7,14,16,28.232204,10.401505
7,14,17,33.534033,16.192537
7,14,18,60.864601,24.306281
7,14,19,54.813522,19.646750
7,14,20,43.183951,17.653624
7,14,21,55.978191,18.500133
7,14,22,57.366723,23.194405
7,14,23,63.537007,21.504943
7,14,24,125.977775,51.603915
7,14,25,142.090777,67.536546
7,14,26,47.359111,15.918605
7,14,27,36.326517,15.839359
7,14,28,36.820256,13.879158
7,14,29,69.569144,23.166976
7,14,30,116.030505,49.418919
7,14,31,115.226631,42.278345
7,14,32,118.881644,35.897344
7,14,33,38.840494,15.338160
7,15,2,58.941330,21.525651
7,15,3,60.934540,22.786460
7,15,4,80.310197,33.216948
7,15,5,32.319231,12.336343
7,15,6,41.745393,13.757654
7,15,7,112.846273,48.079166
7,15,8,125.973351,48.921054
7,15,9,37.347216,17.694192
7,15,10,34.720995,17.139774
7,15,11,29.815944,13.764367
7,15,12,25.592757,11.156202
7,15,13,38.399054,14.725700
7,15,14,88.993612,33.114451
7,15,15,39.224242,14.655247
7,15,16,39.641749,14.377016
7,15,17,41.512337,14.561275
7,15,18,54.219762,20.685545
7,15,19,44.500070,18.372516
7,15,20,48.313190,22.446135
7,15,21,60.593239,26.597092
7,15,22,46.252574,18.218074
7,15,23,45.269152,13.956604
7,15,24,135.261462,52.605803
7,15,25,117.607360,55.340528
7,15,26,41.582211,19.489156
7,15,27,36.151875,13.982119
7,15,28,33.274702,16.429541
7,15,29,68.711284,30.366403
7,15,30,112.670410,44.156343
7,15,31,80.266831,29.889678
7,15,32,112.984487,42.627163
7,15,33,36.011938,13.512401
7,16,2,54.505447,22.821434
7,16,3,67.756655,23.178864
7,16,4,82.962330,41.285247
7,16,5,42.308924,14.352760
7,16,6,33.332265,11.675491
7,16,7,133.950743,43.033290
7,16,8,122.826589,52.445405
7,16,9,36.145668,17.245544
7,16,10,33.994382,10.600549
7,16,11,26.664069,8.115491
7,16,12,43.581777,19.320213
7,16,13,38.608386,15.940788
7,16,14,58.087384,19.571414
7,16,15,37.125422,12.278293
7,16,16,32.213813,15.730517
7,16,17,40.580728,15.825782
7,16,18,42.922593,15.788153
7,16,19,52.699547,22.009436
7,16,20,52.168634,22.272853
7,16,21,57.722033,20.151885
7,16,22,50.157313,20.478500
7,16,23,69.738044,27.141486
7,16,24,128.282943,60.018575
7,16,25,136.312371,64.292799
7,16,26,28.166737,11.813679
7,16,27,38.333856,15.116910
7,16,28,37.588174,17.960618
7,16,29,88.465568,35.505746
7,16,30,107.611562,32.746219
7,16,31,109.939577,34.201626
7,16,32,119.029906,54.164864
7,16,33,32.783569,13.482701
7,17,2,54.232454,23.894882
7,17,3,66.989816,20.574699
7,17,4,81.736943,35.874683
7,17,5,33.349629,15.304558
7,17,6,30.345880,9.436310
7,17,7,135.532854,54.158646
7,17,8,118.022184,47.220737
7,17,9,31.430051,10.907721
7,17,10,42.578739,14.238910
7,17,11,29.187710,13.706156
7,17,12,37.308287,12.938526
7,17,13,31.353590,14.571971
7,17,14,74.101478,26.075946
7,17,15,30.534497,11.279566
7,17,16,35.919488,15.158991
7,17,17,36.067511,11.067902
7,17,18,49.914947,16.435421
7,17,19,51.584505,23.668518
7,17,20,46.546205,17.650314
7,17,21,53.832544,24.234748
7,17,22,52.523779,16.330793
7,17,23,57.935552,27.509708
7,17,24,151.012710,60.994190
7,17,25,170.280737,82.166581
7,17,26,33.675601,11.040529
7,17,27,38.561692,12.458148
7,17,28,41.046930,18.259740
7,17,29,75.952785,31.726611
7,17,30,108.844769,48.405148
7,17,31,102.117165,31.713816
7,17,32,114.839158,54.912105
7,17,33,39.325898,17.513579
7,18,2,54.157372,21.790551
7,18,3,65.274493,28.318828
7,18,4,64.338359,21.298335
7,18,5,33.323022,15.560570
7,18,6,31.930866,10.895661
7,18,7,127.655961,50.444928
7,18,8,115.035192,52.557546
7,18,9,32.540048,13.462547
7,18,10,40.528085,12.830214
7,18,11,30.885656,13.039327
7,18,12,45.549779,22.251555
7,18,13,34.036045,15.842119
7,18,14,73.562775,31.076813
7,18,15,30.808599,13.741642
7,18,16,40.969242,14.821765
7,18,17,35.312012,15.080795
7,18,18,50.961509,21.647440
7,18,19,57.542813,17.795573
7,18,20,54.208778,23.569712
7,18,21,54.368031,25.303711
7,18,22,45.758435,17.947291
7,18,23,77.487861,29.528341
7,18,24,130.790449,59.962619
7,18,25,145.014155,47.956899
7,18,26,33.964239,14.943056
7,18,27,36.877193,14.013692
7,18,28,37.571226,13.478949
7,18,29,68.382766,22.151203
7,18,30,115.139172,46.454583
7,18,31,97.391394,34.828871
7,18,32,145.962739,64.419674
7,18,33,35.345950,14.474699
7,19,2,62.049026,23.262472
7,19,3,56.174427,26.209843
7,19,4,72.761990,28.763144
7,19,5,28.827824,9.266931
7,19,6,41.321852,17.837487
7,19,7,112.583469,49.004566
7,19,8,133.590435,55.685223
7,19,9,36.249424,13.863263
7,19,10,36.768269,15.774513
7,19,11,28.197501,11.024849
7,19,12,40.173806,19.353734
7,19,13,37.608849,11.430677
7,19,14,94.448460,40.448270
7,19,15,39.913877,14.337133
7,19,16,38.356341,14.522841
7,19,17,38.375875,13.857814
7,19,18,54.522370,19.818620
7,19,19,55.582594,20.380546
7,19,20,54.937622,22.583054
7,19,21,53.241255,22.281247
7,19,22,53.241626,25.714225
7,19,23,67.844263,33.908963
7,19,24,122.644196,49.549562
7,19,25,150.121403,50.563879
7,19,26,33.426214,14.204438
7,19,27,36.280382,11.540659
7,19,28,31.492651,9.615090
7,19,29,69.311007,27.090750
7,19,30,126.835557,44.299839
7,19,31,104.558262,48.177190
7,19,32,132.475020,40.819265
7,19,33,33.845009,16.396210
7,20,2,57.952458,17.858347
7,20,3,53.445884,20.494507
7,20,4,76.260155,31.531655
7,20,5,37.014647,12.242716
7,20,6,38.430933,15.878980
7,20,7,123.679909,51.310005
7,20,8,103.116502,51.539737
7,20,9,37.143066,15.835892
7,20,10,41.087252,16.140484
7,20,11,25.222582,9.078412
7,20,12,37.307520,11.581447
7,20,13,39.276223,16.651338
7,20,14,69.046512,27.277192
7,20,15,32.158604,15.912504
7,20,16,33.132051,15.179795
7,20,17,32.373189,12.343591
7,20,18,52.057042,24.702033
7,20,19,52.752679,16.018315
7,20,20,54.279237,22.276105
7,20,21,52.956433,24.376636
7,20,22,49.364061,16.143940
7,20,23,55.386842,18.576209
7,20,24,133.361359,61.007179
7,20,25,167.451832,62.456590
7,20,26,28.628064,10.733620
7,20,27,36.483958,12.703785
7,20,28,38.187771,17.172105
7,20,29,71.032435,23.486653
7,20,30,142.132954,53.380809
7,20,31,88.844457,38.994993
7,20,32,132.268299,44.837632
7,20,33,35.731330,12.924523
7,21,2,72.966462,30.489468
7,21,3,60.653545,29.701202
7,21,4,99.411078,37.985884
7,21,5,35.037486,12.916130
7,21,6,44.064420,21.399245
7,21,7,133.672349,63.082471
7,21,8,142.027016,46.784248
7,21,9,34.862130,16.796928
7,21,10,36.109361,14.936879
7,21,11,27.888581,11.031186
7,21,12,32.146376,13.627159
7,21,13,39.875008,18.800234
7,21,14,79.231289,26.426581
7,21,15,33.914425,12.104099
7,21,16,39.370434,13.157970
7,21,17,38.105890,19.010305
7,21,18,68.812111,21.089758
7,21,19,50.241027,20.733216
7,21,20,52.021431,20.633125
7,21,21,61.575448,29.410205
7,21,22,52.389775,22.717899
7,21,23,63.287024,27.001922
7,21,24,156.052867,69.243123
7,21,25,130.979637,56.967836
7,21,26,36.699881,15.590860
7,21,27,33.979704,14.179726
7,21,28,38.034091,16.671339
7,21,29,78.908319,35.667115
7,21,30,143.482573,61.631910
7,21,31,96.045621,43.578392
7,21,32,128.247689,49.525104
7,21,33,38.878394,12.635377
7,22,2,66.757805,31.537652
7,22,3,69.447690,26.872751
7,22,4,88.760859,30.420731
7,22,5,38.289680,11.940751
7,22,6,47.251558,14.224383
7,22,7,112.217498,34.582432
7,22,8,113.207894,41.404024
7,22,9,32.790902,12.960462
7,22,10,28.730017,10.820376
7,22,11,32.787940,14.452028
7,22,12,36.226162,17.789651
7,22,13,31.035946,10.922164
7,22,14,64.346355,30.838741
7,22,15,34.316642,13.957289
7,22,16,37.703230,16.222694
7,22,17,32.799339,16.177797
7,22,18,58.193116,23.929810
7,22,19,61.928934,18.756647
7,22,20,45.683299,22.523037
7,22,21,73.603927,23.272344
7,22,22,54.116228,19.623209
7,22,23,52.578062,23.339122
7,22,24,170.188242,60.375476
7,22,25,134.084548,56.803112
7,22,26,33.880938,12.673108
7,22,27,39.989685,18.195449
7,22,28,39.961254,15.880971
7,22,29,66.873710,24.762750
7,22,30,112.413443,42.718660
7,22,31,85.271500,34.323072
7,22,32,137.005334,50.324268
7,22,33,40.445330,19.193643
7,23,2,65.499025,32.217540
7,23,3,64.829742,22.139539
7,23,4,65.445012,30.206395
7,23,5,39.184034,18.882188
7,23,6,35.595932,16.064364
7,23,7,113.831733,38.353598
7,23,8,87.652600,39.315500
7,23,9,42.955913,13.833028
7,23,10,36.243013,14.402654
7,23,11,26.351769,10.014495
7,23,12,38.619818,12.930160
7,23,13,46.022649,22.773034
7,23,14,63.274251,30.449223
7,23,15,36.043046,16.884054
7,23,16,41.329523,16.184142
7,23,17,36.085993,15.518946
7,23,18,61.042472,23.416875
7,23,19,64.893637,28.087792
7,23,20,45.308693,15.366102
7,23,21,73.849293,32.547266
7,23,22,52.783041,22.099409
7,23,23,65.558448,30.618685
7,23,24,148.072011,58.245169
7,23,25,187.786438,81.369578
7,23,26,35.000910,10.555712
7,23,27,36.067313,12.953125
7,23,28,33.871365,10.440478
7,23,29,65.634933,25.913791
7,23,30,125.044332,47.405161
7,23,31,96.659349,31.921649
7,23,32,135.982400,48.108225
7,23,33,36.290446,13.035192
7,24,2,68.290639,32.161108
7,24,3,64.193536,31.105734
7,24,4,81.936042,30.966837
7,24,5,33.526022,15.803736
7,24,6,39.170530,13.257089
7,24,7,129.235448,55.844158
7,24,8,94.730380,45.165360
7,24,9,36.660484,14.785221
7,24,10,34.450582,16.961554
7,24,11,25.211320,8.409188
7,24,12,38.235727,13.871367
7,24,13,38.273223,14.914856
7,24,14,93.081365,46.270211
7,24,15,44.174401,18.536890
7,24,16,37.089470,15.004454
7,24,17,42.587061,17.754899
7,24,18,58.412986,19.274889
7,24,19,52.210925,20.240066
7,24,20,54.802910,24.029762
7,24,21,68.869864,33.170852
7,24,22,53.080782,25.978325
7,24,23,55.609138,24.689714
7,24,24,169.168306,73.822140
7,24,25,147.409804,64.614425
7,24,26,42.532348,15.631325
7,24,27,34.427751,16.361019
7,24,28,42.999836,16.730543
7,24,29,97.870983,34.210101
7,24,30,127.976698,54.116759
7,24,31,102.301529,43.327449
7,24,32,151.609665,61.675500
7,24,33,42.885797,19.991121
8,1,2,42.182407,16.489187
8,1,3,44.638666,20.099891
8,1,4,60.697801,27.484604
8,1,5,34.237343,13.159296
8,1,6,27.281181,13.147023
8,1,7,86.977412,31.489523
8,1,8,119.634880,46.071358
8,1,9,27.278412,10.457080
8,1,10,32.590893,10.987708
8,1,11,22.078731,8.768654
8,1,12,29.781256,11.333196
8,1,13,39.212476,15.188901
8,1,14,50.450837,22.681331
8,1,15,36.976156,11.573397
8,1,16,32.786378,11.351265
8,1,17,28.733827,9.370377
8,1,18,49.427923,23.919435
8,1,19,45.340518,22.335846
8,1,20,65.384106,23.520861
8,1,21,47.053273,20.369541
8,1,22,52.098952,16.379672
8,1,23,49.171914,15.818896
8,1,24,101.055075,49.825797
8,1,25,114.654260,56.914543
8,1,26,31.139470,13.014296
8,1,27,31.180616,11.735851
8,1,28,34.580332,13.881868
8,1,29,49.210322,17.219810
8,1,30,97.288126,31.973520
8,1,31,92.071773,39.317239
8,1,32,122.198301,42.852281
8,1,33,30.055783,10.800992
8,2,2,78.934770,25.981674
8,2,3,68.113733,29.578688
8,2,4,81.368419,36.156172
8,2,5,39.031865,14.999916
8,2,6,39.702121,12.825378
8,2,7,165.337887,54.918113
8,2,8,157.828546,58.376268
8,2,9,55.805762,19.018982
8,2,10,43.525246,17.584256
8,2,11,37.441548,14.187816
8,2,12,41.776992,16.937920
8,2,13,38.153645,12.649570
8,2,14,83.214516,39.023147
8,2,15,50.245027,23.503768
8,2,16,42.243153,20.309968
8,2,17,42.928941,14.905869
8,2,18,72.534766,33.661608
8,2,19,57.556922,18.525055
8,2,20,65.577111,22.864240
8,2,21,66.929202,20.846848
8,2,22,73.659860,32.468730
8,2,23,71.895221,28.944450
8,2,24,193.217305,78.861657
8,2,25,159.489945,73.736621
8,2,26,44.296870,21.413926
8,2,27,41.711721,17.974545
8,2,28,47.911870,19.729459
8,2,29,86.537177,30.962187
8,2,30,167.971691,52.434239
8,2,31,121.609789,60.455286
8,2,32,139.971781,55.211922
8,2,33,55.657358,18.930885
8,3,2,42.538503,15.530415
8,3,3,44.564925,15.779896
8,3,4,52.847117,24.948723
8,3,5,29.934430,12.847744
8,3,6,38.888715,14.231626
8,3,7,117.649997,49.469291
8,3,8,106.233231,37.809808
8,3,9,22.330420,10.015729
8,3,10,33.963182,16.270656
8,3,11,28.498830,13.763601
8,3,12,26.841396,12.504779
8,3,13,26.124678,11.765457
8,3,14,59.657001,20.842339
8,3,15,26.544354,11.539721
8,3,16,26.257045,8.055013
8,3,17,19.847100,9.100700
8,3,18,41.876946,15.371652
8,3,19,44.570071,17.245764
8,3,20,38.910863,15.108164
8,3,21,46.615305,18.492013
8,3,22,44.474306,16.789367
8,3,23,46.202405,17.427614
8,3,24,102.348057,33.896149
8,3,25,83.739512,33.198576
8,3,26,32.486118,13.093900
8,3,27,30.803613,11.140276
8,3,28,24.322496,8.339975
8,3,29,62.473837,23.820595
8,3,30,114.840639,51.754780
8,3,31,78.971888,31.899821
8,3,32,87.850333,33.431888
8,3,33,28.428494,13.127862
8,4,2,55.324711,23.989187
8,4,3,46.074090,14.217405
8,4,4,61.504849,29.654490
8,4,5,35.521998,15.185518
8,4,6,26.775108,12.564486
8,4,7,93.513858,36.332190
8,4,8,85.893310,29.712991
8,4,9,31.632508,13.760868
8,4,10,23.856312,10.184181
8,4,11,18.273040,8.697545
8,4,12,39.157085,12.572885
8,4,13,32.971721,15.736952
8,4,14,61.496883,28.017272
8,4,15,26.900805,11.229424
8,4,16,27.529853,10.472457
8,4,17,31.853175,11.041359
8,4,18,52.089619,18.446889
8,4,19,41.538081,14.902025
8,4,20,38.354382,16.692702
8,4,21,52.671144,23.616001
8,4,22,41.554328,13.987992
8,4,23,43.686428,19.261642
8,4,24,107.097876,52.487152
8,4,25,127.852850,48.053255
8,4,26,29.735545,10.598475
8,4,27,31.341236,15.286498
8,4,28,29.779713,10.630086
8,4,29,54.217328,23.920737
8,4,30,99.440946,43.814344
8,4,31,67.583375,23.438327
8,4,32,91.087510,33.015333
8,4,33,29.343630,10.253559
8,5,2,51.372067,23.689379
8,5,3,64.587134,29.682500
8,5,4,72.806364,24.014760
8,5,5,22.336300,8.593200
8,5,6,31.709631,14.586291
8,5,7,88.692395,36.391199
8,5,8,89.867064,35.203651
8,5,9,33.178773,11.498037
8,5,10,35.874545,17.075514
8,5,11,25.989724,9.247138
8,5,12,32.060961,15.170906
8,5,13,33.996262,11.443601
8,5,14,53.245508,20.010659
8,5,15,30.499275,12.557569
8,5,16,28.753493,13.896906
8,5,17,28.708698,10.628219
8,5,18,68.472789,23.156632
8,5,19,46.906408,15.555437
8,5,20,49.572730,17.196758
8,5,21,40.451806,14.109621
8,5,22,43.790732,20.948445
8,5,23,45.298639,21.431299
8,5,24,103.158501,47.165074
8,5,25,111.363951,34.507301
8,5,26,34.960458,14.398770
8,5,27,27.106779,9.299505
8,5,28,31.452580,12.707595
8,5,29,59.794924,20.972916
8,5,30,107.787938,49.299271
8,5,31,71.006275,28.036499
8,5,32,115.468718,46.192864
8,5,33,29.666560,9.346514
8,6,2,65.173001,25.434845
8,6,3,50.492973,19.156299
8,6,4,68.470960,30.697114
8,6,5,34.869642,15.731544
8,6,6,28.061052,9.790257
8,6,7,84.287700,27.073200
8,6,8,115.201427,45.443003
8,6,9,31.770887,15.519124
8,6,10,36.297182,15.387843
8,6,11,26.071988,11.428869
8,6,12,31.051689,14.070955
8,6,13,45.943762,18.197917
8,6,14,93.097057,31.988059
8,6,15,37.850817,11.681225
8,6,16,35.212574,15.452474
8,6,17,36.654598,11.017790
8,6,18,63.365395,25.313414
8,6,19,59.604235,27.734642
8,6,20,43.620181,20.703586
8,6,21,63.463351,28.268920
8,6,22,51.865655,18.066114
8,6,23,60.023569,25.665518
8,6,24,137.601023,54.231334
8,6,25,148.897911,58.054132
8,6,26,40.322714,20.030196
8,6,27,36.854762,14.408077
8,6,28,27.896637,11.976332
8,6,29,66.600898,28.599475
8,6,30,131.402891,50.534201
8,6,31,86.708561,29.651125
8,6,32,126.962892,61.883251
8,6,33,37.642382,15.283914
8,7,2,80.068057,33.109360
8,7,3,59.303128,28.717529
8,7,4,61.811662,30.742845
8,7,5,33.408554,12.795670
8,7,6,37.747066,15.325106
8,7,7,106.621011,52.727121
8,7,8,139.317762,48.995576
8,7,9,31.832798,14.097703
8,7,10,32.405334,11.952359
8,7,11,24.632442,9.425580
8,7,12,31.196616,13.091728
8,7,13,41.097791,13.028343
8,7,14,59.137309,21.345083
8,7,15,32.509420,10.316789
8,7,16,39.187175,16.186802
8,7,17,39.658631,12.556417
8,7,18,46.026122,21.423096
8,7,19,52.397802,18.699319
8,7,20,44.786992,20.538171
8,7,21,56.908740,21.726315
8,7,22,59.044672,19.446330
8,7,23,48.531301,17.422853
8,7,24,129.933026,59.067572
8,7,25,135.640721,55.959250
8,7,26,35.151608,11.588650
8,7,27,41.594492,17.015341
8,7,28,37.450643,13.170469
8,7,29,87.122849,36.337627
8,7,30,116.235150,43.060902
8,7,31,76.560204,25.253645
8,7,32,116.931521,41.896620
8,7,33,39.036587,18.821231
8,8,2,61.738404,21.928773
8,8,3,62.965812,21.332928
8,8,4,67.965653,29.925373
8,8,5,38.359463,15.093559
8,8,6,36.584325,12.555898
8,8,7,110.991957,45.842048
8,8,8,118.401996,55.588098
8,8,9,38.586193,16.526057
8,8,10,35.824548,14.119040
8,8,11,30.272128,9.528431
8,8,12,38.201884,16.706686
8,8,13,29.152070,12.512272
8,8,14,55.995268,23.395976
8,8,15,30.869614,12.095835
8,8,16,35.148479,15.946995
8,8,17,34.424671,16.355643
8,8,18,57.286142,28.497589
8,8,19,53.456580,16.454353
8,8,20,48.430942,20.408041
8,8,21,61.648407,27.703271
8,8,22,53.421358,19.999587
8,8,23,60.843571,30.180423
8,8,24,120.918876,41.811038
8,8,25,138.808703,66.253819
8,8,26,33.590023,12.743362
8,8,27,30.018941,10.609797
8,8,28,41.377612,17.504143
8,8,29,65.105401,22.294672
8,8,30,113.861695,45.146713
8,8,31,103.200903,46.020876
8,8,32,115.779502,39.221394
8,8,33,36.026834,11.900756
8,9,2,68.171658,27.193597
8,9,3,57.133192,21.952300
8,9,4,66.129427,32.179702
8,9,5,37.100526,12.044210
8,9,6,35.105578,16.453571
8,9,7,106.885635,49.573351
8,9,8,119.415480,50.325240
8,9,9,43.046075,15.506942
8,9,10,37.558989,17.933256
8,9,11,31.390937,12.663678
8,9,12,39.853167,15.288412
8,9,13,35.786747,12.895879
8,9,14,59.692606,28.094356
8,9,15,40.536387,18.916523
8,9,16,29.730278,13.721021
8,9,17,36.651052,11.999706
8,9,18,43.345722,21.229426
8,9,19,45.223659,17.043464
8,9,20,60.637470,24.510883
8,9,21,52.632952,20.741308
8,9,22,54.491812,16.570016
8,9,23,49.320591,20.107190
8,9,24,133.835234,66.866089
8,9,25,121.970335,49.386030
8,9,26,35.130094,16.885615
8,9,27,31.118163,11.293491
8,9,28,41.999399,19.058511
8,9,29,77.182910,28.815563
8,9,30,103.511693,39.691465
8,9,31,74.910358,28.226429
8,9,32,112.925618,53.467110
8,9,33,35.560642,13.278262
8,10,2,50.666245,19.863216
8,10,3,56.611054,20.512864
8,10,4,71.202917,24.313142
8,10,5,31.300667,13.255051
8,10,6,33.032907,10.296847
8,10,7,121.760921,45.059921
8,10,8,128.903088,58.511560
8,10,9,30.286497,10.860470
8,10,10,36.649175,16.674683
8,10,11,27.078258,9.239392
8,10,12,32.641096,11.319739
8,10,13,37.530794,13.606150
8,10,14,61.608281,29.046550
8,10,15,37.167912,13.258519
8,10,16,38.507762,15.413807
8,10,17,37.488406,15.989157
8,10,18,58.118047,18.940502
8,10,19,47.856178,17.429225
8,10,20,41.551719,20.221250
8,10,21,48.976551,16.379839
8,10,22,56.531569,26.181681
8,10,23,47.779882,15.573131
8,10,24,129.513482,48.705411
8,10,25,117.983701,51.746133
8,10,26,34.503858,13.523462
8,10,27,40.357009,16.572891
8,10,28,36.724184,14.332253
8,10,29,67.902725,22.188784
8,10,30,90.361040,36.499424
8,10,31,101.935901,35.426706
8,10,32,126.516158,47.788501
8,10,33,28.813223,12.307086
8,11,2,56.310314,22.065092
8,11,3,49.104241,23.033361
8,11,4,70.696606,29.009112
8,11,5,33.716487,13.109269
8,11,6,35.306531,13.515072
8,11,7,138.680448,57.658660
8,11,8,123.988817,38.012689
8,11,9,45.753054,20.680179
8,11,10,32.977640,14.440002
8,11,11,27.177749,8.695201
8,11,12,32.910628,10.637413
8,11,13,32.239345,9.751120
8,11,14,77.872253,25.871633
8,11,15,36.956855,17.472639
8,11,16,38.795371,16.988522
8,11,17,39.018946,16.798768
8,11,18,45.281524,21.212951
8,11,19,58.722232,27.760505
8,11,20,52.445776,21.639006
8,11,21,55.820256,19.579398
8,11,22,49.512381,23.952972
8,11,23,59.322947,27.777505
8,11,24,129.479349,57.873315
8,11,25,154.337875,47.155492
8,11,26,36.482331,17.296724
8,11,27,32.741100,11.885677
8,11,28,40.181765,16.203002
8,11,29,81.141238,27.903116
8,11,30,90.738931,40.052121
8,11,31,101.344625,40.612048
8,11,32,130.424495,47.742285
8,11,33,30.079316,10.544711
8,12,2,65.128475,32.106414
8,12,3,57.676557,21.692050
8,12,4,74.162594,35.615774
8,12,5,33.587704,10.721750
8,12,6,35.666569,14.130087
8,12,7,141.659834,50.798995
8,12,8,106.802057,36.330625
8,12,9,36.866080,11.995266
8,12,10,38.251286,14.714984
8,12,11,24.115109,9.509338
8,12,12,33.715586,12.404623
8,12,13,33.795114,14.306733
8,12,14,64.056031,26.517268
8,12,15,41.520431,15.074886
8,12,16,33.403234,12.553086
8,12,17,45.000489,19.909247
8,12,18,46.214597,20.899021
8,12,19,65.229934,31.118012
8,12,20,50.184117,22.773337
8,12,21,56.800840,22.610821
8,12,22,53.540197,21.470974
8,12,23,53.932937,19.765159
8,12,24,138.162934,53.153077
8,12,25,112.970882,49.329583
8,12,26,31.594240,14.577488
8,12,27,32.240095,14.028407
8,12,28,40.292333,20.128766
8,12,29,64.588012,26.299305
8,12,30,117.389891,54.029296
8,12,31,83.618892,38.934487
8,12,32,113.775717,46.741151
8,12,33,41.411940,16.540084
8,13,2,53.062419,20.638548
8,13,3,60.143206,23.554343
8,13,4,76.185549,25.379815
8,13,5,32.455163,14.815653
8,13,6,33.530034,11.019264
8,13,7,134.996440,46.963227
8,13,8,125.854838,37.919095
8,13,9,39.144824,16.388860
8,13,10,38.796866,18.013707
8,13,11,25.126507,11.821853
8,13,12,32.903826,14.832201
8,13,13,34.396295,11.678636
8,13,14,74.074781,23.488716
8,13,15,29.419516,11.710186
8,13,16,35.614985,13.342516
8,13,17,33.613854,14.141619
8,13,18,55.046497,27.159839
8,13,19,57.615117,27.890450
8,13,20,46.692033,18.342014
8,13,21,62.199021,25.622164
8,13,22,52.036925,17.695227
8,13,23,60.785502,26.173548
8,13,24,136.827042,55.516698
8,13,25,123.609277,43.987862
8,13,26,30.391388,13.982229
8,13,27,45.503429,20.709549
8,13,28,46.267146,15.557714
8,13,29,71.144153,22.668044
8,13,30,140.603317,50.704124
8,13,31,95.797737,31.370404
8,13,32,146.027684,63.131721
8,13,33,38.359284,16.390250
8,14,2,72.345586,30.202411
8,14,3,61.936185,23.470780
8,14,4,68.040778,26.475719
8,14,5,33.161509,12.582340
8,14,6,38.927054,19.126905
8,14,7,128.217392,48.998620
8,14,8,130.699239,46.486837
8,14,9,35.873284,15.847345
8,14,10,37.869586,12.638347
8,14,11,26.168442,10.312991
8,14,12,41.503000,17.438778
8,14,13,29.465380,10.867258
8,14,14,84.222590,34.671240
8,14,15,36.250783,16.951577
8,14,16,28.484524,10.983380
8,14,17,35.464916,10.730996
8,14,18,50.803328,24.733661
8,14,19,58.603275,24.951101
8,14,20,45.285415,22.518347
8,14,21,63.697653,27.252160
8,14,22,54.783740,17.025144
8,14,23,56.834200,23.969467
8,14,24,133.283829,57.242901
8,14,25,150.203616,45.655257
8,14,26,46.248961,22.149238
8,14,27,41.111266,14.690285
8,14,28,43.223473,17.684152
8,14,29,80.045090,39.206427
8,14,30,106.115312,39.083734
8,14,31,102.496278,48.480055
8,14,32,127.621935,46.291325
8,14,33,37.300220,17.903251
8,15,2,55.450889,22.706317
8,15,3,57.160619,28.283918
8,15,4,63.246574,23.266284
8,15,5,52.758250,22.911450
8,15,6,40.637932,14.955116
8,15,7,122.546202,50.070719
8,15,8,119.370849,58.584076
8,15,9,40.563053,13.159442
8,15,10,40.918059,14.858029
8,15,11,27.625238,11.318765
8,15,12,37.864005,12.224501
8,15,13,41.660608,14.866603
8,15,14,76.081172,23.005953
8,15,15,33.494495,11.783140
8,15,16,37.241224,14.699971
8,15,17,37.700680,16.129902
8,15,18,58.851666,25.797340
8,15,19,60.611620,20.951644
8,15,20,49.961847,19.948854
8,15,21,61.262994,25.005602
8,15,22,64.022035,29.698961
8,15,23,55.293863,21.799224
8,15,24,109.490996,44.218070
8,15,25,128.512970,55.152122
8,15,26,38.104324,12.687478
8,15,27,35.238532,15.557834
8,15,28,35.985566,15.133026
8,15,29,82.250625,37.072742
8,15,30,116.708716,36.735859
8,15,31,67.395218,29.974917
8,15,32,131.417022,51.311749
8,15,33,36.626677,13.601750
8,16,2,60.387719,19.682552
8,16,3,63.405733,25.262848
8,16,4,64.299712,32.110480
8,16,5,32.812726,15.179529
8,16,6,45.291687,14.133689
8,16,7,137.035440,46.772913
8,16,8,116.386271,46.228754
8,16,9,34.944415,13.813156
8,16,10,46.418593,16.843140
8,16,11,24.427193,10.788538
8,16,12,31.765074,11.791982
8,16,13,32.395494,10.293309
8,16,14,85.529348,39.395922
8,16,15,42.213782,12.833444
8,16,16,37.209072,13.749829
8,16,17,33.988001,14.858658
8,16,18,56.416722,20.655894
8,16,19,54.535310,22.866742
8,16,20,45.003327,15.046065
8,16,21,44.720652,14.543080
8,16,22,63.232368,30.522332
8,16,23,57.293984,22.124488
8,16,24,149.628078,67.435779
8,16,25,140.717294,45.920254
8,16,26,26.506880,10.800394
8,16,27,34.216788,16.806291
8,16,28,43.002269,21.501135
8,16,29,69.394828,32.436742
8,16,30,111.480450,52.650598
8,16,31,91.862926,30.768680
8,16,32,106.555449,44.518159
8,16,33,34.348759,12.275867
8,17,2,74.633347,23.205800
8,17,3,53.796300,24.896246
8,17,4,79.454197,31.261435
8,17,5,31.813664,11.744105
8,17,6,37.756567,17.650280
8,17,7,145.730324,69.070223
8,17,8,124.395446,42.132684
8,17,9,35.777110,15.839274
8,17,10,43.284252,14.860625
8,17,11,22.496070,9.552432
8,17,12,30.447228,13.219412
8,17,13,41.322226,17.499342
8,17,14,96.107516,39.443579
8,17,15,37.286688,16.731360
8,17,16,48.086145,14.552352
8,17,17,27.406715,11.154766
8,17,18,54.434430,18.493842
8,17,19,49.118271,18.761602
8,17,20,54.877615,27.068801
8,17,21,59.925859,24.698586
8,17,22,60.999539,27.462812
8,17,23,57.464861,27.864643
8,17,24,140.711859,63.648413
8,17,25,159.197981,68.283373
8,17,26,35.110162,15.348350
8,17,27,35.198269,12.975625
8,17,28,36.413992,11.542902
8,17,29,59.039680,20.048437
8,17,30,134.653513,66.184983
8,17,31,81.365759,32.254201
8,17,32,124.379904,37.418414
8,17,33,35.516138,16.357443
8,18,2,53.639309,21.098506
8,18,3,45.321541,18.149445
8,18,4,61.020547,24.470665
8,18,5,33.374803,16.056468
8,18,6,38.529669,13.762581
8,18,7,101.581730,34.638204
8,18,8,146.035782,64.549708
8,18,9,37.870964,15.002670
8,18,10,44.730621,13.626555
8,18,11,23.793071,9.405676
8,18,12,35.744600,13.756299
8,18,13,30.376805,13.616601
8,18,14,68.696758,22.065269
8,18,15,46.686846,21.805907
8,18,16,30.464039,10.871002
8,18,17,32.400553,14.440647
8,18,18,52.159962,18.439677
8,18,19,56.245598,18.212841
8,18,20,64.853176,20.779402
8,18,21,62.795185,24.819188
8,18,22,51.264892,24.821530
8,18,23,58.011467,21.262673
8,18,24,164.391310,64.594750
8,18,25,138.414999,66.992993
8,18,26,31.864134,10.608607
8,18,27,38.206297,12.134136
8,18,28,37.284037,18.281880
8,18,29,75.518759,33.769601
8,18,30,118.035513,51.797600
8,18,31,113.088954,40.151147
8,18,32,127.654577,43.601110
8,18,33,41.600983,20.059621
8,19,2,58.993757,17.770773
8,19,3,50.289729,15.949190
8,19,4,82.985575,34.544708
8,19,5,37.584568,12.444105
8,19,6,38.736950,18.427907
8,19,7,117.625586,52.420486
8,19,8,137.673943,42.118917
8,19,9,31.240501,9.751019
8,19,10,38.932679,11.806923
8,19,11,24.839516,10.080164
8,19,12,44.695127,17.664941
8,19,13,37.066807,16.959097
8,19,14,65.525053,25.726946
8,19,15,44.153383,16.643045
8,19,16,33.759782,11.983454
8,19,17,43.617144,13.450220
8,19,18,53.075366,19.337643
8,19,19,56.469666,27.005153
8,19,20,47.798562,14.906446
8,19,21,60.263605,20.219046
8,19,22,55.588598,25.739677
8,19,23,60.107525,29.485241
8,19,24,138.293818,56.664928
8,19,25,137.626533,52.612755
8,19,26,42.797673,17.540502
8,19,27,33.642446,14.299129
8,19,28,39.119735,16.927218
8,19,29,80.296468,25.242721
8,19,30,146.750302,55.942470
8,19,31,77.274703,31.054859
8,19,32,144.428610,63.255420
8,19,33,40.342244,19.328524
8,20,2,67.499402,25.673953
8,20,3,65.239471,27.974651
8,20,4,73.124424,29.178781
8,20,5,36.476452,17.607848
8,20,6,46.293471,16.276573
8,20,7,120.465369,40.929857
8,20,8,122.575090,45.713233
8,20,9,34.662264,15.459179
8,20,10,32.218403,10.367715
8,20,11,29.310565,9.307734
8,20,12,40.532370,16.837675
8,20,13,35.718348,12.992547
8,20,14,88.448645,42.772892
8,20,15,31.585713,14.410951
8,20,16,41.094373,19.833795
8,20,17,34.262593,15.225639
8,20,18,63.335512,30.875966
8,20,19,58.810600,28.758856
8,20,20,57.631978,18.755667
8,20,21,51.244744,19.668137
8,20,22,60.762220,28.878211
8,20,23,65.362048,29.728374
8,20,24,168.851088,52.154337
8,20,25,125.819157,54.251535
8,20,26,41.701867,17.433121
8,20,27,37.060256,17.651415
8,20,28,40.584097,17.686224
8,20,29,77.461037,30.576566
8,20,30,149.433612,49.508620
8,20,31,102.871645,33.703302
8,20,32,138.451195,60.427103
8,20,33,39.137191,12.657299
8,21,2,58.363115,25.833685
8,21,3,58.137295,17.569194
8,21,4,75.423825,26.078485
8,21,5,38.148410,15.589229
8,21,6,33.664188,16.238777
8,21,7,138.650347,48.567985
8,21,8,139.876784,62.897760
8,21,9,37.448784,18.516322
8,21,10,39.648000,12.017557
8,21,11,37.679726,12.372951
8,21,12,48.788384,14.948188
8,21,13,37.590863,15.157387
8,21,14,74.387209,37.042700
8,21,15,33.571395,15.501698
8,21,16,38.129550,12.276619
8,21,17,31.964987,14.892928
8,21,18,57.297609,23.856235
8,21,19,62.173466,25.979520
8,21,20,63.729059,26.195845
8,21,21,77.163287,30.085493
8,21,22,58.883436,21.934699
8,21,23,53.909741,25.075033
8,21,24,147.610661,58.634365
8,21,25,164.381452,73.368916
8,21,26,38.235234,15.517007
8,21,27,40.170563,12.664898
8,21,28,36.715952,13.901318
8,21,29,73.682918,31.644086
8,21,30,134.113971,40.667662
8,21,31,121.271971,40.048332
8,21,32,125.266714,62.327210
8,21,33,34.714441,15.855464
8,22,2,58.462776,27.906833
8,22,3,64.605584,20.199301
8,22,4,77.729722,33.706806
8,22,5,42.976386,15.493055
8,22,6,43.182591,14.089618
8,22,7,115.651834,46.838626
8,22,8,134.054342,60.761020
8,22,9,32.995607,14.485141
8,22,10,45.136555,14.789650
8,22,11,29.214030,10.458440
8,22,12,33.216622,15.686784
8,22,13,39.355394,16.446401
8,22,14,71.967842,34.239739
8,22,15,43.251065,15.645180
8,22,16,39.522245,14.213761
8,22,17,36.692347,16.594948
8,22,18,48.919529,21.182759
8,22,19,54.858995,20.860768
8,22,20,61.323917,23.613889
8,22,21,55.722951,24.544067
8,22,22,49.973148,23.075844
8,22,23,50.676037,19.437831
8,22,24,132.925026,43.494850
8,22,25,152.059877,74.860464
8,22,26,42.124220,14.048009
8,22,27,35.143766,12.382026
8,22,28,39.143070,18.010107
8,22,29,68.658945,22.864493
8,22,30,155.445452,77.493093
8,22,31,103.298480,39.066278
8,22,32,131.364908,49.516886
8,22,33,40.976797,13.863388
8,23,2,66.528989,25.840430
8,23,3,61.356333,28.735897
8,23,4,72.493938,32.275274
8,23,5,36.535858,16.644414
8,23,6,37.578299,16.592678
8,23,7,134.258353,48.347556
8,23,8,143.154126,67.894395
8,23,9,51.676675,23.248766
8,23,10,37.073019,18.300515
8,23,11,35.484405,11.986113
8,23,12,37.909740,12.034215
8,23,13,43.997739,19.166644
8,23,14,97.755783,43.371441
8,23,15,35.759167,14.169559
8,23,16,36.483517,12.388913
8,23,17,38.651661,12.692202
8,23,18,55.245978,23.116164
8,23,19,53.679748,23.051521
8,23,20,69.636315,21.177824
8,23,21,64.604307,21.499701
8,23,22,74.918227,32.590877
8,23,23,57.777619,28.690658
8,23,24,145.553179,55.725307
8,23,25,174.190274,63.743529
8,23,26,45.637994,16.066195
8,23,27,41.829681,17.231393
8,23,28,40.461017,18.111122
8,23,29,77.467648,35.229335
8,23,30,152.898227,58.805966
8,23,31,103.792884,46.338798
8,23,32,159.175361,66.563569
8,23,33,41.137638,14.676789
8,24,2,75.255895,28.317637
8,24,3,62.915946,19.048420
8,24,4,107.890428,44.854245
8,24,5,45.935555,15.011170
8,24,6,48.646101,22.703548
8,24,7,129.930762,40.423050
8,24,8,120.309331,50.144851
8,24,9,44.852190,15.167857
8,24,10,43.694103,18.939874
8,24,11,34.635173,15.103382
8,24,12,41.687932,18.309623
8,24,13,40.013983,15.364821
8,24,14,85.463576,28.054543
8,24,15,35.532253,14.356223
8,24,16,39.986795,13.164619
8,24,17,46.677214,20.583151
8,24,18,56.952320,20.418494
8,24,19,60.388818,21.640832
8,24,20,65.416215,24.314615
8,24,21,47.670857,20.619191
8,24,22,55.893847,27.372505
8,24,23,68.012564,23.798600
8,24,24,166.525485,58.813659
8,24,25,142.007223,46.210509
8,24,26,37.484449,13.854561
8,24,27,40.600650,12.354931
8,24,28,38.780506,16.427360
8,24,29,73.215469,22.517578
8,24,30,139.950825,48.763805
8,24,31,89.723562,29.207409
8,24,32,128.783194,42.148954
8,24,33,46.045878,22.917411
9,1,2,51.082376,20.519576
9,1,3,49.340974,18.672214
9,1,4,59.937598,27.715971
9,1,5,31.123956,12.512894
9,1,6,32.670992,12.315640
9,1,7,107.527226,34.585990
9,1,8,110.451051,34.371917
9,1,9,31.408905,11.506723
9,1,10,27.040929,10.028136
9,1,11,18.626354,6.906523
9,1,12,30.578574,11.409870
9,1,13,27.769538,9.136887
9,1,14,62.907965,29.486492
9,1,15,32.749394,10.544533
9,1,16,29.390715,11.186644
9,1,17,34.339118,13.245302
9,1,18,38.177761,15.141416
9,1,19,41.992636,13.819314
9,1,20,41.582818,20.623448
9,1,21,45.734301,14.120352
9,1,22,33.645186,10.326129
9,1,23,43.387873,15.233865
9,1,24,100.084917,37.051622
9,1,25,118.455087,51.387831
9,1,26,26.506332,9.637696
9,1,27,29.934014,13.041307
9,1,28,32.206566,15.734093
9,1,29,57.091692,26.750681
9,1,30,99.073977,47.360043
9,1,31,64.458687,31.606203
9,1,32,97.839925,47.800532
9,1,33,29.983572,11.426387
9,2,2,56.948478,23.670874
9,2,3,62.537099,28.192589
9,2,4,97.176519,32.751521
9,2,5,45.181762,16.291201
9,2,6,44.977006,15.761490
9,2,7,159.673206,71.584304
9,2,8,126.547043,62.675185
9,2,9,48.204924,23.564466
9,2,10,45.300781,16.746858
9,2,11,38.310677,17.381359
9,2,12,39.398056,15.979514
9,2,13,50.754008,21.426581
9,2,14,65.098375,26.991815
9,2,15,42.031634,17.802349
9,2,16,41.009466,13.681394
9,2,17,51.279502,20.536932
9,2,18,76.625343,24.357929
9,2,19,85.181081,35.445733
9,2,20,59.620769,29.615592
9,2,21,64.724206,21.946404
9,2,22,81.853440,35.443162
9,2,23,64.174826,22.588326
9,2,24,209.688503,90.976106
9,2,25,144.842627,50.604898
9,2,26,47.513239,21.875777
9,2,27,38.964313,14.239465
9,2,28,46.948111,15.239049
9,2,29,97.308428,39.592752
9,2,30,183.491242,74.291666
9,2,31,117.856000,37.305069
9,2,32,164.039702,53.892331
9,2,33,42.248359,20.759953
9,3,2,39.807657,16.189192
9,3,3,40.608338,12.835587
9,3,4,58.890902,22.391111
9,3,5,29.961243,10.999986
9,3,6,27.552239,9.646820
9,3,7,87.557138,41.243795
9,3,8,85.377000,34.235200
9,3,9,27.873752,10.914968
9,3,10,24.222801,8.861616
9,3,11,21.661576,10.828575
9,3,12,28.581501,12.404409
9,3,13,23.873313,10.610768
9,3,14,44.168906,16.800380
9,3,15,30.545623,13.739035
9,3,16,27.559728,13.118300
9,3,17,27.665800,8.318078
9,3,18,40.073485,18.720341
9,3,19,31.648227,14.325293
9,3,20,39.185080,16.382502
9,3,21,47.085799,15.997962
9,3,22,28.845197,11.352989
9,3,23,49.079755,18.550964
9,3,24,96.705584,29.305243
9,3,25,113.491656,37.099597
9,3,26,25.371645,9.702839
9,3,27,22.760367,9.049555
9,3,28,26.869249,10.829443
9,3,29,48.429169,19.153816
9,3,30,74.430709,29.495933
9,3,31,47.451752,18.887319
9,3,32,96.605824,41.347652
9,3,33,31.178447,12.966430
9,4,2,73.518973,30.153591
9,4,3,82.807944,36.965682
9,4,4,90.050257,40.528213
9,4,5,45.775046,14.550780
9,4,6,47.866866,22.810106
9,4,7,161.254490,71.801929
9,4,8,146.845962,58.878298
9,4,9,47.642283,16.876452
9,4,10,42.859164,20.095040
9,4,11,27.487853,9.525970
9,4,12,51.628277,17.048364
9,4,13,41.210109,13.280456
9,4,14,80.117606,27.088294
9,4,15,39.548991,17.235022
9,4,16,44.230064,16.780928
9,4,17,41.502784,15.509637
9,4,18,85.777204,37.189929
9,4,19,61.205264,25.971728
9,4,20,71.185944,31.243270
9,4,21,73.847918,28.235867
9,4,22,51.908333,18.083376
9,4,23,72.759939,28.749443
9,4,24,135.460194,59.048929
9,4,25,172.629681,57.007993
9,4,26,48.626683,22.632685
9,4,27,49.364616,20.755301
9,4,28,39.673971,16.435203
9,4,29,108.317580,51.183632
9,4,30,180.605179,74.662358
9,4,31,84.435632,30.794899
9,4,32,135.599994,46.925422
9,4,33,42.872036,19.130664
9,5,2,52.465470,17.951234
9,5,3,46.219522,21.750421
9,5,4,49.768752,18.996108
9,5,5,29.669126,13.352769
9,5,6,34.859661,16.960383
9,5,7,107.378281,52.753416
9,5,8,83.517885,35.490407
9,5,9,26.192860,11.774833
9,5,10,29.445447,8.997246
9,5,11,23.846491,8.578138
9,5,12,26.818952,13.060336
9,5,13,28.217566,12.023530
9,5,14,55.379909,21.304536
9,5,15,29.459962,9.832881
9,5,16,31.813073,13.288644
9,5,17,36.510272,17.374096
9,5,18,59.660978,27.228752
9,5,19,56.400224,24.807332
9,5,20,42.155028,19.037581
9,5,21,42.244691,20.155905
9,5,22,51.181530,17.395623
9,5,23,51.739030,19.339309
9,5,24,103.962283,40.746786
9,5,25,110.744723,48.014207
9,5,26,33.463504,11.696419
9,5,27,33.134126,11.129246
9,5,28,30.858462,11.598236
9,5,29,67.730710,30.713034
9,5,30,111.073413,36.759812
9,5,31,82.639999,37.543232
9,5,32,125.504623,62.289504
9,5,33,28.039131,12.231257
9,6,2,47.007933,18.707049
9,6,3,54.735774,26.865931
9,6,4,76.726783,33.544030
9,6,5,36.903270,17.269096
9,6,6,35.795857,15.408711
9,6,7,96.807229,37.755936
9,6,8,116.008082,49.974909
9,6,9,37.559879,12.744800
9,6,10,39.732669,19.817321
9,6,11,27.433998,10.560578
9,6,12,37.019661,16.607765
9,6,13,42.725148,15.484158
9,6,14,64.501652,20.164862
9,6,15,39.556922,13.968276
9,6,16,36.405789,12.300975
9,6,17,34.693260,16.274720
9,6,18,55.544704,25.162802
9,6,19,44.995471,16.058685
9,6,20,52.697533,18.589822
9,6,21,55.967824,17.265496
9,6,22,53.951649,22.290769
9,6,23,55.489998,24.294318
9,6,24,137.612040,54.409367
9,6,25,162.377895,77.942355
9,6,26,33.975954,11.388348
9,6,27,34.249805,14.918090
9,6,28,36.311918,14.982911
9,6,29,69.530120,34.429956
9,6,30,99.898362,43.662653
9,6,31,71.530807,29.358453
9,6,32,118.282633,37.036096
9,6,33,39.060776,16.609066
9,7,2,50.719707,17.460636
9,7,3,61.488203,23.085811
9,7,4,61.114872,20.485740
9,7,5,38.732835,15.842996
9,7,6,24.933655,9.459319
9,7,7,99.217511,33.700762
9,7,8,125.004836,43.064399
9,7,9,35.936048,15.116272
9,7,10,38.353986,12.443505
9,7,11,27.316471,12.800257
9,7,12,34.210525,12.224160
9,7,13,37.083351,16.102833
9,7,14,71.933331,26.241971
9,7,15,31.995586,13.158934
9,7,16,30.286928,12.769972
9,7,17,28.405894,10.072338
9,7,18,55.206259,23.925283
9,7,19,45.358567,18.071798
9,7,20,55.986739,18.048571
9,7,21,49.992055,17.107241
9,7,22,52.294117,16.315407
9,7,23,67.594981,25.107157
9,7,24,120.453700,59.559585
9,7,25,130.119566,46.430262
9,7,26,35.910097,16.976936
9,7,27,31.120943,14.660279
9,7,28,27.114233,10.722920
9,7,29,72.444192,30.673020
9,7,30,97.788696,39.262143
9,7,31,73.333547,36.434168
9,7,32,113.222578,34.372972
9,7,33,30.865609,11.287630
9,8,2,60.530198,26.223333
9,8,3,44.019079,21.882103
9,8,4,66.997001,26.986423
9,8,5,35.892470,10.978547
9,8,6,33.984470,11.260942
9,8,7,126.850969,41.625531
9,8,8,139.503589,63.043530
9,8,9,34.904601,10.869481
9,8,10,32.932817,13.972871
9,8,11,25.101665,7.954057
9,8,12,36.032077,10.999559
9,8,13,36.661831,17.387756
9,8,14,83.627154,29.029915
9,8,15,36.230777,11.212879
9,8,16,33.776066,15.568920
9,8,17,35.239771,17.418368
9,8,18,56.437683,27.847307
9,8,19,48.953863,21.689711
9,8,20,57.017054,27.596032
9,8,21,64.185637,21.530540
9,8,22,53.791414,21.769020
9,8,23,45.890317,18.768807
9,8,24,133.813757,63.006562
9,8,25,126.414025,62.052260
9,8,26,36.149628,11.975270
9,8,27,37.641489,16.906140
9,8,28,37.432255,14.142648
9,8,29,66.244252,25.231565
9,8,30,131.202522,49.018454
9,8,31,107.551030,52.142852
9,8,32,129.863558,62.606349
9,8,33,32.399142,12.572579
9,9,2,60.550658,24.873411
9,9,3,51.886993,18.629255
9,9,4,57.030636,25.844069
9,9,5,33.695915,11.082541
9,9,6,34.103049,10.335662
9,9,7,130.913135,41.009673
9,9,8,119.352614,40.331331
9,9,9,33.471272,12.600130
9,9,10,29.604474,13.794472
9,9,11,23.420573,9.504786
9,9,12,36.811484,15.842055
9,9,13,36.355072,18.176484
9,9,14,69.149043,23.856980
9,9,15,31.208587,14.306343
9,9,16,27.740495,12.127641
9,9,17,36.317679,17.438284
9,9,18,51.096712,17.725822
9,9,19,49.026898,18.838829
9,9,20,49.768897,20.135369
9,9,21,53.253320,20.144549
9,9,22,50.131320,24.216993
9,9,23,43.100545,17.813961
9,9,24,116.095044,45.095367
9,9,25,127.948377,56.430182
9,9,26,37.461532,11.912585
9,9,27,40.144681,18.290119
9,9,28,37.719093,17.675916
9,9,29,58.875160,27.369559
9,9,30,120.488151,50.097721
9,9,31,92.275017,38.609472
9,9,32,143.627677,61.431287
9,9,33,39.397909,13.265573
9,10,2,55.225499,22.294262
9,10,3,44.480576,15.375854
9,10,4,68.548117,33.698040
9,10,5,32.408113,12.836780
9,10,6,37.207187,16.830981
9,10,7,111.259323,53.511671
9,10,8,105.312452,33.392130
9,10,9,33.463203,16.553929
9,10,10,28.324641,12.150194
9,10,11,22.907196,7.333080
9,10,12,37.606138,18.800363
9,10,13,35.585053,16.327609
9,10,14,59.433120,25.865696
9,10,15,36.486966,16.266830
9,10,16,39.037896,16.150358
9,10,17,42.095272,12.811868
9,10,18,45.405773,17.287191
9,10,19,52.264912,23.313857
9,10,20,52.021351,25.016637
9,10,21,57.781300,23.435547
9,10,22,60.230041,24.589350
9,10,23,52.938672,26.365742
9,10,24,141.296463,52.361554
9,10,25,132.590867,48.243620
9,10,26,38.178000,14.021343
9,10,27,35.718204,11.887566
9,10,28,31.332939,11.765294
9,10,29,72.194032,28.725741
9,10,30,124.429111,52.845042
9,10,31,100.481363,31.090661
9,10,32,107.365944,37.861719
9,10,33,31.602500,12.990593
9,11,2,41.858970,13.720194
9,11,3,46.682856,18.367999
9,11,4,65.330467,25.342454
9,11,5,40.424318,15.552309
9,11,6,29.865639,10.651871
9,11,7,120.407088,45.502830
9,11,8,120.650610,56.449533
9,11,9,32.152896,15.516960
9,11,10,28.840482,12.186095
9,11,11,26.660130,12.677099
9,11,12,37.156268,13.086748
9,11,13,29.986920,13.663829
9,11,14,56.102384,18.895665
9,11,15,29.198541,13.991601
9,11,16,30.511168,12.255266
9,11,17,38.855357,12.454245
9,11,18,57.263044,19.468751
9,11,19,42.832388,14.196849
9,11,20,63.796085,20.460529
9,11,21,52.931837,25.172025
9,11,22,48.675993,17.892482
9,11,23,45.975495,22.080074
9,11,24,166.659953,62.861247
9,11,25,117.390013,45.995053
9,11,26,27.523730,10.204051
9,11,27,28.787154,13.348466
9,11,28,39.553029,17.983846
9,11,29,77.829651,36.639812
9,11,30,112.013654,50.602791
9,11,31,83.045522,40.626427
9,11,32,119.187268,38.083622
9,11,33,28.012237,10.689604
9,12,2,58.071391,21.861493
9,12,3,44.392212,16.427398
9,12,4,65.314341,31.221337
9,12,5,36.821805,17.565450
9,12,6,38.966000,19.395199
9,12,7,124.039547,38.826836
9,12,8,103.735121,48.064969
9,12,9,30.742677,11.069468
9,12,10,34.454860,10.413112
9,12,11,32.453310,11.031287
9,12,12,35.401138,16.841289
9,12,13,30.639890,9.725063
9,12,14,68.748471,25.419512
9,12,15,33.837527,14.324489
9,12,16,34.702852,14.642307
9,12,17,32.632750,11.431701
9,12,18,46.679786,17.432801
9,12,19,66.457461,21.184500
9,12,20,51.515898,25.484647
9,12,21,54.891008,17.844014
9,12,22,45.931129,18.423981
9,12,23,55.669328,18.975630
9,12,24,122.111184,43.076218
9,12,25,161.161629,74.711229
9,12,26,42.752166,18.799491
9,12,27,33.699346,15.948076
9,12,28,44.138610,18.428436
9,12,29,76.064226,28.738460
9,12,30,106.337346,37.119075
9,12,31,84.839139,31.316077
9,12,32,90.899971,35.299658
9,12,33,34.122451,14.766281
9,13,2,53.036429,22.705557
9,13,3,44.941670,14.824917
9,13,4,64.833354,25.023816
9,13,5,34.907763,17.154335
9,13,6,35.920225,16.790440
9,13,7,127.368507,48.227569
9,13,8,119.643512,57.333439
9,13,9,32.624350,15.245230
9,13,10,31.437239,11.882098
9,13,11,25.282354,10.511357
9,13,12,36.070756,11.322873
9,13,13,30.394503,14.942429
9,13,14,71.805690,32.210319
9,13,15,32.297298,15.659434
9,13,16,30.237354,12.719543
9,13,17,29.905296,9.035217
9,13,18,52.274687,18.296681
9,13,19,58.112085,23.477601
9,13,20,47.194307,18.680175
9,13,21,51.795667,23.809055
9,13,22,67.419282,29.745701
9,13,23,41.802498,13.618188
9,13,24,140.675848,53.658812
9,13,25,138.788039,59.343138
9,13,26,36.196390,15.704653
9,13,27,32.329691,10.496558
9,13,28,37.273529,11.417874
9,13,29,67.512802,26.785751
9,13,30,109.426224,38.441926
9,13,31,94.186219,38.507079
9,13,32,142.016383,43.054534
9,13,33,38.342256,17.811293
9,14,2,53.725469,17.815171
9,14,3,41.157617,16.690735
9,14,4,70.385405,31.449574
9,14,5,31.600456,11.965591
9,14,6,33.262914,12.203701
9,14,7,120.925442,45.088638
9,14,8,144.399604,57.891156
9,14,9,32.921189,11.788728
9,14,10,30.024944,9.722043
9,14,11,31.556301,14.161496
9,14,12,34.833632,15.686113
9,14,13,36.292288,10.933948
9,14,14,83.234583,26.889845
9,14,15,29.710761,13.531527
9,14,16,33.819890,12.460159
9,14,17,35.365517,17.076903
9,14,18,43.277787,17.282986
9,14,19,51.033039,18.291716
9,14,20,57.216065,23.389960
9,14,21,49.465892,16.347894
9,14,22,62.069688,25.095899
9,14,23,52.830554,17.881202
9,14,24,142.488852,58.367301
9,14,25,127.110158,60.416173
9,14,26,28.977434,9.740055
9,14,27,43.762114,19.081483
9,14,28,32.855238,12.384570
9,14,29,76.227148,25.384135
9,14,30,123.131641,52.443387
9,14,31,126.530746,46.425990
9,14,32,128.902278,38.923162
9,14,33,35.070491,13.849381
9,15,2,54.029248,19.731736
9,15,3,50.006391,18.699881
9,15,4,71.385727,29.525715
9,15,5,38.932932,14.860811
9,15,6,36.169989,11.920218
9,15,7,139.424741,59.403161
9,15,8,133.452307,51.825465
9,15,9,36.834966,17.451501
9,15,10,38.612689,19.060881
9,15,11,27.055339,12.489948
9,15,12,49.029872,21.372733
9,15,13,32.020595,12.279617
9,15,14,76.774949,28.567897
9,15,15,37.300501,13.936485
9,15,16,35.482793,12.868672
9,15,17,32.430959,11.375802
9,15,18,63.747750,24.320596
9,15,19,45.610215,18.830856
9,15,20,60.098080,27.921352
9,15,21,51.410740,22.566481
9,15,22,64.124859,25.257652
9,15,23,48.251094,14.875945
9,15,24,119.861079,46.616295
9,15,25,133.689235,62.907907
9,15,26,27.732106,12.997754
9,15,27,35.072212,13.564548
9,15,28,30.941359,15.277442
9,15,29,66.447391,29.365894
9,15,30,126.798865,49.693386
9,15,31,83.107906,30.947635
9,15,32,138.095125,52.100988
9,15,33,40.532779,15.208711
9,16,2,46.605294,19.513639
9,16,3,56.999161,19.498834
9,16,4,90.850666,45.210786
9,16,5,41.980178,14.241237
9,16,6,42.448571,14.868714
9,16,7,132.648480,42.614922
9,16,8,103.817053,44.328573
9,16,9,42.091804,20.082519
9,16,10,28.166509,8.783230
9,16,11,30.703543,9.344948
9,16,12,33.903501,15.029742
9,16,13,37.113660,15.323640
9,16,14,72.693349,24.492610
9,16,15,42.725610,14.130413
9,16,16,39.686592,19.379594
9,16,17,36.931420,14.402615
9,16,18,58.493671,21.515640
9,16,19,49.541860,20.690660
9,16,20,61.585263,26.293184
9,16,21,51.415708,17.950224
9,16,22,53.079528,21.671598
9,16,23,53.542958,20.838489
9,16,24,126.313184,59.097002
9,16,25,129.233237,60.953870
9,16,26,44.095917,18.494688
9,16,27,35.097995,13.840852
9,16,28,34.501043,16.485506
9,16,29,75.002455,30.102312
9,16,30,119.967386,36.506098
9,16,31,79.387778,24.697121
9,16,32,107.530316,48.931946
9,16,33,33.787349,13.895519
9,17,2,56.494268,24.891440
9,17,3,51.861907,15.928438
9,17,4,79.442331,34.867569
9,17,5,31.799863,14.593351
9,17,6,42.628219,13.255608
9,17,7,120.827569,48.282444
9,17,8,129.761010,51.917448
9,17,9,38.125572,13.231385
9,17,10,45.166451,15.104277
9,17,11,31.249200,14.674204
9,17,12,43.298169,15.015819
9,17,13,39.201564,18.219414
9,17,14,65.149038,22.925626
9,17,15,37.046022,13.684949
9,17,16,39.627777,16.723988
9,17,17,35.331530,10.842054
9,17,18,53.972953,17.771594
9,17,19,59.205649,27.165328
9,17,20,45.761293,17.352676
9,17,21,51.186762,23.043650
9,17,22,52.257316,16.247944
9,17,23,52.971754,25.152733
9,17,24,141.945235,57.331827
9,17,25,110.824022,53.476577
9,17,26,35.817274,11.742675
9,17,27,38.930456,12.577285
9,17,28,31.551957,14.035898
9,17,29,73.354947,30.641455
9,17,30,115.404213,51.322246
9,17,31,110.346923,34.269675
9,17,32,109.539116,52.377809
9,17,33,42.061177,18.731722
9,18,2,67.870313,27.308037
9,18,3,61.717768,26.775771
9,18,4,61.691724,20.422203
9,18,5,34.711290,16.208837
9,18,6,33.778489,11.526119
9,18,7,112.860452,44.598288
9,18,8,128.901379,58.892762
9,18,9,44.563648,18.436980
9,18,10,35.642318,11.283498
9,18,11,26.164970,11.046344
9,18,12,35.722916,17.451027
9,18,13,36.172177,16.836384
9,18,14,93.638254,39.557759
9,18,15,44.374763,19.792595
9,18,16,31.217527,11.293810
9,18,17,39.500362,16.869525
9,18,18,59.642631,25.335008
9,18,19,57.076796,17.651453
9,18,20,58.731419,25.536134
9,18,21,61.007402,28.393775
9,18,22,69.953171,27.436907
9,18,23,54.353385,20.712473
9,18,24,134.489841,61.658654
9,18,25,165.407278,54.701006
9,18,26,38.886661,17.108746
9,18,27,33.138360,12.592898
9,18,28,38.608300,13.851006
9,18,29,65.253034,21.137390
9,18,30,103.567299,41.785742
9,18,31,94.402845,33.760113
9,18,32,130.214947,57.469492
9,18,33,41.276603,16.903391
9,19,2,64.632432,24.231004
9,19,3,52.709326,24.593097
9,19,4,97.044384,38.362083
9,19,5,41.123181,13.219370
9,19,6,42.011677,18.135265
9,19,7,132.800101,57.804324
9,19,8,121.998578,50.853326
9,19,9,36.329070,13.893722
9,19,10,36.950049,15.852501
9,19,11,31.455302,12.298606
9,19,12,36.864209,17.759336
9,19,13,44.485699,13.520798
9,19,14,60.902238,26.081846
9,19,15,41.874976,15.041563
9,19,16,42.790319,16.201676
9,19,17,31.419870,11.345949
9,19,18,59.918025,21.779914
9,19,19,55.485187,20.344830
9,19,20,45.443827,18.680466
9,19,21,53.340611,22.322828
9,19,22,52.883959,25.541482
9,19,23,55.764952,27.871652
9,19,24,160.137848,64.697397
9,19,25,166.416407,56.052361
9,19,26,39.974331,16.987054
9,19,27,34.556111,10.992174
9,19,28,35.896450,10.959624
9,19,29,83.080556,32.472686
9,19,30,144.905436,50.611103
9,19,31,89.933488,41.438550
9,19,32,140.784478,43.379642
9,19,33,43.444657,21.046758
9,20,2,64.573509,19.898658
9,20,3,51.713769,19.830306
9,20,4,66.987308,27.697566
9,20,5,31.810981,10.521586
9,20,6,42.300357,17.477757
9,20,7,139.852244,58.019280
9,20,8,123.304466,61.630095
9,20,9,34.229203,14.593571
9,20,10,32.725417,12.855668
9,20,11,33.156286,11.934005
9,20,12,45.698049,14.186135
9,20,13,40.543914,17.188782
9,20,14,73.023428,28.848294
9,20,15,46.352740,22.935951
9,20,16,35.858672,16.429025
9,20,17,43.522400,16.594681
9,20,18,53.660636,25.462968
9,20,19,58.040898,17.624079
9,20,20,60.789186,24.947777
9,20,21,52.096570,23.980829
9,20,22,51.972004,16.996838
9,20,23,49.140114,16.481117
9,20,24,126.011896,57.645111
9,20,25,127.896721,47.703229
9,20,26,48.823620,18.305611
9,20,27,35.028773,12.197087
9,20,28,37.741217,16.971301
9,20,29,60.301757,19.938588
9,20,30,130.488738,49.007596
9,20,31,81.078794,35.586542
9,20,32,131.823985,44.687014
9,20,33,40.567014,14.673658
9,21,2,68.846919,28.768092
9,21,3,52.627469,25.770943
9,21,4,74.978481,28.649965
9,21,5,35.715974,13.166246
9,21,6,33.756607,16.393406
9,21,7,134.193294,63.328314
9,21,8,137.581545,45.319893
9,21,9,33.888868,16.328000
9,21,10,38.987716,16.127530
9,21,11,26.707930,10.564186
9,21,12,47.755104,20.243850
9,21,13,43.088886,20.315511
9,21,14,83.553831,27.868309
9,21,15,37.683785,13.449389
9,21,16,42.337469,14.149581
9,21,17,40.973994,20.441148
9,21,18,51.124195,15.668709
9,21,19,47.620900,19.651955
9,21,20,54.039535,21.433560
9,21,21,60.310727,28.806138
9,21,22,72.084916,31.258349
9,21,23,60.731250,25.911480
9,21,24,172.902297,76.719481
9,21,25,194.182510,84.457078
9,21,26,41.219094,17.510714
9,21,27,44.212942,18.450056
9,21,28,43.185795,18.929466
9,21,29,73.368648,33.163144
9,21,30,117.739425,50.574126
9,21,31,84.422806,38.304819
9,21,32,131.945514,50.953085
9,21,33,39.589334,12.866430
9,22,2,48.000646,22.676415
9,22,3,59.851008,23.159320
9,22,4,56.051030,19.210194
9,22,5,36.486562,11.378443
9,22,6,35.975938,10.830024
9,22,7,125.001167,38.522017
9,22,8,143.106370,52.338926
9,22,9,38.622531,15.265388
9,22,10,37.172686,14.000076
9,22,11,26.751225,11.791209
9,22,12,39.809229,19.549195
9,22,13,33.802281,11.895692
9,22,14,78.432066,37.589482
9,22,15,32.348729,13.156898
9,22,16,37.902376,16.308381
9,22,17,33.880960,16.711291
9,22,18,52.926500,21.764105
9,22,19,67.781765,20.529316
9,22,20,51.094924,25.191107
9,22,21,58.045324,18.352971
9,22,22,48.726824,17.668945
9,22,23,52.327676,23.227977
9,22,24,168.400588,59.741293
9,22,25,138.058652,58.486688
9,22,26,28.966891,10.835017
9,22,27,40.983722,18.647740
9,22,28,31.458264,12.501804
9,22,29,75.023337,27.780485
9,22,30,118.076679,44.870768
9,22,31,91.249719,36.729396
9,22,32,126.089021,46.314530
9,22,33,38.995794,18.505754
9,23,2,66.039676,32.483475
9,23,3,61.405206,20.970050
9,23,4,83.386208,38.487223
9,23,5,35.030926,16.880869
9,23,6,33.543619,15.138160
9,23,7,94.542220,31.854336
9,23,8,142.470766,63.903517
9,23,9,39.127289,12.600101
9,23,10,35.918532,14.273708
9,23,11,33.914999,12.888759
9,23,12,43.976372,14.723568
9,23,13,34.442211,17.042774
9,23,14,74.993361,36.088765
9,23,15,33.692446,15.782936
9,23,16,41.685804,16.323657
9,23,17,33.072965,14.223180
9,23,18,52.080679,19.978987
9,23,19,58.836171,25.465951
9,23,20,57.622021,19.542075
9,23,21,52.549036,23.159700
9,23,22,68.665030,28.748942
9,23,23,54.527129,25.466573
9,23,24,108.326337,42.610928
9,23,25,114.677690,49.690890
9,23,26,36.509663,11.010727
9,23,27,26.295500,9.443700
9,23,28,43.525493,13.416257
9,23,29,68.348820,26.985280
9,23,30,114.470048,43.396378
9,23,31,88.168143,29.117437
9,23,32,145.481987,51.469015
9,23,33,33.460225,12.018603
9,24,2,68.106965,32.074608
9,24,3,66.689679,32.315269
9,24,4,81.558084,30.823992
9,24,5,37.813194,17.824654
9,24,6,36.599399,12.386902
9,24,7,128.634012,55.584270
9,24,8,119.731307,57.085252
9,24,9,42.718553,17.228447
9,24,10,41.824714,20.592167
9,24,11,30.846872,10.288916
9,24,12,33.872229,12.288353
9,24,13,33.480504,13.047161
9,24,14,85.133575,42.319410
9,24,15,37.205283,15.612441
9,24,16,32.890095,13.305607
9,24,17,39.956188,16.658066
9,24,18,56.132218,18.522290
9,24,19,56.411375,21.868411
9,24,20,76.292376,33.452377
9,24,21,67.636707,32.576908
9,24,22,47.732740,23.360934
9,24,23,53.320459,23.673571
9,24,24,152.796877,66.677930
9,24,25,165.745322,72.651468
9,24,26,36.618291,13.457813
9,24,27,42.365221,20.133124
9,24,28,34.391331,13.381112
9,24,29,88.587197,30.965020
9,24,30,114.448955,48.396361
9,24,31,93.464667,39.584801
9,24,32,117.433341,47.772416
9,24,33,43.252137,20.161890
10,1,2,64.552638,25.233755
10,1,3,45.256447,20.378065
10,1,4,46.378013,21.000453
10,1,5,30.566399,11.748350
10,1,6,34.997495,16.865577
10,1,7,81.555856,29.526690
10,1,8,117.620807,45.295739
10,1,9,28.263705,10.834788
10,1,10,33.601243,11.328338
10,1,11,20.325240,8.072248
10,1,12,38.187300,14.532099
10,1,13,32.837449,12.719543
10,1,14,61.441217,27.622308
10,1,15,32.432247,10.151171
10,1,16,29.434661,10.190837
10,1,17,28.590200,9.323538
10,1,18,57.154533,27.658539
10,1,19,50.147989,24.704123
10,1,20,54.464088,19.592563
10,1,21,53.911048,23.338298
10,1,22,41.364653,13.004857
10,1,23,39.973775,12.859801
10,1,24,101.060576,49.828509
10,1,25,124.709977,61.906216
10,1,26,37.873873,15.828844
10,1,27,29.160343,10.975455
10,1,28,28.069635,11.268225
10,1,29,53.745719,18.806848
10,1,30,92.949959,30.547791
10,1,31,81.949395,34.994699
10,1,32,150.044052,52.617179
10,1,33,35.498676,12.756976
10,2,2,71.351074,23.485472
10,2,3,64.477704,27.999727
10,2,4,89.935462,39.962950
10,2,5,47.044576,18.079194
10,2,6,42.799515,13.825960
10,2,7,147.811547,49.096619
10,2,8,189.458173,70.075162
10,2,9,42.661049,14.539175
10,2,10,42.696817,17.249570
10,2,11,28.728677,10.886227
10,2,12,39.586195,16.049690
10,2,13,55.683895,18.461600
10,2,14,107.622622,50.469241
10,2,15,39.880646,18.655487
10,2,16,47.605925,22.888320
10,2,17,54.889008,19.058667
10,2,18,74.562710,34.602727
10,2,19,70.829820,22.797020
10,2,20,58.241337,20.306535
10,2,21,65.347074,20.354053
10,2,22,74.983018,33.051968
10,2,23,60.471323,24.345279
10,2,24,174.843070,71.362212
10,2,25,158.005865,73.050490
10,2,26,39.331066,19.013365
10,2,27,46.193238,19.905735
10,2,28,43.912733,18.082669
10,2,29,93.719144,33.531827
10,2,30,124.140386,38.751808
10,2,31,112.054959,55.705340
10,2,32,172.387806,67.998436
10,2,33,54.709882,18.608617
10,3,2,51.870725,18.937524
10,3,3,39.507969,13.989290
10,3,4,56.608700,26.724537
10,3,5,29.488808,12.656485
10,3,6,25.030724,9.160187
10,3,7,79.448949,33.406573
10,3,8,117.155700,41.697259
10,3,9,26.833729,12.035571
10,3,10,26.350763,12.623793
10,3,11,21.183234,10.230511
10,3,12,29.202157,13.604602
10,3,13,27.812281,12.525483
10,3,14,57.247849,20.000655
10,3,15,29.370910,12.768520
10,3,16,27.950303,8.574463
10,3,17,23.763542,10.896547
10,3,18,41.985803,15.411610
10,3,19,43.346238,16.772219
10,3,20,38.203405,14.833474
10,3,21,43.442921,17.233547
10,3,22,41.566309,15.691577
10,3,23,41.545205,15.670911
10,3,24,101.407951,33.584799
10,3,25,94.840614,37.599614
10,3,26,24.798161,9.995182
10,3,27,25.348477,9.167400
10,3,28,29.285484,10.041741
10,3,29,57.400833,21.886314
10,3,30,91.334300,41.161271
10,3,31,64.045106,25.870312
10,3,32,117.435674,44.690739
10,3,33,25.483876,11.768081
10,4,2,48.028425,20.825466
10,4,3,53.767511,16.591418
10,4,4,59.528167,28.701434
10,4,5,27.636374,11.814444
10,4,6,31.175046,14.629201
10,4,7,109.004741,42.350739
10,4,8,92.868910,32.126053
10,4,9,34.212606,14.883270
10,4,10,24.909573,10.633814
10,4,11,23.811547,11.333747
10,4,12,28.981376,9.305583
10,4,13,31.212257,14.897184
10,4,14,63.672798,29.008594
10,4,15,27.731634,11.576244
10,4,16,31.407217,11.947420
10,4,17,28.763047,9.970219
10,4,18,48.001879,16.999267
10,4,19,44.346593,15.909595
10,4,20,42.857356,18.652499
10,4,21,44.072322,19.760574
10,4,22,49.041308,16.508254
10,4,23,42.773466,18.859111
10,4,24,113.730123,55.737522
10,4,25,88.033533,33.087239
10,4,26,30.774511,10.968788
10,4,27,28.898237,14.094940
10,4,28,28.125161,10.039482
10,4,29,65.413175,28.860355
10,4,30,93.977051,41.406916
10,4,31,60.834437,21.097754
10,4,32,110.059690,39.891938
10,4,33,30.206493,10.555070
10,5,2,50.430632,23.255252
10,5,3,46.041107,21.159248
10,5,4,64.555265,21.293182
10,5,5,29.469935,11.337645
10,5,6,39.175332,18.020481
10,5,7,93.924577,38.538005
10,5,8,108.745330,42.598839
10,5,9,41.420450,14.354174
10,5,10,27.541587,13.109205
10,5,11,25.478856,9.065371
10,5,12,30.844281,14.595186
10,5,13,38.844740,13.075664
10,5,14,52.944291,19.897456
10,5,15,37.108248,15.278704
10,5,16,26.386025,12.752681
10,5,17,33.886990,12.545270
10,5,18,45.444978,15.368917
10,5,19,43.128789,14.302676
10,5,20,57.684739,20.010810
10,5,21,48.524656,16.925437
10,5,22,44.025725,21.060861
10,5,23,47.813479,22.621098
10,5,24,132.306242,60.491706
10,5,25,98.279190,30.452849
10,5,26,34.720260,14.299842
10,5,27,37.062998,12.715179
10,5,28,36.656605,14.810146
10,5,29,66.722181,23.402634
10,5,30,110.688396,50.625861
10,5,31,93.801182,37.036963
10,5,32,98.700619,39.484843
10,5,33,30.261882,9.534072
10,6,2,58.203635,22.714934
10,6,3,50.734588,19.247964
10,6,4,62.901619,28.200249
10,6,5,33.567909,15.144263
10,6,6,42.974162,14.993311
10,6,7,119.084871,38.250048
10,6,8,157.906512,62.288690
10,6,9,37.313998,18.226767
10,6,10,36.172453,15.334965
10,6,11,26.075188,11.430272
10,6,12,44.426464,20.131683
10,6,13,37.425961,14.824091
10,6,14,83.227502,28.596890
10,6,15,35.715775,11.022325
10,6,16,36.125768,15.853215
10,6,17,29.124240,8.754284
10,6,18,49.575495,19.804580
10,6,19,46.279143,21.534300
10,6,20,64.075721,30.412464
10,6,21,46.753390,20.825686
10,6,22,44.770044,15.594534
10,6,23,55.162697,23.587054
10,6,24,133.736368,52.708195
10,6,25,168.830664,65.825757
10,6,26,39.856069,19.798392
10,6,27,40.677591,15.902581
10,6,28,33.900720,14.553951
10,6,29,76.448785,32.828313
10,6,30,102.319846,39.349603
10,6,31,90.215624,30.850411
10,6,32,127.880218,62.330367
10,6,33,36.258214,14.721901
10,7,2,61.864628,25.581965
10,7,3,50.275094,24.345705
10,7,4,59.403381,29.545054
10,7,5,33.926344,12.993987
10,7,6,30.977236,12.576591
10,7,7,123.016237,60.835026
10,7,8,125.487472,44.131709
10,7,9,43.001338,19.043884
10,7,10,33.469204,12.344756
10,7,11,27.303270,10.447570
10,7,12,25.439362,10.675684
10,7,13,37.037135,11.741081
10,7,14,63.537226,22.933194
10,7,15,35.141259,11.151996
10,7,16,31.418888,12.978004
10,7,17,34.738947,10.998784
10,7,18,64.539568,30.040275
10,7,19,56.832963,20.282105
10,7,20,46.671253,21.402245
10,7,21,55.526386,21.198567
10,7,22,46.201244,15.216354
10,7,23,52.716584,18.925380
10,7,24,101.168811,45.991356
10,7,25,97.649387,40.285738
10,7,26,33.885493,11.171242
10,7,27,33.308477,13.625724
10,7,28,30.168347,10.609465
10,7,29,81.900655,34.159529
10,7,30,107.070171,39.665610
10,7,31,87.777559,28.953727
10,7,32,125.918513,45.116664
10,7,33,38.246233,18.440167
10,8,2,48.333327,17.167443
10,8,3,70.133362,23.761307
10,8,4,76.566791,33.712466
10,8,5,37.470163,14.743640
10,8,6,30.786677,10.566121
10,8,7,127.298633,52.577054
10,8,8,130.229084,61.140752
10,8,9,28.988576,12.415500
10,8,10,32.639111,12.863607
10,8,11,21.299236,6.704131
10,8,12,38.879603,17.003070
10,8,13,41.415908,17.775997
10,8,14,76.350837,31.900952
10,8,15,28.443254,11.145099
10,8,16,37.281261,16.914646
10,8,17,37.998855,18.053788
10,8,18,47.002084,23.381677
10,8,19,56.563097,17.410563
10,8,20,59.401210,25.030740
10,8,21,68.501743,30.782992
10,8,22,58.571180,21.927549
10,8,23,62.176555,30.841628
10,8,24,115.356069,39.887544
10,8,25,140.478602,67.050867
10,8,26,31.591570,11.985190
10,8,27,34.514533,12.198705
10,8,28,36.717797,15.532882
10,8,29,86.724439,29.697888
10,8,30,128.849585,51.089484
10,8,31,93.730494,41.797691
10,8,32,122.401469,41.464647
10,8,33,40.508362,13.381140
10,9,2,57.782488,23.049369
10,9,3,54.963136,21.118499
10,9,4,70.293397,34.205960
10,9,5,37.734380,12.249983
10,9,6,36.863629,17.277549
10,9,7,114.765959,53.228230
10,9,8,112.778406,47.528179
10,9,9,28.031970,10.098252
10,9,10,32.783085,15.652910
10,9,11,26.973159,10.881466
10,9,12,37.233486,14.283454
10,9,13,31.806805,11.461693
10,9,14,68.293529,32.142385
10,9,15,37.457605,17.479793
10,9,16,30.078147,13.881568
10,9,17,37.128098,12.155893
10,9,18,51.619960,25.281897
10,9,19,58.432960,22.021660
10,9,20,57.982987,23.437888
10,9,21,48.787854,19.226053
10,9,22,62.047591,18.867597
10,9,23,60.591292,24.702069
10,9,24,120.485700,60.196462
10,9,25,137.466008,55.660258
10,9,26,33.201953,15.958836
10,9,27,37.534500,13.622126
10,9,28,39.292069,17.829977
10,9,29,79.235741,29.581970
10,9,30,120.068617,46.040202
10,9,31,73.893419,27.843244
10,9,32,121.787031,57.662740
10,9,33,31.701881,11.837410
10,10,2,44.814118,17.568946
10,10,3,54.378719,19.703984
10,10,4,66.757493,22.795195
10,10,5,34.605595,14.654605
10,10,6,39.515028,12.317420
10,10,7,117.856467,43.615004
10,10,8,113.061039,51.320553
10,10,9,34.822591,12.487073
10,10,10,36.784936,16.736452
10,10,11,26.198065,8.939061
10,10,12,36.783103,12.756163
10,10,13,31.594482,11.454041
10,10,14,86.354312,40.713598
10,10,15,33.311642,11.882912
10,10,16,35.278624,14.121254
10,10,17,34.607713,14.760514
10,10,18,54.960376,17.911426
10,10,19,59.288130,21.592743
10,10,20,62.609240,30.468947
10,10,21,52.363670,17.512635
10,10,22,66.738425,30.908821
10,10,23,48.375476,15.767255
10,10,24,112.760223,42.405107
10,10,25,126.087104,55.300181
10,10,26,35.890767,14.067047
10,10,27,41.453515,17.023179
10,10,28,31.563742,12.318300
10,10,29,65.740192,21.482127
10,10,30,112.665943,45.509016
10,10,31,92.077120,32.000395
10,10,32,121.029876,45.716187
10,10,33,35.450880,15.142250
10,11,2,60.227602,23.600074
10,11,3,52.953262,24.838824
10,11,4,66.399426,27.245840
10,11,5,34.143543,13.275312
10,11,6,36.769936,14.075253
10,11,7,127.050129,52.823165
10,11,8,124.538086,38.181084
10,11,9,38.747777,17.513824
10,11,10,33.593187,14.709532
10,11,11,23.948748,7.662120
10,11,12,40.871560,13.210555
10,11,13,32.230502,9.748445
10,11,14,69.348794,23.039870
10,11,15,32.312731,15.276968
10,11,16,30.618461,13.407847
10,11,17,32.849483,14.142638
10,11,18,48.233435,22.595827
10,11,19,58.435823,27.625108
10,11,20,51.473276,21.237754
10,11,21,42.490541,14.903894
10,11,22,51.629488,24.977181
10,11,23,56.001365,26.222200
10,11,24,125.700022,56.184071
10,11,25,100.445406,30.689503
10,11,26,33.052251,15.670481
10,11,27,38.318819,13.910501
10,11,28,37.301857,15.041700
10,11,29,68.563078,23.577697
10,11,30,117.322836,51.786245
10,11,31,86.720278,34.751603
10,11,32,127.857788,46.802734
10,11,33,31.620492,11.084991
10,12,2,49.128455,24.218877
10,12,3,60.807107,22.869445
10,12,4,69.856378,33.547761
10,12,5,38.801348,12.386031
10,12,6,31.088746,12.316483
10,12,7,134.537900,48.245081
10,12,8,132.428494,45.047915
10,12,9,36.177678,11.771278
10,12,10,36.846050,14.174401
10,12,11,23.763301,9.370610
10,12,12,35.774317,13.162070
10,12,13,41.691049,17.649377
10,12,14,63.188647,26.158197
10,12,15,36.988736,13.429557
10,12,16,43.935012,16.510976
10,12,17,39.676116,17.553622
10,12,18,62.696691,28.352502
10,12,19,61.498601,29.337975
10,12,20,42.275853,19.184601
10,12,21,53.680368,21.368649
10,12,22,44.577606,17.876748
10,12,23,54.315428,19.905333
10,12,24,115.087120,44.275511
10,12,25,146.293662,63.880224
10,12,26,37.199291,17.163641
10,12,27,30.567932,13.300811
10,12,28,32.668971,16.320377
10,12,29,72.099906,29.358039
10,12,30,155.114603,71.392287
10,12,31,76.896813,35.804564
10,12,32,120.439588,49.478792
10,12,33,37.518380,14.984982
10,13,2,59.603744,23.182786
10,13,3,62.110911,24.324970
10,13,4,63.645676,21.202387
10,13,5,36.413396,16.622571
10,13,6,32.677584,10.739116
10,13,7,117.094660,40.735467
10,13,8,90.009804,27.119262
10,13,9,34.249990,14.339528
10,13,10,36.120789,16.771182
10,13,11,22.976206,10.810151
10,13,12,33.989547,15.321616
10,13,13,36.374716,12.350373
10,13,14,60.786119,19.274953
10,13,15,37.865163,15.071904
10,13,16,37.606558,14.088623
10,13,17,38.038995,16.003312
10,13,18,51.838834,25.577184
10,13,19,65.457492,31.686804
10,13,20,53.229672,20.910193
10,13,21,49.622424,20.441381
10,13,22,53.228123,18.100295
10,13,23,51.116091,22.010009
10,13,24,125.160843,50.783212
10,13,25,132.291609,47.077575
10,13,26,43.491227,20.009099
10,13,27,32.812498,14.933645
10,13,28,41.050328,13.803516
10,13,29,62.420673,19.888557
10,13,30,110.663117,39.907141
10,13,31,93.611170,30.654380
10,13,32,139.081446,60.128674
10,13,33,45.168875,19.299869
10,14,2,57.023266,23.805739
10,14,3,50.696581,19.211520
10,14,4,62.513703,24.325048
10,14,5,33.080976,12.551784
10,14,6,35.607180,17.495677
10,14,7,107.473255,41.071192
10,14,8,96.034897,34.157495
10,14,9,27.572170,12.180253
10,14,10,29.975609,10.003863
10,14,11,28.531011,11.244080
10,14,12,32.164208,13.514793
10,14,13,32.635726,12.036527
10,14,14,87.588547,36.056877
10,14,15,32.132492,15.025784
10,14,16,36.699506,14.151004
10,14,17,35.588314,10.768334
10,14,18,61.459939,29.921845
10,14,19,66.064307,28.127733
10,14,20,57.027101,28.356945
10,14,21,61.273790,26.215144
10,14,22,47.376437,14.723176
10,14,23,53.466639,22.549219
10,14,24,139.504990,59.914773
10,14,25,143.497679,43.616949
10,14,26,42.862814,20.527567
10,14,27,36.724369,13.122716
10,14,28,28.843562,11.800855
10,14,29,79.378848,38.880099
10,14,30,159.068666,58.587185
10,14,31,86.887674,41.097289
10,14,32,106.206664,38.523528
10,14,33,39.923272,19.162256
10,15,2,65.393013,26.777469
10,15,3,42.421924,20.990994
10,15,4,72.679106,26.736195
10,15,5,32.363851,14.054726
10,15,6,48.205105,17.739902
10,15,7,114.868584,46.933748
10,15,8,117.757715,57.792392
10,15,9,33.073041,10.729536
10,15,10,33.682005,12.230497
10,15,11,28.938514,11.856848
10,15,12,37.289297,12.038955
10,15,13,31.397863,11.204338
10,15,14,79.833436,24.140588
10,15,15,31.147428,10.957457
10,15,16,28.314654,11.176448
10,15,17,49.648376,21.241618
10,15,18,56.546398,24.786838
10,15,19,62.168698,21.489880
10,15,20,61.061502,24.380744
10,15,21,58.444529,23.855194
10,15,22,51.682381,23.974761
10,15,23,54.916847,21.650588
10,15,24,99.715230,40.270115
10,15,25,129.701654,55.662253
10,15,26,38.510251,12.822638
10,15,27,43.166331,19.057962
10,15,28,46.480231,19.546352
10,15,29,72.056817,32.478097
10,15,30,153.408904,48.287806
10,15,31,113.519582,50.489339
10,15,32,117.829645,46.006560
10,15,33,35.668635,13.245969
10,16,2,47.760652,15.566932
10,16,3,55.004209,21.915415
10,16,4,69.041593,34.478517
10,16,5,26.005000,12.030200
10,16,6,37.571734,11.724606
10,16,7,146.151843,49.884522
10,16,8,140.941714,55.982203
10,16,9,39.213979,15.500869
10,16,10,34.394436,12.480134
10,16,11,29.834603,13.176780
10,16,12,40.850955,15.164886
10,16,13,39.051326,12.408125
10,16,14,79.068075,36.419777
10,16,15,41.603185,12.647816
10,16,16,41.358368,15.283114
10,16,17,44.927937,19.641309
10,16,18,49.944092,18.286066
10,16,19,40.638979,17.039988
10,16,20,56.335475,18.834767
10,16,21,48.434249,15.750735
10,16,22,57.968350,27.981385
10,16,23,60.154888,23.229247
10,16,24,160.483972,72.328415
10,16,25,157.335454,51.343256
10,16,26,33.281899,13.560918
10,16,27,32.208076,15.819671
10,16,28,44.720328,22.360164
10,16,29,69.621461,32.542676
10,16,30,146.015615,68.961055
10,16,31,95.294161,31.917942
10,16,32,125.190874,52.303916
10,16,33,37.431388,13.377565
10,17,2,69.094677,21.483657
10,17,3,51.637042,23.896969
10,17,4,67.963743,26.740490
10,17,5,39.856897,14.713288
10,17,6,38.746083,18.112854
10,17,7,123.015213,58.304188
10,17,8,117.319804,39.736167
10,17,9,40.433816,17.900895
10,17,10,35.179533,12.078061
10,17,11,36.509076,15.502729
10,17,12,46.731858,20.289784
10,17,13,38.448259,16.282260
10,17,14,73.841020,30.305165
10,17,15,36.242017,16.262593
10,17,16,37.704823,11.410644
10,17,17,34.740232,14.139570
10,17,18,58.761885,19.964075
10,17,19,54.699697,20.893528
10,17,20,56.307058,27.773885
10,17,21,71.633377,29.523867
10,17,22,58.302078,26.248379
10,17,23,47.480820,23.023393
10,17,24,141.936387,64.202306
10,17,25,163.158649,69.982188
10,17,26,31.012177,13.556923
10,17,27,38.275585,14.110059
10,17,28,31.034571,9.837675
10,17,29,74.152487,25.180377
10,17,30,136.965332,67.321290
10,17,31,75.417013,29.896059
10,17,32,116.716278,35.112891
10,17,33,43.724406,20.137873
10,18,2,62.492095,24.580665
10,18,3,48.488610,19.417729
10,18,4,71.411370,28.637628
10,18,5,30.772089,14.804314
10,18,6,35.056342,12.521929
10,18,7,105.952494,36.128584
10,18,8,122.281273,54.049907
10,18,9,37.286533,14.771146
10,18,10,42.617926,12.982952
10,18,11,30.164680,11.924447
10,18,12,31.200233,12.007400
10,18,13,35.997930,16.136307
10,18,14,81.155736,26.067069
10,18,15,37.170241,17.361011
10,18,16,32.709470,11.672277
10,18,17,37.362796,16.652276
10,18,18,52.687395,18.626136
10,18,19,46.134850,14.938888
10,18,20,57.603024,18.456404
10,18,21,56.686082,22.404624
10,18,22,53.017357,25.670041
10,18,23,63.399248,23.237432
10,18,24,115.547482,45.402404
10,18,25,128.482696,62.185749
10,18,26,37.020589,12.325358
10,18,27,34.356544,10.911473
10,18,28,39.593758,19.414430
10,18,29,64.278745,28.743422
10,18,30,121.569551,53.348444
10,18,31,94.505726,33.553351
10,18,32,138.127867,47.178318
10,18,33,43.106498,20.785567
10,19,2,63.978882,19.272449
10,19,3,52.247267,16.570015
10,19,4,82.720520,34.434372
10,19,5,44.158327,14.620652
10,19,6,27.227280,12.952537
10,19,7,131.561646,58.631167
10,19,8,144.613636,44.241994
10,19,9,42.449366,13.249614
10,19,10,40.748818,12.357694
10,19,11,27.108689,11.001021
10,19,12,42.076051,16.629799
10,19,13,42.521866,19.454938
10,19,14,86.084662,33.799216
10,19,15,43.476797,16.388015
10,19,16,39.528697,14.031202
10,19,17,36.340448,11.206305
10,19,18,53.647735,19.546182
10,19,19,54.757923,26.186557
10,19,20,59.465111,18.544773
10,19,21,55.040480,18.466635
10,19,22,62.677916,29.022306
10,19,23,46.722743,22.919449
10,19,24,151.014995,61.877342
10,19,25,138.709730,53.026847
10,19,26,29.539228,12.106567
10,19,27,46.490000,19.759756
10,19,28,35.600594,15.404476
10,19,29,65.682826,20.648645
10,19,30,157.120775,59.895783
10,19,31,76.567277,30.770561
10,19,32,116.658799,51.093071
10,19,33,41.817387,20.035285
10,20,2,73.365855,27.905307
10,20,3,57.089470,24.479935
10,20,4,72.225526,28.820094
10,20,5,39.067448,18.858570
10,20,6,41.653415,14.645151
10,20,7,142.106772,48.282838
10,20,8,138.409390,51.618487
10,20,9,39.143679,17.457865
10,20,10,39.295275,12.645015
10,20,11,29.433115,9.346651
10,20,12,38.096322,15.825709
10,20,13,43.477084,15.814786
10,20,14,78.440983,37.933285
10,20,15,38.753197,17.681108
10,20,16,39.024683,18.834879
10,20,17,40.675423,18.075378
10,20,18,49.646060,24.202379
10,20,19,53.037913,25.935966
10,20,20,49.975914,16.264089
10,20,21,60.351882,23.163528
10,20,22,65.157705,30.967236
10,20,23,57.075078,25.959242
10,20,24,134.414996,41.517795
10,20,25,192.997692,83.218019
10,20,26,37.662423,15.744465
10,20,27,34.395842,16.382383
10,20,28,33.771931,14.717537
10,20,29,81.875172,32.318979
10,20,30,99.783598,33.059150
10,20,31,98.836258,32.381209
10,20,32,155.819235,68.007394
10,20,33,33.596137,10.865275
10,21,2,72.459408,32.073228
10,21,3,60.182944,18.187393
10,21,4,61.661381,21.319993
10,21,5,43.279417,17.685999
10,21,6,56.109200,27.065700
10,21,7,108.847027,38.128146
10,21,8,117.706779,52.928674
10,21,9,33.954826,16.788756
10,21,10,39.644277,12.016429
10,21,11,24.219650,7.953045
10,21,12,36.912176,11.309457
10,21,13,35.329639,14.245616
10,21,14,75.388149,37.541139
10,21,15,40.923924,18.896751
10,21,16,42.750223,13.764343
10,21,17,43.817058,20.414972
10,21,18,54.056540,22.506795
10,21,19,63.225003,26.418910
10,21,20,54.218064,22.286348
10,21,21,77.081960,30.053784
10,21,22,62.049129,23.113953
10,21,23,55.146572,25.650319
10,21,24,124.328268,49.386061
10,21,25,169.525954,75.665078
10,21,26,35.120754,14.253058
10,21,27,36.874317,11.625663
10,21,28,34.590359,13.096531
10,21,29,71.543879,30.725448
10,21,30,160.595441,48.697694
10,21,31,104.715203,34.580697
10,21,32,146.969768,73.125696
10,21,33,34.638517,15.820786
10,22,2,71.857144,34.300549
10,22,3,54.167073,16.935641
10,22,4,66.757227,28.948681
10,22,5,29.696869,10.705768
10,22,6,44.282734,14.448572
10,22,7,92.206078,37.343169
10,22,8,129.607948,58.745663
10,22,9,40.729732,17.880438
10,22,10,43.745199,14.333752
10,22,11,31.067438,11.121948
10,22,12,38.193226,18.037020
10,22,13,41.292283,17.255816
10,22,14,70.676027,33.625139
10,22,15,39.647579,14.341694
10,22,16,35.223715,12.667839
10,22,17,38.887913,17.587943
10,22,18,59.992296,25.977403
10,22,19,55.859603,21.241261
10,22,20,61.602634,23.721214
10,22,21,61.636226,27.148664
10,22,22,72.793023,33.613260
10,22,23,57.314639,21.984203
10,22,24,138.811908,45.421116
10,22,25,127.590296,62.813866
10,22,26,33.200725,11.072112
10,22,27,35.268702,12.426045
10,22,28,33.171765,15.262651
10,22,29,67.621629,22.519051
10,22,30,128.933884,64.276473
10,22,31,102.324166,38.697804
10,22,32,124.995562,47.116016
10,22,33,37.558732,12.706978
10,23,2,67.635190,26.270088
10,23,3,66.949335,31.355348
10,23,4,71.766193,31.951272
10,23,5,40.080742,18.259334
10,23,6,43.063460,19.014648
10,23,7,104.376288,37.586774
10,23,8,139.632284,66.224074
10,23,9,37.254533,16.760404
10,23,10,44.131245,21.784698
10,23,11,33.978918,11.477582
10,23,12,46.636536,14.804482
10,23,13,39.673233,17.282768
10,23,14,70.331721,31.204170
10,23,15,38.903425,15.415470
10,23,16,43.089086,14.632003
10,23,17,38.777075,12.733385
10,23,18,51.458835,21.531538
10,23,19,66.758610,28.667934
10,23,20,62.228140,18.924847
10,23,21,55.896171,18.601716
10,23,22,59.293062,25.793628
10,23,23,63.239376,31.402805
10,23,24,130.756615,50.060415
10,23,25,139.322940,50.984109
10,23,26,45.599805,16.052751
10,23,27,37.788039,15.566472
10,23,28,42.960647,19.230004
10,23,29,88.533294,40.261570
10,23,30,129.111806,49.657505
10,23,31,91.872040,41.016683
10,23,32,135.729843,56.759178
10,23,33,48.513565,17.308319
10,24,2,64.724267,24.354747
10,24,3,68.048714,20.602416
10,24,4,86.774712,36.075621
10,24,5,45.770994,14.957394
10,24,6,32.936568,15.371776
10,24,7,155.816435,48.476400
10,24,8,131.211390,54.688822
10,24,9,43.605208,14.746160
10,24,10,34.837036,15.100643
10,24,11,34.365436,14.985758
10,24,12,39.061665,17.156149
10,24,13,42.263934,16.228772
10,24,14,74.909027,24.589873
10,24,15,39.900893,16.121301
10,24,16,38.792382,12.771390
10,24,17,45.385947,20.013744
10,24,18,66.169957,23.723193
10,24,19,65.741618,23.559052
10,24,20,59.532215,22.127586
10,24,21,64.545514,27.918026
10,24,22,74.973777,36.716387
10,24,23,62.195161,21.763005
10,24,24,165.766300,58.545529
10,24,25,153.441175,49.931226
10,24,26,44.406178,16.412889
10,24,27,46.116991,14.033574
10,24,28,51.493786,21.812684
10,24,29,78.509792,24.145859
10,24,30,109.859264,38.278844
10,24,31,89.304337,29.070941
10,24,32,152.124199,49.788141
10,24,33,49.796019,24.783886
