scenario_a,t,bus,P_kW,Q_kvar
1,1,2,27.292,16.375
1,2,2,27.573,16.544
1,3,2,27.995,16.797
1,4,2,28.614,17.169
1,5,2,29.492,17.695
1,6,2,30.696,18.418
1,7,2,32.295,19.377
1,8,2,34.346,20.608
1,9,2,36.886,22.132
1,10,2,39.918,23.951
1,11,2,43.4,26.04
1,12,2,47.234,28.34
1,13,2,51.269,30.761
1,14,2,55.3,33.18
1,15,2,59.089,35.453
1,16,2,62.381,37.429
1,17,2,64.937,38.962
1,18,2,66.557,39.934
1,19,2,67.113,40.268
1,20,2,66.557,39.934
1,21,2,64.937,38.962
1,22,2,62.381,37.429
1,23,2,59.089,35.453
1,24,2,55.3,33.18
1,1,3,24.563,10.917
1,2,3,24.815,11.029
1,3,3,25.196,11.198
1,4,3,25.753,11.446
1,5,3,26.543,11.797
1,6,3,27.627,12.278
1,7,3,29.065,12.918
1,8,3,30.911,13.738
1,9,3,33.197,14.754
1,10,3,35.926,15.967
1,11,3,39.06,17.36
1,12,3,42.511,18.894
1,13,3,46.142,20.508
1,14,3,49.77,22.12
1,15,3,53.18,23.636
1,16,3,56.143,24.953
1,17,3,58.443,25.975
1,18,3,59.902,26.623
1,19,3,60.402,26.845
1,20,3,59.902,26.623
1,21,3,58.443,25.975
1,22,3,56.143,24.953
1,23,3,53.18,23.636
1,24,3,49.77,22.12
1,1,4,32.751,21.834
1,2,4,33.087,22.058
1,3,4,33.595,22.396
1,4,4,34.337,22.892
1,5,4,35.39,23.594
1,6,4,36.835,24.557
1,7,4,38.754,25.836
1,8,4,41.215,27.477
1,9,4,44.263,29.509
1,10,4,47.902,31.935
1,11,4,52.08,34.72
1,12,4,56.681,37.787
1,13,4,61.523,41.015
1,14,4,66.36,44.24
1,15,4,70.907,47.271
1,16,4,74.858,49.905
1,17,4,77.924,51.949
1,18,4,79.869,53.246
1,19,4,80.535,53.69
1,20,4,79.869,53.246
1,21,4,77.924,51.949
1,22,4,74.858,49.905
1,23,4,70.907,47.271
1,24,4,66.36,44.24
1,1,5,16.375,8.188
1,2,5,16.544,8.272
1,3,5,16.797,8.399
1,4,5,17.169,8.584
1,5,5,17.695,8.848
1,6,5,18.418,9.209
1,7,5,19.377,9.688
1,8,5,20.608,10.304
1,9,5,22.132,11.066
1,10,5,23.951,11.975
1,11,5,26.04,13.02
1,12,5,28.34,14.17
1,13,5,30.761,15.381
1,14,5,33.18,16.59
1,15,5,35.453,17.727
1,16,5,37.429,18.714
1,17,5,38.962,19.481
1,18,5,39.934,19.967
1,19,5,40.268,20.134
1,20,5,39.934,19.967
1,21,5,38.962,19.481
1,22,5,37.429,18.714
1,23,5,35.453,17.727
1,24,5,33.18,16.59
1,1,6,16.375,5.458
1,2,6,16.544,5.515
1,3,6,16.797,5.599
1,4,6,17.169,5.723
1,5,6,17.695,5.898
1,6,6,18.418,6.139
1,7,6,19.377,6.459
1,8,6,20.608,6.869
1,9,6,22.132,7.377
1,10,6,23.951,7.984
1,11,6,26.04,8.68
1,12,6,28.34,9.447
1,13,6,30.761,10.254
1,14,6,33.18,11.06
1,15,6,35.453,11.818
1,16,6,37.429,12.476
1,17,6,38.962,12.987
1,18,6,39.934,13.311
1,19,6,40.268,13.423
1,20,6,39.934,13.311
1,21,6,38.962,12.987
1,22,6,37.429,12.476
1,23,6,35.453,11.818
1,24,6,33.18,11.06
1,1,7,54.585,27.292
1,2,7,55.145,27.573
1,3,7,55.991,27.995
1,4,7,57.229,28.614
1,5,7,58.984,29.492
1,6,7,61.392,30.696
1,7,7,64.59,32.295
1,8,7,68.692,34.346
1,9,7,73.772,36.886
1,10,7,79.836,39.918
1,11,7,86.799,43.4
1,12,7,94.468,47.234
1,13,7,102.538,51.269
1,14,7,110.601,55.3
1,15,7,118.178,59.089
1,16,7,124.763,62.381
1,17,7,129.874,64.937
1,18,7,133.115,66.557
1,19,7,134.226,67.113
1,20,7,133.115,66.557
1,21,7,129.874,64.937
1,22,7,124.763,62.381
1,23,7,118.178,59.089
1,24,7,110.601,55.3
1,1,8,54.585,27.292
1,2,8,55.145,27.573
1,3,8,55.991,27.995
1,4,8,57.229,28.614
1,5,8,58.984,29.492
1,6,8,61.392,30.696
1,7,8,64.59,32.295
1,8,8,68.692,34.346
1,9,8,73.772,36.886
1,10,8,79.836,39.918
1,11,8,86.799,43.4
1,12,8,94.468,47.234
1,13,8,102.538,51.269
1,14,8,110.601,55.3
1,15,8,118.178,59.089
1,16,8,124.763,62.381
1,17,8,129.874,64.937
1,18,8,133.115,66.557
1,19,8,134.226,67.113
1,20,8,133.115,66.557
1,21,8,129.874,64.937
1,22,8,124.763,62.381
1,23,8,118.178,59.089
1,24,8,110.601,55.3
1,1,9,16.375,5.458
1,2,9,16.544,5.515
1,3,9,16.797,5.599
1,4,9,17.169,5.723
1,5,9,17.695,5.898
1,6,9,18.418,6.139
1,7,9,19.377,6.459
1,8,9,20.608,6.869
1,9,9,22.132,7.377
1,10,9,23.951,7.984
1,11,9,26.04,8.68
1,12,9,28.34,9.447
1,13,9,30.761,10.254
1,14,9,33.18,11.06
1,15,9,35.453,11.818
1,16,9,37.429,12.476
1,17,9,38.962,12.987
1,18,9,39.934,13.311
1,19,9,40.268,13.423
1,20,9,39.934,13.311
1,21,9,38.962,12.987
1,22,9,37.429,12.476
1,23,9,35.453,11.818
1,24,9,33.18,11.06
1,1,10,16.375,5.458
1,2,10,16.544,5.515
1,3,10,16.797,5.599
1,4,10,17.169,5.723
1,5,10,17.695,5.898
1,6,10,18.418,6.139
1,7,10,19.377,6.459
1,8,10,20.608,6.869
1,9,10,22.132,7.377
1,10,10,23.951,7.984
1,11,10,26.04,8.68
1,12,10,28.34,9.447
1,13,10,30.761,10.254
1,14,10,33.18,11.06
1,15,10,35.453,11.818
1,16,10,37.429,12.476
1,17,10,38.962,12.987
1,18,10,39.934,13.311
1,19,10,40.268,13.423
1,20,10,39.934,13.311
1,21,10,38.962,12.987
1,22,10,37.429,12.476
1,23,10,35.453,11.818
1,24,10,33.18,11.06
1,1,11,12.282,8.188
1,2,11,12.408,8.272
1,3,11,12.598,8.399
1,4,11,12.876,8.584
1,5,11,13.271,8.848
1,6,11,13.813,9.209
1,7,11,14.533,9.688
1,8,11,15.456,10.304
1,9,11,16.599,11.066
1,10,11,17.963,11.975
1,11,11,19.53,13.02
1,12,11,21.255,14.17
1,13,11,23.071,15.381
1,14,11,24.885,16.59
1,15,11,26.59,17.727
1,16,11,28.072,18.714
1,17,11,29.222,19.481
1,18,11,29.951,19.967
1,19,11,30.201,20.134
1,20,11,29.951,19.967
1,21,11,29.222,19.481
1,22,11,28.072,18.714
1,23,11,26.59,17.727
1,24,11,24.885,16.59
1,1,12,16.375,9.552
1,2,12,16.544,9.65
1,3,12,16.797,9.798
1,4,12,17.169,10.015
1,5,12,17.695,10.322
1,6,12,18.418,10.744
1,7,12,19.377,11.303
1,8,12,20.608,12.021
1,9,12,22.132,12.91
1,10,12,23.951,13.971
1,11,12,26.04,15.19
1,12,12,28.34,16.532
1,13,12,30.761,17.944
1,14,12,33.18,19.355
1,15,12,35.453,20.681
1,16,12,37.429,21.833
1,17,12,38.962,22.728
1,18,12,39.934,23.295
1,19,12,40.268,23.49
1,20,12,39.934,23.295
1,21,12,38.962,22.728
1,22,12,37.429,21.833
1,23,12,35.453,20.681
1,24,12,33.18,19.355
1,1,13,16.375,9.552
1,2,13,16.544,9.65
1,3,13,16.797,9.798
1,4,13,17.169,10.015
1,5,13,17.695,10.322
1,6,13,18.418,10.744
1,7,13,19.377,11.303
1,8,13,20.608,12.021
1,9,13,22.132,12.91
1,10,13,23.951,13.971
1,11,13,26.04,15.19
1,12,13,28.34,16.532
1,13,13,30.761,17.944
1,14,13,33.18,19.355
1,15,13,35.453,20.681
1,16,13,37.429,21.833
1,17,13,38.962,22.728
1,18,13,39.934,23.295
1,19,13,40.268,23.49
1,20,13,39.934,23.295
1,21,13,38.962,22.728
1,22,13,37.429,21.833
1,23,13,35.453,20.681
1,24,13,33.18,19.355
1,1,14,32.751,21.834
1,2,14,33.087,22.058
1,3,14,33.595,22.396
1,4,14,34.337,22.892
1,5,14,35.39,23.594
1,6,14,36.835,24.557
1,7,14,38.754,25.836
1,8,14,41.215,27.477
1,9,14,44.263,29.509
1,10,14,47.902,31.935
1,11,14,52.08,34.72
1,12,14,56.681,37.787
1,13,14,61.523,41.015
1,14,14,66.36,44.24
1,15,14,70.907,47.271
1,16,14,74.858,49.905
1,17,14,77.924,51.949
1,18,14,79.869,53.246
1,19,14,80.535,53.69
1,20,14,79.869,53.246
1,21,14,77.924,51.949
1,22,14,74.858,49.905
1,23,14,70.907,47.271
1,24,14,66.36,44.24
1,1,15,16.375,2.729
1,2,15,16.544,2.757
1,3,15,16.797,2.8
1,4,15,17.169,2.861
1,5,15,17.695,2.949
1,6,15,18.418,3.07
1,7,15,19.377,3.229
1,8,15,20.608,3.435
1,9,15,22.132,3.689
1,10,15,23.951,3.992
1,11,15,26.04,4.34
1,12,15,28.34,4.723
1,13,15,30.761,5.127
1,14,15,33.18,5.53
1,15,15,35.453,5.909
1,16,15,37.429,6.238
1,17,15,38.962,6.494
1,18,15,39.934,6.656
1,19,15,40.268,6.711
1,20,15,39.934,6.656
1,21,15,38.962,6.494
1,22,15,37.429,6.238
1,23,15,35.453,5.909
1,24,15,33.18,5.53
1,1,16,16.375,5.458
1,2,16,16.544,5.515
1,3,16,16.797,5.599
1,4,16,17.169,5.723
1,5,16,17.695,5.898
1,6,16,18.418,6.139
1,7,16,19.377,6.459
1,8,16,20.608,6.869
1,9,16,22.132,7.377
1,10,16,23.951,7.984
1,11,16,26.04,8.68
1,12,16,28.34,9.447
1,13,16,30.761,10.254
1,14,16,33.18,11.06
1,15,16,35.453,11.818
1,16,16,37.429,12.476
1,17,16,38.962,12.987
1,18,16,39.934,13.311
1,19,16,40.268,13.423
1,20,16,39.934,13.311
1,21,16,38.962,12.987
1,22,16,37.429,12.476
1,23,16,35.453,11.818
1,24,16,33.18,11.06
1,1,17,16.375,5.458
1,2,17,16.544,5.515
1,3,17,16.797,5.599
1,4,17,17.169,5.723
1,5,17,17.695,5.898
1,6,17,18.418,6.139
1,7,17,19.377,6.459
1,8,17,20.608,6.869
1,9,17,22.132,7.377
1,10,17,23.951,7.984
1,11,17,26.04,8.68
1,12,17,28.34,9.447
1,13,17,30.761,10.254
1,14,17,33.18,11.06
1,15,17,35.453,11.818
1,16,17,37.429,12.476
1,17,17,38.962,12.987
1,18,17,39.934,13.311
1,19,17,40.268,13.423
1,20,17,39.934,13.311
1,21,17,38.962,12.987
1,22,17,37.429,12.476
1,23,17,35.453,11.818
1,24,17,33.18,11.06
1,1,18,24.563,10.917
1,2,18,24.815,11.029
1,3,18,25.196,11.198
1,4,18,25.753,11.446
1,5,18,26.543,11.797
1,6,18,27.627,12.278
1,7,18,29.065,12.918
1,8,18,30.911,13.738
1,9,18,33.197,14.754
1,10,18,35.926,15.967
1,11,18,39.06,17.36
1,12,18,42.511,18.894
1,13,18,46.142,20.508
1,14,18,49.77,22.12
1,15,18,53.18,23.636
1,16,18,56.143,24.953
1,17,18,58.443,25.975
1,18,18,59.902,26.623
1,19,18,60.402,26.845
1,20,18,59.902,26.623
1,21,18,58.443,25.975
1,22,18,56.143,24.953
1,23,18,53.18,23.636
1,24,18,49.77,22.12
1,1,19,24.563,10.917
1,2,19,24.815,11.029
1,3,19,25.196,11.198
1,4,19,25.753,11.446
1,5,19,26.543,11.797
1,6,19,27.627,12.278
1,7,19,29.065,12.918
1,8,19,30.911,13.738
1,9,19,33.197,14.754
1,10,19,35.926,15.967
1,11,19,39.06,17.36
1,12,19,42.511,18.894
1,13,19,46.142,20.508
1,14,19,49.77,22.12
1,15,19,53.18,23.636
1,16,19,56.143,24.953
1,17,19,58.443,25.975
1,18,19,59.902,26.623
1,19,19,60.402,26.845
1,20,19,59.902,26.623
1,21,19,58.443,25.975
1,22,19,56.143,24.953
1,23,19,53.18,23.636
1,24,19,49.77,22.12
1,1,20,24.563,10.917
1,2,20,24.815,11.029
1,3,20,25.196,11.198
1,4,20,25.753,11.446
1,5,20,26.543,11.797
1,6,20,27.627,12.278
1,7,20,29.065,12.918
1,8,20,30.911,13.738
1,9,20,33.197,14.754
1,10,20,35.926,15.967
1,11,20,39.06,17.36
1,12,20,42.511,18.894
1,13,20,46.142,20.508
1,14,20,49.77,22.12
1,15,20,53.18,23.636
1,16,20,56.143,24.953
1,17,20,58.443,25.975
1,18,20,59.902,26.623
1,19,20,60.402,26.845
1,20,20,59.902,26.623
1,21,20,58.443,25.975
1,22,20,56.143,24.953
1,23,20,53.18,23.636
1,24,20,49.77,22.12
1,1,21,24.563,10.917
1,2,21,24.815,11.029
1,3,21,25.196,11.198
1,4,21,25.753,11.446
1,5,21,26.543,11.797
1,6,21,27.627,12.278
1,7,21,29.065,12.918
1,8,21,30.911,13.738
1,9,21,33.197,14.754
1,10,21,35.926,15.967
1,11,21,39.06,17.36
1,12,21,42.511,18.894
1,13,21,46.142,20.508
1,14,21,49.77,22.12
1,15,21,53.18,23.636
1,16,21,56.143,24.953
1,17,21,58.443,25.975
1,18,21,59.902,26.623
1,19,21,60.402,26.845
1,20,21,59.902,26.623
1,21,21,58.443,25.975
1,22,21,56.143,24.953
1,23,21,53.18,23.636
1,24,21,49.77,22.12
1,1,22,24.563,10.917
1,2,22,24.815,11.029
1,3,22,25.196,11.198
1,4,22,25.753,11.446
1,5,22,26.543,11.797
1,6,22,27.627,12.278
1,7,22,29.065,12.918
1,8,22,30.911,13.738
1,9,22,33.197,14.754
1,10,22,35.926,15.967
1,11,22,39.06,17.36
1,12,22,42.511,18.894
1,13,22,46.142,20.508
1,14,22,49.77,22.12
1,15,22,53.18,23.636
1,16,22,56.143,24.953
1,17,22,58.443,25.975
1,18,22,59.902,26.623
1,19,22,60.402,26.845
1,20,22,59.902,26.623
1,21,22,58.443,25.975
1,22,22,56.143,24.953
1,23,22,53.18,23.636
1,24,22,49.77,22.12
1,1,23,24.563,13.646
1,2,23,24.815,13.786
1,3,23,25.196,13.998
1,4,23,25.753,14.307
1,5,23,26.543,14.746
1,6,23,27.627,15.348
1,7,23,29.065,16.147
1,8,23,30.911,17.173
1,9,23,33.197,18.443
1,10,23,35.926,19.959
1,11,23,39.06,21.7
1,12,23,42.511,23.617
1,13,23,46.142,25.634
1,14,23,49.77,27.65
1,15,23,53.18,29.545
1,16,23,56.143,31.191
1,17,23,58.443,32.468
1,18,23,59.902,33.279
1,19,23,60.402,33.556
1,20,23,59.902,33.279
1,21,23,58.443,32.468
1,22,23,56.143,31.191
1,23,23,53.18,29.545
1,24,23,49.77,27.65
1,1,24,114.628,54.585
1,2,24,115.805,55.145
1,3,24,117.581,55.991
1,4,24,120.18,57.229
1,5,24,123.866,58.984
1,6,24,128.924,61.392
1,7,24,135.638,64.59
1,8,24,144.253,68.692
1,9,24,154.921,73.772
1,10,24,167.656,79.836
1,11,24,182.279,86.799
1,12,24,198.383,94.468
1,13,24,215.329,102.538
1,14,24,232.261,110.601
1,15,24,248.174,118.178
1,16,24,262.001,124.763
1,17,24,272.734,129.874
1,18,24,279.541,133.115
1,19,24,281.874,134.226
1,20,24,279.541,133.115
1,21,24,272.734,129.874
1,22,24,262.001,124.763
1,23,24,248.174,118.178
1,24,24,232.261,110.601
1,1,25,114.628,54.585
1,2,25,115.805,55.145
1,3,25,117.581,55.991
1,4,25,120.18,57.229
1,5,25,123.866,58.984
1,6,25,128.924,61.392
1,7,25,135.638,64.59
1,8,25,144.253,68.692
1,9,25,154.921,73.772
1,10,25,167.656,79.836
1,11,25,182.279,86.799
1,12,25,198.383,94.468
1,13,25,215.329,102.538
1,14,25,232.261,110.601
1,15,25,248.174,118.178
1,16,25,262.001,124.763
1,17,25,272.734,129.874
1,18,25,279.541,133.115
1,19,25,281.874,134.226
1,20,25,279.541,133.115
1,21,25,272.734,129.874
1,22,25,262.001,124.763
1,23,25,248.174,118.178
1,24,25,232.261,110.601
1,1,26,16.375,6.823
1,2,26,16.544,6.893
1,3,26,16.797,6.999
1,4,26,17.169,7.154
1,5,26,17.695,7.373
1,6,26,18.418,7.674
1,7,26,19.377,8.074
1,8,26,20.608,8.586
1,9,26,22.132,9.221
1,10,26,23.951,9.98
1,11,26,26.04,10.85
1,12,26,28.34,11.809
1,13,26,30.761,12.817
1,14,26,33.18,13.825
1,15,26,35.453,14.772
1,16,26,37.429,15.595
1,17,26,38.962,16.234
1,18,26,39.934,16.639
1,19,26,40.268,16.778
1,20,26,39.934,16.639
1,21,26,38.962,16.234
1,22,26,37.429,15.595
1,23,26,35.453,14.772
1,24,26,33.18,13.825
1,1,27,16.375,6.823
1,2,27,16.544,6.893
1,3,27,16.797,6.999
1,4,27,17.169,7.154
1,5,27,17.695,7.373
1,6,27,18.418,7.674
1,7,27,19.377,8.074
1,8,27,20.608,8.586
1,9,27,22.132,9.221
1,10,27,23.951,9.98
1,11,27,26.04,10.85
1,12,27,28.34,11.809
1,13,27,30.761,12.817
1,14,27,33.18,13.825
1,15,27,35.453,14.772
1,16,27,37.429,15.595
1,17,27,38.962,16.234
1,18,27,39.934,16.639
1,19,27,40.268,16.778
1,20,27,39.934,16.639
1,21,27,38.962,16.234
1,22,27,37.429,15.595
1,23,27,35.453,14.772
1,24,27,33.18,13.825
1,1,28,16.375,5.458
1,2,28,16.544,5.515
1,3,28,16.797,5.599
1,4,28,17.169,5.723
1,5,28,17.695,5.898
1,6,28,18.418,6.139
1,7,28,19.377,6.459
1,8,28,20.608,6.869
1,9,28,22.132,7.377
1,10,28,23.951,7.984
1,11,28,26.04,8.68
1,12,28,28.34,9.447
1,13,28,30.761,10.254
1,14,28,33.18,11.06
1,15,28,35.453,11.818
1,16,28,37.429,12.476
1,17,28,38.962,12.987
1,18,28,39.934,13.311
1,19,28,40.268,13.423
1,20,28,39.934,13.311
1,21,28,38.962,12.987
1,22,28,37.429,12.476
1,23,28,35.453,11.818
1,24,28,33.18,11.06
1,1,29,32.751,19.105
1,2,29,33.087,19.301
1,3,29,33.595,19.597
1,4,29,34.337,20.03
1,5,29,35.39,20.644
1,6,29,36.835,21.487
1,7,29,38.754,22.606
1,8,29,41.215,24.042
1,9,29,44.263,25.82
1,10,29,47.902,27.943
1,11,29,52.08,30.38
1,12,29,56.681,33.064
1,13,29,61.523,35.888
1,14,29,66.36,38.71
1,15,29,70.907,41.362
1,16,29,74.858,43.667
1,17,29,77.924,45.456
1,18,29,79.869,46.59
1,19,29,80.535,46.979
1,20,29,79.869,46.59
1,21,29,77.924,45.456
1,22,29,74.858,43.667
1,23,29,70.907,41.362
1,24,29,66.36,38.71
1,1,30,54.585,163.755
1,2,30,55.145,165.435
1,3,30,55.991,167.973
1,4,30,57.229,171.686
1,5,30,58.984,176.951
1,6,30,61.392,184.177
1,7,30,64.59,193.769
1,8,30,68.692,206.075
1,9,30,73.772,221.316
1,10,30,79.836,239.509
1,11,30,86.799,260.398
1,12,30,94.468,283.405
1,13,30,102.538,307.613
1,14,30,110.601,331.802
1,15,30,118.178,354.534
1,16,30,124.763,374.288
1,17,30,129.874,389.621
1,18,30,133.115,399.345
1,19,30,134.226,402.677
1,20,30,133.115,399.345
1,21,30,129.874,389.621
1,22,30,124.763,374.288
1,23,30,118.178,354.534
1,24,30,110.601,331.802
1,1,31,40.939,19.105
1,2,31,41.359,19.301
1,3,31,41.993,19.597
1,4,31,42.922,20.03
1,5,31,44.238,20.644
1,6,31,46.044,21.487
1,7,31,48.442,22.606
1,8,31,51.519,24.042
1,9,31,55.329,25.82
1,10,31,59.877,27.943
1,11,31,65.1,30.38
1,12,31,70.851,33.064
1,13,31,76.903,35.888
1,14,31,82.95,38.71
1,15,31,88.634,41.362
1,16,31,93.572,43.667
1,17,31,97.405,45.456
1,18,31,99.836,46.59
1,19,31,100.669,46.979
1,20,31,99.836,46.59
1,21,31,97.405,45.456
1,22,31,93.572,43.667
1,23,31,88.634,41.362
1,24,31,82.95,38.71
1,1,32,57.314,27.292
1,2,32,57.902,27.573
1,3,32,58.79,27.995
1,4,32,60.09,28.614
1,5,32,61.933,29.492
1,6,32,64.462,30.696
1,7,32,67.819,32.295
1,8,32,72.126,34.346
1,9,32,77.461,36.886
1,10,32,83.828,39.918
1,11,32,91.139,43.4
1,12,32,99.192,47.234
1,13,32,107.664,51.269
1,14,32,116.131,55.3
1,15,32,124.087,59.089
1,16,32,131.001,62.381
1,17,32,136.367,64.937
1,18,32,139.771,66.557
1,19,32,140.937,67.113
1,20,32,139.771,66.557
1,21,32,136.367,64.937
1,22,32,131.001,62.381
1,23,32,124.087,59.089
1,24,32,116.131,55.3
1,1,33,16.375,10.917
1,2,33,16.544,11.029
1,3,33,16.797,11.198
1,4,33,17.169,11.446
1,5,33,17.695,11.797
1,6,33,18.418,12.278
1,7,33,19.377,12.918
1,8,33,20.608,13.738
1,9,33,22.132,14.754
1,10,33,23.951,15.967
1,11,33,26.04,17.36
1,12,33,28.34,18.894
1,13,33,30.761,20.508
1,14,33,33.18,22.12
1,15,33,35.453,23.636
1,16,33,37.429,24.953
1,17,33,38.962,25.975
1,18,33,39.934,26.623
1,19,33,40.268,26.845
1,20,33,39.934,26.623
1,21,33,38.962,25.975
1,22,33,37.429,24.953
1,23,33,35.453,23.636
1,24,33,33.18,22.12
2,1,2,28.184,16.911
2,2,2,28.474,17.084
2,3,2,28.91,17.346
2,4,2,29.55,17.73
2,5,2,30.456,18.273
2,6,2,31.699,19.02
2,7,2,33.35,20.01
2,8,2,35.468,21.281
2,9,2,38.092,22.855
2,10,2,41.223,24.734
2,11,2,44.818,26.891
2,12,2,48.778,29.267
2,13,2,52.944,31.767
2,14,2,57.108,34.265
2,15,2,61.02,36.612
2,16,2,64.42,38.652
2,17,2,67.059,40.235
2,18,2,68.733,41.24
2,19,2,69.306,41.584
2,20,2,68.733,41.24
2,21,2,67.059,40.235
2,22,2,64.42,38.652
2,23,2,61.02,36.612
2,24,2,57.108,34.265
2,1,3,25.366,11.274
2,2,3,25.626,11.389
2,3,3,26.019,11.564
2,4,3,26.595,11.82
2,5,3,27.41,12.182
2,6,3,28.529,12.68
2,7,3,30.015,13.34
2,8,3,31.922,14.187
2,9,3,34.282,15.237
2,10,3,37.101,16.489
2,11,3,40.336,17.927
2,12,3,43.9,19.511
2,13,3,47.65,21.178
2,14,3,51.397,22.843
2,15,3,54.918,24.408
2,16,3,57.978,25.768
2,17,3,60.353,26.824
2,18,3,61.859,27.493
2,19,3,62.376,27.723
2,20,3,61.859,27.493
2,21,3,60.353,26.824
2,22,3,57.978,25.768
2,23,3,54.918,24.408
2,24,3,51.397,22.843
2,1,4,33.821,22.548
2,2,4,34.168,22.779
2,3,4,34.692,23.128
2,4,4,35.46,23.64
2,5,4,36.547,24.365
2,6,4,38.039,25.36
2,7,4,40.02,26.68
2,8,4,42.562,28.375
2,9,4,45.71,30.473
2,10,4,49.467,32.978
2,11,4,53.782,35.855
2,12,4,58.533,39.022
2,13,4,63.533,42.356
2,14,4,68.529,45.686
2,15,4,73.224,48.816
2,16,4,77.304,51.536
2,17,4,80.471,53.647
2,18,4,82.479,54.986
2,19,4,83.168,55.445
2,20,4,82.479,54.986
2,21,4,80.471,53.647
2,22,4,77.304,51.536
2,23,4,73.224,48.816
2,24,4,68.529,45.686
2,1,5,16.911,8.455
2,2,5,17.084,8.542
2,3,5,17.346,8.673
2,4,5,17.73,8.865
2,5,5,18.273,9.137
2,6,5,19.02,9.51
2,7,5,20.01,10.005
2,8,5,21.281,10.641
2,9,5,22.855,11.427
2,10,5,24.734,12.367
2,11,5,26.891,13.445
2,12,5,29.267,14.633
2,13,5,31.767,15.883
2,14,5,34.265,17.132
2,15,5,36.612,18.306
2,16,5,38.652,19.326
2,17,5,40.235,20.118
2,18,5,41.24,20.62
2,19,5,41.584,20.792
2,20,5,41.24,20.62
2,21,5,40.235,20.118
2,22,5,38.652,19.326
2,23,5,36.612,18.306
2,24,5,34.265,17.132
2,1,6,16.911,5.637
2,2,6,17.084,5.695
2,3,6,17.346,5.782
2,4,6,17.73,5.91
2,5,6,18.273,6.091
2,6,6,19.02,6.34
2,7,6,20.01,6.67
2,8,6,21.281,7.094
2,9,6,22.855,7.618
2,10,6,24.734,8.245
2,11,6,26.891,8.964
2,12,6,29.267,9.756
2,13,6,31.767,10.589
2,14,6,34.265,11.422
2,15,6,36.612,12.204
2,16,6,38.652,12.884
2,17,6,40.235,13.412
2,18,6,41.24,13.747
2,19,6,41.584,13.861
2,20,6,41.24,13.747
2,21,6,40.235,13.412
2,22,6,38.652,12.884
2,23,6,36.612,12.204
2,24,6,34.265,11.422
2,1,7,56.369,28.184
2,2,7,56.947,28.474
2,3,7,57.821,28.91
2,4,7,59.099,29.55
2,5,7,60.912,30.456
2,6,7,63.399,31.699
2,7,7,66.701,33.35
2,8,7,70.937,35.468
2,9,7,76.183,38.092
2,10,7,82.446,41.223
2,11,7,89.636,44.818
2,12,7,97.556,48.778
2,13,7,105.889,52.944
2,14,7,114.215,57.108
2,15,7,122.04,61.02
2,16,7,128.84,64.42
2,17,7,134.118,67.059
2,18,7,137.466,68.733
2,19,7,138.613,69.306
2,20,7,137.466,68.733
2,21,7,134.118,67.059
2,22,7,128.84,64.42
2,23,7,122.04,61.02
2,24,7,114.215,57.108
2,1,8,56.369,28.184
2,2,8,56.947,28.474
2,3,8,57.821,28.91
2,4,8,59.099,29.55
2,5,8,60.912,30.456
2,6,8,63.399,31.699
2,7,8,66.701,33.35
2,8,8,70.937,35.468
2,9,8,76.183,38.092
2,10,8,82.446,41.223
2,11,8,89.636,44.818
2,12,8,97.556,48.778
2,13,8,105.889,52.944
2,14,8,114.215,57.108
2,15,8,122.04,61.02
2,16,8,128.84,64.42
2,17,8,134.118,67.059
2,18,8,137.466,68.733
2,19,8,138.613,69.306
2,20,8,137.466,68.733
2,21,8,134.118,67.059
2,22,8,128.84,64.42
2,23,8,122.04,61.02
2,24,8,114.215,57.108
2,1,9,16.911,5.637
2,2,9,17.084,5.695
2,3,9,17.346,5.782
2,4,9,17.73,5.91
2,5,9,18.273,6.091
2,6,9,19.02,6.34
2,7,9,20.01,6.67
2,8,9,21.281,7.094
2,9,9,22.855,7.618
2,10,9,24.734,8.245
2,11,9,26.891,8.964
2,12,9,29.267,9.756
2,13,9,31.767,10.589
2,14,9,34.265,11.422
2,15,9,36.612,12.204
2,16,9,38.652,12.884
2,17,9,40.235,13.412
2,18,9,41.24,13.747
2,19,9,41.584,13.861
2,20,9,41.24,13.747
2,21,9,40.235,13.412
2,22,9,38.652,12.884
2,23,9,36.612,12.204
2,24,9,34.265,11.422
2,1,10,16.911,5.637
2,2,10,17.084,5.695
2,3,10,17.346,5.782
2,4,10,17.73,5.91
2,5,10,18.273,6.091
2,6,10,19.02,6.34
2,7,10,20.01,6.67
2,8,10,21.281,7.094
2,9,10,22.855,7.618
2,10,10,24.734,8.245
2,11,10,26.891,8.964
2,12,10,29.267,9.756
2,13,10,31.767,10.589
2,14,10,34.265,11.422
2,15,10,36.612,12.204
2,16,10,38.652,12.884
2,17,10,40.235,13.412
2,18,10,41.24,13.747
2,19,10,41.584,13.861
2,20,10,41.24,13.747
2,21,10,40.235,13.412
2,22,10,38.652,12.884
2,23,10,36.612,12.204
2,24,10,34.265,11.422
2,1,11,12.683,8.455
2,2,11,12.813,8.542
2,3,11,13.01,8.673
2,4,11,13.297,8.865
2,5,11,13.705,9.137
2,6,11,14.265,9.51
2,7,11,15.008,10.005
2,8,11,15.961,10.641
2,9,11,17.141,11.427
2,10,11,18.55,12.367
2,11,11,20.168,13.445
2,12,11,21.95,14.633
2,13,11,23.825,15.883
2,14,11,25.698,17.132
2,15,11,27.459,18.306
2,16,11,28.989,19.326
2,17,11,30.177,20.118
2,18,11,30.93,20.62
2,19,11,31.188,20.792
2,20,11,30.93,20.62
2,21,11,30.177,20.118
2,22,11,28.989,19.326
2,23,11,27.459,18.306
2,24,11,25.698,17.132
2,1,12,16.911,9.865
2,2,12,17.084,9.966
2,3,12,17.346,10.119
2,4,12,17.73,10.342
2,5,12,18.273,10.66
2,6,12,19.02,11.095
2,7,12,20.01,11.673
2,8,12,21.281,12.414
2,9,12,22.855,13.332
2,10,12,24.734,14.428
2,11,12,26.891,15.686
2,12,12,29.267,17.072
2,13,12,31.767,18.531
2,14,12,34.265,19.988
2,15,12,36.612,21.357
2,16,12,38.652,22.547
2,17,12,40.235,23.471
2,18,12,41.24,24.056
2,19,12,41.584,24.257
2,20,12,41.24,24.056
2,21,12,40.235,23.471
2,22,12,38.652,22.547
2,23,12,36.612,21.357
2,24,12,34.265,19.988
2,1,13,16.911,9.865
2,2,13,17.084,9.966
2,3,13,17.346,10.119
2,4,13,17.73,10.342
2,5,13,18.273,10.66
2,6,13,19.02,11.095
2,7,13,20.01,11.673
2,8,13,21.281,12.414
2,9,13,22.855,13.332
2,10,13,24.734,14.428
2,11,13,26.891,15.686
2,12,13,29.267,17.072
2,13,13,31.767,18.531
2,14,13,34.265,19.988
2,15,13,36.612,21.357
2,16,13,38.652,22.547
2,17,13,40.235,23.471
2,18,13,41.24,24.056
2,19,13,41.584,24.257
2,20,13,41.24,24.056
2,21,13,40.235,23.471
2,22,13,38.652,22.547
2,23,13,36.612,21.357
2,24,13,34.265,19.988
2,1,14,33.821,22.548
2,2,14,34.168,22.779
2,3,14,34.692,23.128
2,4,14,35.46,23.64
2,5,14,36.547,24.365
2,6,14,38.039,25.36
2,7,14,40.02,26.68
2,8,14,42.562,28.375
2,9,14,45.71,30.473
2,10,14,49.467,32.978
2,11,14,53.782,35.855
2,12,14,58.533,39.022
2,13,14,63.533,42.356
2,14,14,68.529,45.686
2,15,14,73.224,48.816
2,16,14,77.304,51.536
2,17,14,80.471,53.647
2,18,14,82.479,54.986
2,19,14,83.168,55.445
2,20,14,82.479,54.986
2,21,14,80.471,53.647
2,22,14,77.304,51.536
2,23,14,73.224,48.816
2,24,14,68.529,45.686
2,1,15,16.911,2.818
2,2,15,17.084,2.847
2,3,15,17.346,2.891
2,4,15,17.73,2.955
2,5,15,18.273,3.046
2,6,15,19.02,3.17
2,7,15,20.01,3.335
2,8,15,21.281,3.547
2,9,15,22.855,3.809
2,10,15,24.734,4.122
2,11,15,26.891,4.482
2,12,15,29.267,4.878
2,13,15,31.767,5.294
2,14,15,34.265,5.711
2,15,15,36.612,6.102
2,16,15,38.652,6.442
2,17,15,40.235,6.706
2,18,15,41.24,6.873
2,19,15,41.584,6.931
2,20,15,41.24,6.873
2,21,15,40.235,6.706
2,22,15,38.652,6.442
2,23,15,36.612,6.102
2,24,15,34.265,5.711
2,1,16,16.911,5.637
2,2,16,17.084,5.695
2,3,16,17.346,5.782
2,4,16,17.73,5.91
2,5,16,18.273,6.091
2,6,16,19.02,6.34
2,7,16,20.01,6.67
2,8,16,21.281,7.094
2,9,16,22.855,7.618
2,10,16,24.734,8.245
2,11,16,26.891,8.964
2,12,16,29.267,9.756
2,13,16,31.767,10.589
2,14,16,34.265,11.422
2,15,16,36.612,12.204
2,16,16,38.652,12.884
2,17,16,40.235,13.412
2,18,16,41.24,13.747
2,19,16,41.584,13.861
2,20,16,41.24,13.747
2,21,16,40.235,13.412
2,22,16,38.652,12.884
2,23,16,36.612,12.204
2,24,16,34.265,11.422
2,1,17,16.911,5.637
2,2,17,17.084,5.695
2,3,17,17.346,5.782
2,4,17,17.73,5.91
2,5,17,18.273,6.091
2,6,17,19.02,6.34
2,7,17,20.01,6.67
2,8,17,21.281,7.094
2,9,17,22.855,7.618
2,10,17,24.734,8.245
2,11,17,26.891,8.964
2,12,17,29.267,9.756
2,13,17,31.767,10.589
2,14,17,34.265,11.422
2,15,17,36.612,12.204
2,16,17,38.652,12.884
2,17,17,40.235,13.412
2,18,17,41.24,13.747
2,19,17,41.584,13.861
2,20,17,41.24,13.747
2,21,17,40.235,13.412
2,22,17,38.652,12.884
2,23,17,36.612,12.204
2,24,17,34.265,11.422
2,1,18,25.366,11.274
2,2,18,25.626,11.389
2,3,18,26.019,11.564
2,4,18,26.595,11.82
2,5,18,27.41,12.182
2,6,18,28.529,12.68
2,7,18,30.015,13.34
2,8,18,31.922,14.187
2,9,18,34.282,15.237
2,10,18,37.101,16.489
2,11,18,40.336,17.927
2,12,18,43.9,19.511
2,13,18,47.65,21.178
2,14,18,51.397,22.843
2,15,18,54.918,24.408
2,16,18,57.978,25.768
2,17,18,60.353,26.824
2,18,18,61.859,27.493
2,19,18,62.376,27.723
2,20,18,61.859,27.493
2,21,18,60.353,26.824
2,22,18,57.978,25.768
2,23,18,54.918,24.408
2,24,18,51.397,22.843
2,1,19,25.366,11.274
2,2,19,25.626,11.389
2,3,19,26.019,11.564
2,4,19,26.595,11.82
2,5,19,27.41,12.182
2,6,19,28.529,12.68
2,7,19,30.015,13.34
2,8,19,31.922,14.187
2,9,19,34.282,15.237
2,10,19,37.101,16.489
2,11,19,40.336,17.927
2,12,19,43.9,19.511
2,13,19,47.65,21.178
2,14,19,51.397,22.843
2,15,19,54.918,24.408
2,16,19,57.978,25.768
2,17,19,60.353,26.824
2,18,19,61.859,27.493
2,19,19,62.376,27.723
2,20,19,61.859,27.493
2,21,19,60.353,26.824
2,22,19,57.978,25.768
2,23,19,54.918,24.408
2,24,19,51.397,22.843
2,1,20,25.366,11.274
2,2,20,25.626,11.389
2,3,20,26.019,11.564
2,4,20,26.595,11.82
2,5,20,27.41,12.182
2,6,20,28.529,12.68
2,7,20,30.015,13.34
2,8,20,31.922,14.187
2,9,20,34.282,15.237
2,10,20,37.101,16.489
2,11,20,40.336,17.927
2,12,20,43.9,19.511
2,13,20,47.65,21.178
2,14,20,51.397,22.843
2,15,20,54.918,24.408
2,16,20,57.978,25.768
2,17,20,60.353,26.824
2,18,20,61.859,27.493
2,19,20,62.376,27.723
2,20,20,61.859,27.493
2,21,20,60.353,26.824
2,22,20,57.978,25.768
2,23,20,54.918,24.408
2,24,20,51.397,22.843
2,1,21,25.366,11.274
2,2,21,25.626,11.389
2,3,21,26.019,11.564
2,4,21,26.595,11.82
2,5,21,27.41,12.182
2,6,21,28.529,12.68
2,7,21,30.015,13.34
2,8,21,31.922,14.187
2,9,21,34.282,15.237
2,10,21,37.101,16.489
2,11,21,40.336,17.927
2,12,21,43.9,19.511
2,13,21,47.65,21.178
2,14,21,51.397,22.843
2,15,21,54.918,24.408
2,16,21,57.978,25.768
2,17,21,60.353,26.824
2,18,21,61.859,27.493
2,19,21,62.376,27.723
2,20,21,61.859,27.493
2,21,21,60.353,26.824
2,22,21,57.978,25.768
2,23,21,54.918,24.408
2,24,21,51.397,22.843
2,1,22,25.366,11.274
2,2,22,25.626,11.389
2,3,22,26.019,11.564
2,4,22,26.595,11.82
2,5,22,27.41,12.182
2,6,22,28.529,12.68
2,7,22,30.015,13.34
2,8,22,31.922,14.187
2,9,22,34.282,15.237
2,10,22,37.101,16.489
2,11,22,40.336,17.927
2,12,22,43.9,19.511
2,13,22,47.65,21.178
2,14,22,51.397,22.843
2,15,22,54.918,24.408
2,16,22,57.978,25.768
2,17,22,60.353,26.824
2,18,22,61.859,27.493
2,19,22,62.376,27.723
2,20,22,61.859,27.493
2,21,22,60.353,26.824
2,22,22,57.978,25.768
2,23,22,54.918,24.408
2,24,22,51.397,22.843
2,1,23,25.366,14.092
2,2,23,25.626,14.237
2,3,23,26.019,14.455
2,4,23,26.595,14.775
2,5,23,27.41,15.228
2,6,23,28.529,15.85
2,7,23,30.015,16.675
2,8,23,31.922,17.734
2,9,23,34.282,19.046
2,10,23,37.101,20.611
2,11,23,40.336,22.409
2,12,23,43.9,24.389
2,13,23,47.65,26.472
2,14,23,51.397,28.554
2,15,23,54.918,30.51
2,16,23,57.978,32.21
2,17,23,60.353,33.53
2,18,23,61.859,34.366
2,19,23,62.376,34.653
2,20,23,61.859,34.366
2,21,23,60.353,33.53
2,22,23,57.978,32.21
2,23,23,54.918,30.51
2,24,23,51.397,28.554
2,1,24,118.375,56.369
2,2,24,119.589,56.947
2,3,24,121.424,57.821
2,4,24,124.108,59.099
2,5,24,127.914,60.912
2,6,24,133.137,63.399
2,7,24,140.071,66.701
2,8,24,148.967,70.937
2,9,24,159.984,76.183
2,10,24,173.136,82.446
2,11,24,188.236,89.636
2,12,24,204.867,97.556
2,13,24,222.366,105.889
2,14,24,239.852,114.215
2,15,24,256.285,122.04
2,16,24,270.564,128.84
2,17,24,281.648,134.118
2,18,24,288.678,137.466
2,19,24,291.087,138.613
2,20,24,288.678,137.466
2,21,24,281.648,134.118
2,22,24,270.564,128.84
2,23,24,256.285,122.04
2,24,24,239.852,114.215
2,1,25,118.375,56.369
2,2,25,119.589,56.947
2,3,25,121.424,57.821
2,4,25,124.108,59.099
2,5,25,127.914,60.912
2,6,25,133.137,63.399
2,7,25,140.071,66.701
2,8,25,148.967,70.937
2,9,25,159.984,76.183
2,10,25,173.136,82.446
2,11,25,188.236,89.636
2,12,25,204.867,97.556
2,13,25,222.366,105.889
2,14,25,239.852,114.215
2,15,25,256.285,122.04
2,16,25,270.564,128.84
2,17,25,281.648,134.118
2,18,25,288.678,137.466
2,19,25,291.087,138.613
2,20,25,288.678,137.466
2,21,25,281.648,134.118
2,22,25,270.564,128.84
2,23,25,256.285,122.04
2,24,25,239.852,114.215
2,1,26,16.911,7.046
2,2,26,17.084,7.118
2,3,26,17.346,7.228
2,4,26,17.73,7.387
2,5,26,18.273,7.614
2,6,26,19.02,7.925
2,7,26,20.01,8.338
2,8,26,21.281,8.867
2,9,26,22.855,9.523
2,10,26,24.734,10.306
2,11,26,26.891,11.205
2,12,26,29.267,12.194
2,13,26,31.767,13.236
2,14,26,34.265,14.277
2,15,26,36.612,15.255
2,16,26,38.652,16.105
2,17,26,40.235,16.765
2,18,26,41.24,17.183
2,19,26,41.584,17.327
2,20,26,41.24,17.183
2,21,26,40.235,16.765
2,22,26,38.652,16.105
2,23,26,36.612,15.255
2,24,26,34.265,14.277
2,1,27,16.911,7.046
2,2,27,17.084,7.118
2,3,27,17.346,7.228
2,4,27,17.73,7.387
2,5,27,18.273,7.614
2,6,27,19.02,7.925
2,7,27,20.01,8.338
2,8,27,21.281,8.867
2,9,27,22.855,9.523
2,10,27,24.734,10.306
2,11,27,26.891,11.205
2,12,27,29.267,12.194
2,13,27,31.767,13.236
2,14,27,34.265,14.277
2,15,27,36.612,15.255
2,16,27,38.652,16.105
2,17,27,40.235,16.765
2,18,27,41.24,17.183
2,19,27,41.584,17.327
2,20,27,41.24,17.183
2,21,27,40.235,16.765
2,22,27,38.652,16.105
2,23,27,36.612,15.255
2,24,27,34.265,14.277
2,1,28,16.911,5.637
2,2,28,17.084,5.695
2,3,28,17.346,5.782
2,4,28,17.73,5.91
2,5,28,18.273,6.091
2,6,28,19.02,6.34
2,7,28,20.01,6.67
2,8,28,21.281,7.094
2,9,28,22.855,7.618
2,10,28,24.734,8.245
2,11,28,26.891,8.964
2,12,28,29.267,9.756
2,13,28,31.767,10.589
2,14,28,34.265,11.422
2,15,28,36.612,12.204
2,16,28,38.652,12.884
2,17,28,40.235,13.412
2,18,28,41.24,13.747
2,19,28,41.584,13.861
2,20,28,41.24,13.747
2,21,28,40.235,13.412
2,22,28,38.652,12.884
2,23,28,36.612,12.204
2,24,28,34.265,11.422
2,1,29,33.821,19.729
2,2,29,34.168,19.932
2,3,29,34.692,20.237
2,4,29,35.46,20.685
2,5,29,36.547,21.319
2,6,29,38.039,22.19
2,7,29,40.02,23.345
2,8,29,42.562,24.828
2,9,29,45.71,26.664
2,10,29,49.467,28.856
2,11,29,53.782,31.373
2,12,29,58.533,34.145
2,13,29,63.533,37.061
2,14,29,68.529,39.975
2,15,29,73.224,42.714
2,16,29,77.304,45.094
2,17,29,80.471,46.941
2,18,29,82.479,48.113
2,19,29,83.168,48.514
2,20,29,82.479,48.113
2,21,29,80.471,46.941
2,22,29,77.304,45.094
2,23,29,73.224,42.714
2,24,29,68.529,39.975
2,1,30,56.369,169.107
2,2,30,56.947,170.842
2,3,30,57.821,173.462
2,4,30,59.099,177.298
2,5,30,60.912,182.735
2,6,30,63.399,190.196
2,7,30,66.701,200.102
2,8,30,70.937,212.81
2,9,30,76.183,228.549
2,10,30,82.446,247.337
2,11,30,89.636,268.909
2,12,30,97.556,292.667
2,13,30,105.889,317.666
2,14,30,114.215,342.646
2,15,30,122.04,366.121
2,16,30,128.84,386.521
2,17,30,134.118,402.355
2,18,30,137.466,412.397
2,19,30,138.613,415.838
2,20,30,137.466,412.397
2,21,30,134.118,402.355
2,22,30,128.84,386.521
2,23,30,122.04,366.121
2,24,30,114.215,342.646
2,1,31,42.277,19.729
2,2,31,42.71,19.932
2,3,31,43.366,20.237
2,4,31,44.324,20.685
2,5,31,45.684,21.319
2,6,31,47.549,22.19
2,7,31,50.025,23.345
2,8,31,53.203,24.828
2,9,31,57.137,26.664
2,10,31,61.834,28.856
2,11,31,67.227,31.373
2,12,31,73.167,34.145
2,13,31,79.417,37.061
2,14,31,85.661,39.975
2,15,31,91.53,42.714
2,16,31,96.63,45.094
2,17,31,100.589,46.941
2,18,31,103.099,48.113
2,19,31,103.959,48.514
2,20,31,103.099,48.113
2,21,31,100.589,46.941
2,22,31,96.63,45.094
2,23,31,91.53,42.714
2,24,31,85.661,39.975
2,1,32,59.187,28.184
2,2,32,59.795,28.474
2,3,32,60.712,28.91
2,4,32,62.054,29.55
2,5,32,63.957,30.456
2,6,32,66.569,31.699
2,7,32,70.036,33.35
2,8,32,74.484,35.468
2,9,32,79.992,38.092
2,10,32,86.568,41.223
2,11,32,94.118,44.818
2,12,32,102.434,48.778
2,13,32,111.183,52.944
2,14,32,119.926,57.108
2,15,32,128.142,61.02
2,16,32,135.282,64.42
2,17,32,140.824,67.059
2,18,32,144.339,68.733
2,19,32,145.543,69.306
2,20,32,144.339,68.733
2,21,32,140.824,67.059
2,22,32,135.282,64.42
2,23,32,128.142,61.02
2,24,32,119.926,57.108
2,1,33,16.911,11.274
2,2,33,17.084,11.389
2,3,33,17.346,11.564
2,4,33,17.73,11.82
2,5,33,18.273,12.182
2,6,33,19.02,12.68
2,7,33,20.01,13.34
2,8,33,21.281,14.187
2,9,33,22.855,15.237
2,10,33,24.734,16.489
2,11,33,26.891,17.927
2,12,33,29.267,19.511
2,13,33,31.767,21.178
2,14,33,34.265,22.843
2,15,33,36.612,24.408
2,16,33,38.652,25.768
2,17,33,40.235,26.824
2,18,33,41.24,27.493
2,19,33,41.584,27.723
2,20,33,41.24,27.493
2,21,33,40.235,26.824
2,22,33,38.652,25.768
2,23,33,36.612,24.408
2,24,33,34.265,22.843
3,1,2,30.561,18.337
3,2,2,30.875,18.525
3,3,2,31.349,18.809
3,4,2,32.042,19.225
3,5,2,33.024,19.815
3,6,2,34.373,20.624
3,7,2,36.163,21.698
3,8,2,38.46,23.076
3,9,2,41.304,24.782
3,10,2,44.699,26.82
3,11,2,48.598,29.159
3,12,2,52.892,31.735
3,13,2,57.41,34.446
3,14,2,61.924,37.154
3,15,2,66.166,39.7
3,16,2,69.853,41.912
3,17,2,72.715,43.629
3,18,2,74.529,44.718
3,19,2,75.151,45.091
3,20,2,74.529,44.718
3,21,2,72.715,43.629
3,22,2,69.853,41.912
3,23,2,66.166,39.7
3,24,2,61.924,37.154
3,1,3,27.505,12.225
3,2,3,27.788,12.35
3,3,3,28.214,12.539
3,4,3,28.838,12.817
3,5,3,29.722,13.21
3,6,3,30.936,13.749
3,7,3,32.547,14.465
3,8,3,34.614,15.384
3,9,3,37.174,16.522
3,10,3,40.229,17.88
3,11,3,43.738,19.439
3,12,3,47.602,21.157
3,13,3,51.669,22.964
3,14,3,55.732,24.77
3,15,3,59.55,26.467
3,16,3,62.868,27.941
3,17,3,65.443,29.086
3,18,3,67.077,29.812
3,19,3,67.636,30.061
3,20,3,67.077,29.812
3,21,3,65.443,29.086
3,22,3,62.868,27.941
3,23,3,59.55,26.467
3,24,3,55.732,24.77
3,1,4,36.674,24.449
3,2,4,37.05,24.7
3,3,4,37.618,25.079
3,4,4,38.45,25.633
3,5,4,39.629,26.419
3,6,4,41.247,27.498
3,7,4,43.396,28.93
3,8,4,46.152,30.768
3,9,4,49.565,33.043
3,10,4,53.639,35.76
3,11,4,58.318,38.878
3,12,4,63.47,42.313
3,13,4,68.891,45.928
3,14,4,74.309,49.539
3,15,4,79.4,52.933
3,16,4,83.824,55.882
3,17,4,87.258,58.172
3,18,4,89.435,59.624
3,19,4,90.182,60.121
3,20,4,89.435,59.624
3,21,4,87.258,58.172
3,22,4,83.824,55.882
3,23,4,79.4,52.933
3,24,4,74.309,49.539
3,1,5,18.337,9.168
3,2,5,18.525,9.263
3,3,5,18.809,9.405
3,4,5,19.225,9.613
3,5,5,19.815,9.907
3,6,5,20.624,10.312
3,7,5,21.698,10.849
3,8,5,23.076,11.538
3,9,5,24.782,12.391
3,10,5,26.82,13.41
3,11,5,29.159,14.579
3,12,5,31.735,15.867
3,13,5,34.446,17.223
3,14,5,37.154,18.577
3,15,5,39.7,19.85
3,16,5,41.912,20.956
3,17,5,43.629,21.814
3,18,5,44.718,22.359
3,19,5,45.091,22.545
3,20,5,44.718,22.359
3,21,5,43.629,21.814
3,22,5,41.912,20.956
3,23,5,39.7,19.85
3,24,5,37.154,18.577
3,1,6,18.337,6.112
3,2,6,18.525,6.175
3,3,6,18.809,6.27
3,4,6,19.225,6.408
3,5,6,19.815,6.605
3,6,6,20.624,6.875
3,7,6,21.698,7.233
3,8,6,23.076,7.692
3,9,6,24.782,8.261
3,10,6,26.82,8.94
3,11,6,29.159,9.72
3,12,6,31.735,10.578
3,13,6,34.446,11.482
3,14,6,37.154,12.385
3,15,6,39.7,13.233
3,16,6,41.912,13.971
3,17,6,43.629,14.543
3,18,6,44.718,14.906
3,19,6,45.091,15.03
3,20,6,44.718,14.906
3,21,6,43.629,14.543
3,22,6,41.912,13.971
3,23,6,39.7,13.233
3,24,6,37.154,12.385
3,1,7,61.123,30.561
3,2,7,61.75,30.875
3,3,7,62.697,31.349
3,4,7,64.083,32.042
3,5,7,66.049,33.024
3,6,7,68.746,34.373
3,7,7,72.326,36.163
3,8,7,76.919,38.46
3,9,7,82.608,41.304
3,10,7,89.399,44.699
3,11,7,97.196,48.598
3,12,7,105.783,52.892
3,13,7,114.819,57.41
3,14,7,123.848,61.924
3,15,7,132.333,66.166
3,16,7,139.706,69.853
3,17,7,145.429,72.715
3,18,7,149.059,74.529
3,19,7,150.303,75.151
3,20,7,149.059,74.529
3,21,7,145.429,72.715
3,22,7,139.706,69.853
3,23,7,132.333,66.166
3,24,7,123.848,61.924
3,1,8,61.123,30.561
3,2,8,61.75,30.875
3,3,8,62.697,31.349
3,4,8,64.083,32.042
3,5,8,66.049,33.024
3,6,8,68.746,34.373
3,7,8,72.326,36.163
3,8,8,76.919,38.46
3,9,8,82.608,41.304
3,10,8,89.399,44.699
3,11,8,97.196,48.598
3,12,8,105.783,52.892
3,13,8,114.819,57.41
3,14,8,123.848,61.924
3,15,8,132.333,66.166
3,16,8,139.706,69.853
3,17,8,145.429,72.715
3,18,8,149.059,74.529
3,19,8,150.303,75.151
3,20,8,149.059,74.529
3,21,8,145.429,72.715
3,22,8,139.706,69.853
3,23,8,132.333,66.166
3,24,8,123.848,61.924
3,1,9,18.337,6.112
3,2,9,18.525,6.175
3,3,9,18.809,6.27
3,4,9,19.225,6.408
3,5,9,19.815,6.605
3,6,9,20.624,6.875
3,7,9,21.698,7.233
3,8,9,23.076,7.692
3,9,9,24.782,8.261
3,10,9,26.82,8.94
3,11,9,29.159,9.72
3,12,9,31.735,10.578
3,13,9,34.446,11.482
3,14,9,37.154,12.385
3,15,9,39.7,13.233
3,16,9,41.912,13.971
3,17,9,43.629,14.543
3,18,9,44.718,14.906
3,19,9,45.091,15.03
3,20,9,44.718,14.906
3,21,9,43.629,14.543
3,22,9,41.912,13.971
3,23,9,39.7,13.233
3,24,9,37.154,12.385
3,1,10,18.337,6.112
3,2,10,18.525,6.175
3,3,10,18.809,6.27
3,4,10,19.225,6.408
3,5,10,19.815,6.605
3,6,10,20.624,6.875
3,7,10,21.698,7.233
3,8,10,23.076,7.692
3,9,10,24.782,8.261
3,10,10,26.82,8.94
3,11,10,29.159,9.72
3,12,10,31.735,10.578
3,13,10,34.446,11.482
3,14,10,37.154,12.385
3,15,10,39.7,13.233
3,16,10,41.912,13.971
3,17,10,43.629,14.543
3,18,10,44.718,14.906
3,19,10,45.091,15.03
3,20,10,44.718,14.906
3,21,10,43.629,14.543
3,22,10,41.912,13.971
3,23,10,39.7,13.233
3,24,10,37.154,12.385
3,1,11,13.753,9.168
3,2,11,13.894,9.263
3,3,11,14.107,9.405
3,4,11,14.419,9.613
3,5,11,14.861,9.907
3,6,11,15.468,10.312
3,7,11,16.273,10.849
3,8,11,17.307,11.538
3,9,11,18.587,12.391
3,10,11,20.115,13.41
3,11,11,21.869,14.579
3,12,11,23.801,15.867
3,13,11,25.834,17.223
3,14,11,27.866,18.577
3,15,11,29.775,19.85
3,16,11,31.434,20.956
3,17,11,32.722,21.814
3,18,11,33.538,22.359
3,19,11,33.818,22.545
3,20,11,33.538,22.359
3,21,11,32.722,21.814
3,22,11,31.434,20.956
3,23,11,29.775,19.85
3,24,11,27.866,18.577
3,1,12,18.337,10.697
3,2,12,18.525,10.806
3,3,12,18.809,10.972
3,4,12,19.225,11.215
3,5,12,19.815,11.559
3,6,12,20.624,12.03
3,7,12,21.698,12.657
3,8,12,23.076,13.461
3,9,12,24.782,14.456
3,10,12,26.82,15.645
3,11,12,29.159,17.009
3,12,12,31.735,18.512
3,13,12,34.446,20.093
3,14,12,37.154,21.673
3,15,12,39.7,23.158
3,16,12,41.912,24.449
3,17,12,43.629,25.45
3,18,12,44.718,26.085
3,19,12,45.091,26.303
3,20,12,44.718,26.085
3,21,12,43.629,25.45
3,22,12,41.912,24.449
3,23,12,39.7,23.158
3,24,12,37.154,21.673
3,1,13,18.337,10.697
3,2,13,18.525,10.806
3,3,13,18.809,10.972
3,4,13,19.225,11.215
3,5,13,19.815,11.559
3,6,13,20.624,12.03
3,7,13,21.698,12.657
3,8,13,23.076,13.461
3,9,13,24.782,14.456
3,10,13,26.82,15.645
3,11,13,29.159,17.009
3,12,13,31.735,18.512
3,13,13,34.446,20.093
3,14,13,37.154,21.673
3,15,13,39.7,23.158
3,16,13,41.912,24.449
3,17,13,43.629,25.45
3,18,13,44.718,26.085
3,19,13,45.091,26.303
3,20,13,44.718,26.085
3,21,13,43.629,25.45
3,22,13,41.912,24.449
3,23,13,39.7,23.158
3,24,13,37.154,21.673
3,1,14,36.674,24.449
3,2,14,37.05,24.7
3,3,14,37.618,25.079
3,4,14,38.45,25.633
3,5,14,39.629,26.419
3,6,14,41.247,27.498
3,7,14,43.396,28.93
3,8,14,46.152,30.768
3,9,14,49.565,33.043
3,10,14,53.639,35.76
3,11,14,58.318,38.878
3,12,14,63.47,42.313
3,13,14,68.891,45.928
3,14,14,74.309,49.539
3,15,14,79.4,52.933
3,16,14,83.824,55.882
3,17,14,87.258,58.172
3,18,14,89.435,59.624
3,19,14,90.182,60.121
3,20,14,89.435,59.624
3,21,14,87.258,58.172
3,22,14,83.824,55.882
3,23,14,79.4,52.933
3,24,14,74.309,49.539
3,1,15,18.337,3.056
3,2,15,18.525,3.088
3,3,15,18.809,3.135
3,4,15,19.225,3.204
3,5,15,19.815,3.302
3,6,15,20.624,3.437
3,7,15,21.698,3.616
3,8,15,23.076,3.846
3,9,15,24.782,4.13
3,10,15,26.82,4.47
3,11,15,29.159,4.86
3,12,15,31.735,5.289
3,13,15,34.446,5.741
3,14,15,37.154,6.192
3,15,15,39.7,6.617
3,16,15,41.912,6.985
3,17,15,43.629,7.271
3,18,15,44.718,7.453
3,19,15,45.091,7.515
3,20,15,44.718,7.453
3,21,15,43.629,7.271
3,22,15,41.912,6.985
3,23,15,39.7,6.617
3,24,15,37.154,6.192
3,1,16,18.337,6.112
3,2,16,18.525,6.175
3,3,16,18.809,6.27
3,4,16,19.225,6.408
3,5,16,19.815,6.605
3,6,16,20.624,6.875
3,7,16,21.698,7.233
3,8,16,23.076,7.692
3,9,16,24.782,8.261
3,10,16,26.82,8.94
3,11,16,29.159,9.72
3,12,16,31.735,10.578
3,13,16,34.446,11.482
3,14,16,37.154,12.385
3,15,16,39.7,13.233
3,16,16,41.912,13.971
3,17,16,43.629,14.543
3,18,16,44.718,14.906
3,19,16,45.091,15.03
3,20,16,44.718,14.906
3,21,16,43.629,14.543
3,22,16,41.912,13.971
3,23,16,39.7,13.233
3,24,16,37.154,12.385
3,1,17,18.337,6.112
3,2,17,18.525,6.175
3,3,17,18.809,6.27
3,4,17,19.225,6.408
3,5,17,19.815,6.605
3,6,17,20.624,6.875
3,7,17,21.698,7.233
3,8,17,23.076,7.692
3,9,17,24.782,8.261
3,10,17,26.82,8.94
3,11,17,29.159,9.72
3,12,17,31.735,10.578
3,13,17,34.446,11.482
3,14,17,37.154,12.385
3,15,17,39.7,13.233
3,16,17,41.912,13.971
3,17,17,43.629,14.543
3,18,17,44.718,14.906
3,19,17,45.091,15.03
3,20,17,44.718,14.906
3,21,17,43.629,14.543
3,22,17,41.912,13.971
3,23,17,39.7,13.233
3,24,17,37.154,12.385
3,1,18,27.505,12.225
3,2,18,27.788,12.35
3,3,18,28.214,12.539
3,4,18,28.838,12.817
3,5,18,29.722,13.21
3,6,18,30.936,13.749
3,7,18,32.547,14.465
3,8,18,34.614,15.384
3,9,18,37.174,16.522
3,10,18,40.229,17.88
3,11,18,43.738,19.439
3,12,18,47.602,21.157
3,13,18,51.669,22.964
3,14,18,55.732,24.77
3,15,18,59.55,26.467
3,16,18,62.868,27.941
3,17,18,65.443,29.086
3,18,18,67.077,29.812
3,19,18,67.636,30.061
3,20,18,67.077,29.812
3,21,18,65.443,29.086
3,22,18,62.868,27.941
3,23,18,59.55,26.467
3,24,18,55.732,24.77
3,1,19,27.505,12.225
3,2,19,27.788,12.35
3,3,19,28.214,12.539
3,4,19,28.838,12.817
3,5,19,29.722,13.21
3,6,19,30.936,13.749
3,7,19,32.547,14.465
3,8,19,34.614,15.384
3,9,19,37.174,16.522
3,10,19,40.229,17.88
3,11,19,43.738,19.439
3,12,19,47.602,21.157
3,13,19,51.669,22.964
3,14,19,55.732,24.77
3,15,19,59.55,26.467
3,16,19,62.868,27.941
3,17,19,65.443,29.086
3,18,19,67.077,29.812
3,19,19,67.636,30.061
3,20,19,67.077,29.812
3,21,19,65.443,29.086
3,22,19,62.868,27.941
3,23,19,59.55,26.467
3,24,19,55.732,24.77
3,1,20,27.505,12.225
3,2,20,27.788,12.35
3,3,20,28.214,12.539
3,4,20,28.838,12.817
3,5,20,29.722,13.21
3,6,20,30.936,13.749
3,7,20,32.547,14.465
3,8,20,34.614,15.384
3,9,20,37.174,16.522
3,10,20,40.229,17.88
3,11,20,43.738,19.439
3,12,20,47.602,21.157
3,13,20,51.669,22.964
3,14,20,55.732,24.77
3,15,20,59.55,26.467
3,16,20,62.868,27.941
3,17,20,65.443,29.086
3,18,20,67.077,29.812
3,19,20,67.636,30.061
3,20,20,67.077,29.812
3,21,20,65.443,29.086
3,22,20,62.868,27.941
3,23,20,59.55,26.467
3,24,20,55.732,24.77
3,1,21,27.505,12.225
3,2,21,27.788,12.35
3,3,21,28.214,12.539
3,4,21,28.838,12.817
3,5,21,29.722,13.21
3,6,21,30.936,13.749
3,7,21,32.547,14.465
3,8,21,34.614,15.384
3,9,21,37.174,16.522
3,10,21,40.229,17.88
3,11,21,43.738,19.439
3,12,21,47.602,21.157
3,13,21,51.669,22.964
3,14,21,55.732,24.77
3,15,21,59.55,26.467
3,16,21,62.868,27.941
3,17,21,65.443,29.086
3,18,21,67.077,29.812
3,19,21,67.636,30.061
3,20,21,67.077,29.812
3,21,21,65.443,29.086
3,22,21,62.868,27.941
3,23,21,59.55,26.467
3,24,21,55.732,24.77
3,1,22,27.505,12.225
3,2,22,27.788,12.35
3,3,22,28.214,12.539
3,4,22,28.838,12.817
3,5,22,29.722,13.21
3,6,22,30.936,13.749
3,7,22,32.547,14.465
3,8,22,34.614,15.384
3,9,22,37.174,16.522
3,10,22,40.229,17.88
3,11,22,43.738,19.439
3,12,22,47.602,21.157
3,13,22,51.669,22.964
3,14,22,55.732,24.77
3,15,22,59.55,26.467
3,16,22,62.868,27.941
3,17,22,65.443,29.086
3,18,22,67.077,29.812
3,19,22,67.636,30.061
3,20,22,67.077,29.812
3,21,22,65.443,29.086
3,22,22,62.868,27.941
3,23,22,59.55,26.467
3,24,22,55.732,24.77
3,1,23,27.505,15.281
3,2,23,27.788,15.438
3,3,23,28.214,15.674
3,4,23,28.838,16.021
3,5,23,29.722,16.512
3,6,23,30.936,17.186
3,7,23,32.547,18.081
3,8,23,34.614,19.23
3,9,23,37.174,20.652
3,10,23,40.229,22.35
3,11,23,43.738,24.299
3,12,23,47.602,26.446
3,13,23,51.669,28.705
3,14,23,55.732,30.962
3,15,23,59.55,33.083
3,16,23,62.868,34.927
3,17,23,65.443,36.357
3,18,23,67.077,37.265
3,19,23,67.636,37.576
3,20,23,67.077,37.265
3,21,23,65.443,36.357
3,22,23,62.868,34.927
3,23,23,59.55,33.083
3,24,23,55.732,30.962
3,1,24,128.358,61.123
3,2,24,129.675,61.75
3,3,24,131.664,62.697
3,4,24,134.575,64.083
3,5,24,138.702,66.049
3,6,24,144.366,68.746
3,7,24,151.884,72.326
3,8,24,161.53,76.919
3,9,24,173.477,82.608
3,10,24,187.737,89.399
3,11,24,204.111,97.196
3,12,24,222.145,105.783
3,13,24,241.12,114.819
3,14,24,260.08,123.848
3,15,24,277.899,132.333
3,16,24,293.383,139.706
3,17,24,305.402,145.429
3,18,24,313.024,149.059
3,19,24,315.636,150.303
3,20,24,313.024,149.059
3,21,24,305.402,145.429
3,22,24,293.383,139.706
3,23,24,277.899,132.333
3,24,24,260.08,123.848
3,1,25,128.358,61.123
3,2,25,129.675,61.75
3,3,25,131.664,62.697
3,4,25,134.575,64.083
3,5,25,138.702,66.049
3,6,25,144.366,68.746
3,7,25,151.884,72.326
3,8,25,161.53,76.919
3,9,25,173.477,82.608
3,10,25,187.737,89.399
3,11,25,204.111,97.196
3,12,25,222.145,105.783
3,13,25,241.12,114.819
3,14,25,260.08,123.848
3,15,25,277.899,132.333
3,16,25,293.383,139.706
3,17,25,305.402,145.429
3,18,25,313.024,149.059
3,19,25,315.636,150.303
3,20,25,313.024,149.059
3,21,25,305.402,145.429
3,22,25,293.383,139.706
3,23,25,277.899,132.333
3,24,25,260.08,123.848
3,1,26,18.337,7.64
3,2,26,18.525,7.719
3,3,26,18.809,7.837
3,4,26,19.225,8.01
3,5,26,19.815,8.256
3,6,26,20.624,8.593
3,7,26,21.698,9.041
3,8,26,23.076,9.615
3,9,26,24.782,10.326
3,10,26,26.82,11.175
3,11,26,29.159,12.149
3,12,26,31.735,13.223
3,13,26,34.446,14.352
3,14,26,37.154,15.481
3,15,26,39.7,16.542
3,16,26,41.912,17.463
3,17,26,43.629,18.179
3,18,26,44.718,18.632
3,19,26,45.091,18.788
3,20,26,44.718,18.632
3,21,26,43.629,18.179
3,22,26,41.912,17.463
3,23,26,39.7,16.542
3,24,26,37.154,15.481
3,1,27,18.337,7.64
3,2,27,18.525,7.719
3,3,27,18.809,7.837
3,4,27,19.225,8.01
3,5,27,19.815,8.256
3,6,27,20.624,8.593
3,7,27,21.698,9.041
3,8,27,23.076,9.615
3,9,27,24.782,10.326
3,10,27,26.82,11.175
3,11,27,29.159,12.149
3,12,27,31.735,13.223
3,13,27,34.446,14.352
3,14,27,37.154,15.481
3,15,27,39.7,16.542
3,16,27,41.912,17.463
3,17,27,43.629,18.179
3,18,27,44.718,18.632
3,19,27,45.091,18.788
3,20,27,44.718,18.632
3,21,27,43.629,18.179
3,22,27,41.912,17.463
3,23,27,39.7,16.542
3,24,27,37.154,15.481
3,1,28,18.337,6.112
3,2,28,18.525,6.175
3,3,28,18.809,6.27
3,4,28,19.225,6.408
3,5,28,19.815,6.605
3,6,28,20.624,6.875
3,7,28,21.698,7.233
3,8,28,23.076,7.692
3,9,28,24.782,8.261
3,10,28,26.82,8.94
3,11,28,29.159,9.72
3,12,28,31.735,10.578
3,13,28,34.446,11.482
3,14,28,37.154,12.385
3,15,28,39.7,13.233
3,16,28,41.912,13.971
3,17,28,43.629,14.543
3,18,28,44.718,14.906
3,19,28,45.091,15.03
3,20,28,44.718,14.906
3,21,28,43.629,14.543
3,22,28,41.912,13.971
3,23,28,39.7,13.233
3,24,28,37.154,12.385
3,1,29,36.674,21.393
3,2,29,37.05,21.613
3,3,29,37.618,21.944
3,4,29,38.45,22.429
3,5,29,39.629,23.117
3,6,29,41.247,24.061
3,7,29,43.396,25.314
3,8,29,46.152,26.922
3,9,29,49.565,28.913
3,10,29,53.639,31.29
3,11,29,58.318,34.019
3,12,29,63.47,37.024
3,13,29,68.891,40.187
3,14,29,74.309,43.347
3,15,29,79.4,46.317
3,16,29,83.824,48.897
3,17,29,87.258,50.9
3,18,29,89.435,52.171
3,19,29,90.182,52.606
3,20,29,89.435,52.171
3,21,29,87.258,50.9
3,22,29,83.824,48.897
3,23,29,79.4,46.317
3,24,29,74.309,43.347
3,1,30,61.123,183.369
3,2,30,61.75,185.25
3,3,30,62.697,188.092
3,4,30,64.083,192.25
3,5,30,66.049,198.146
3,6,30,68.746,206.237
3,7,30,72.326,216.978
3,8,30,76.919,230.758
3,9,30,82.608,247.824
3,10,30,89.399,268.196
3,11,30,97.196,291.588
3,12,30,105.783,317.35
3,13,30,114.819,344.457
3,14,30,123.848,371.543
3,15,30,132.333,396.999
3,16,30,139.706,419.118
3,17,30,145.429,436.288
3,18,30,149.059,447.177
3,19,30,150.303,450.908
3,20,30,149.059,447.177
3,21,30,145.429,436.288
3,22,30,139.706,419.118
3,23,30,132.333,396.999
3,24,30,123.848,371.543
3,1,31,45.842,21.393
3,2,31,46.313,21.613
3,3,31,47.023,21.944
3,4,31,48.063,22.429
3,5,31,49.536,23.117
3,6,31,51.559,24.061
3,7,31,54.244,25.314
3,8,31,57.689,26.922
3,9,31,61.956,28.913
3,10,31,67.049,31.29
3,11,31,72.897,34.019
3,12,31,79.337,37.024
3,13,31,86.114,40.187
3,14,31,92.886,43.347
3,15,31,99.25,46.317
3,16,31,104.78,48.897
3,17,31,109.072,50.9
3,18,31,111.794,52.171
3,19,31,112.727,52.606
3,20,31,111.794,52.171
3,21,31,109.072,50.9
3,22,31,104.78,48.897
3,23,31,99.25,46.317
3,24,31,92.886,43.347
3,1,32,64.179,30.561
3,2,32,64.838,30.875
3,3,32,65.832,31.349
3,4,32,67.288,32.042
3,5,32,69.351,33.024
3,6,32,72.183,34.373
3,7,32,75.942,36.163
3,8,32,80.765,38.46
3,9,32,86.739,41.304
3,10,32,93.869,44.699
3,11,32,102.056,48.598
3,12,32,111.072,52.892
3,13,32,120.56,57.41
3,14,32,130.04,61.924
3,15,32,138.95,66.166
3,16,32,146.691,69.853
3,17,32,152.701,72.715
3,18,32,156.512,74.529
3,19,32,157.818,75.151
3,20,32,156.512,74.529
3,21,32,152.701,72.715
3,22,32,146.691,69.853
3,23,32,138.95,66.166
3,24,32,130.04,61.924
3,1,33,18.337,12.225
3,2,33,18.525,12.35
3,3,33,18.809,12.539
3,4,33,19.225,12.817
3,5,33,19.815,13.21
3,6,33,20.624,13.749
3,7,33,21.698,14.465
3,8,33,23.076,15.384
3,9,33,24.782,16.522
3,10,33,26.82,17.88
3,11,33,29.159,19.439
3,12,33,31.735,21.157
3,13,33,34.446,22.964
3,14,33,37.154,24.77
3,15,33,39.7,26.467
3,16,33,41.912,27.941
3,17,33,43.629,29.086
3,18,33,44.718,29.812
3,19,33,45.091,30.061
3,20,33,44.718,29.812
3,21,33,43.629,29.086
3,22,33,41.912,27.941
3,23,33,39.7,26.467
3,24,33,37.154,24.77
4,1,2,28.991,17.395
4,2,2,29.288,17.573
4,3,2,29.738,17.843
4,4,2,30.395,18.237
4,5,2,31.327,18.796
4,6,2,32.606,19.564
4,7,2,34.305,20.583
4,8,2,36.483,21.89
4,9,2,39.182,23.509
4,10,2,42.402,25.441
4,11,2,46.101,27.66
4,12,2,50.174,30.104
4,13,2,54.459,32.676
4,14,2,58.742,35.245
4,15,2,62.766,37.66
4,16,2,66.263,39.758
4,17,2,68.978,41.387
4,18,2,70.7,42.42
4,19,2,71.289,42.774
4,20,2,70.7,42.42
4,21,2,68.978,41.387
4,22,2,66.263,39.758
4,23,2,62.766,37.66
4,24,2,58.742,35.245
4,1,3,26.092,11.596
4,2,3,26.36,11.715
4,3,3,26.764,11.895
4,4,3,27.356,12.158
4,5,3,28.195,12.531
4,6,3,29.346,13.043
4,7,3,30.874,13.722
4,8,3,32.835,14.593
4,9,3,35.263,15.673
4,10,3,38.162,16.961
4,11,3,41.491,18.44
4,12,3,45.156,20.069
4,13,3,49.013,21.784
4,14,3,52.868,23.497
4,15,3,56.49,25.107
4,16,3,59.637,26.505
4,17,3,62.08,27.591
4,18,3,63.63,28.28
4,19,3,64.161,28.516
4,20,3,63.63,28.28
4,21,3,62.08,27.591
4,22,3,59.637,26.505
4,23,3,56.49,25.107
4,24,3,52.868,23.497
4,1,4,34.789,23.193
4,2,4,35.146,23.431
4,3,4,35.685,23.79
4,4,4,36.474,24.316
4,5,4,37.593,25.062
4,6,4,39.128,26.085
4,7,4,41.165,27.444
4,8,4,43.78,29.187
4,9,4,47.018,31.345
4,10,4,50.883,33.922
4,11,4,55.321,36.88
4,12,4,60.208,40.139
4,13,4,65.351,43.567
4,14,4,70.49,46.993
4,15,4,75.32,50.213
4,16,4,79.516,53.011
4,17,4,82.774,55.182
4,18,4,84.839,56.56
4,19,4,85.547,57.032
4,20,4,84.839,56.56
4,21,4,82.774,55.182
4,22,4,79.516,53.011
4,23,4,75.32,50.213
4,24,4,70.49,46.993
4,1,5,17.395,8.697
4,2,5,17.573,8.787
4,3,5,17.843,8.921
4,4,5,18.237,9.119
4,5,5,18.796,9.398
4,6,5,19.564,9.782
4,7,5,20.583,10.291
4,8,5,21.89,10.945
4,9,5,23.509,11.754
4,10,5,25.441,12.721
4,11,5,27.66,13.83
4,12,5,30.104,15.052
4,13,5,32.676,16.338
4,14,5,35.245,17.623
4,15,5,37.66,18.83
4,16,5,39.758,19.879
4,17,5,41.387,20.693
4,18,5,42.42,21.21
4,19,5,42.774,21.387
4,20,5,42.42,21.21
4,21,5,41.387,20.693
4,22,5,39.758,19.879
4,23,5,37.66,18.83
4,24,5,35.245,17.623
4,1,6,17.395,5.798
4,2,6,17.573,5.858
4,3,6,17.843,5.948
4,4,6,18.237,6.079
4,5,6,18.796,6.265
4,6,6,19.564,6.521
4,7,6,20.583,6.861
4,8,6,21.89,7.297
4,9,6,23.509,7.836
4,10,6,25.441,8.48
4,11,6,27.66,9.22
4,12,6,30.104,10.035
4,13,6,32.676,10.892
4,14,6,35.245,11.748
4,15,6,37.66,12.553
4,16,6,39.758,13.253
4,17,6,41.387,13.796
4,18,6,42.42,14.14
4,19,6,42.774,14.258
4,20,6,42.42,14.14
4,21,6,41.387,13.796
4,22,6,39.758,13.253
4,23,6,37.66,12.553
4,24,6,35.245,11.748
4,1,7,57.982,28.991
4,2,7,58.577,29.288
4,3,7,59.475,29.738
4,4,7,60.79,30.395
4,5,7,62.654,31.327
4,6,7,65.213,32.606
4,7,7,68.609,34.305
4,8,7,72.967,36.483
4,9,7,78.363,39.182
4,10,7,84.805,42.402
4,11,7,92.201,46.101
4,12,7,100.347,50.174
4,13,7,108.919,54.459
4,14,7,117.483,58.742
4,15,7,125.533,62.766
4,16,7,132.527,66.263
4,17,7,137.956,68.978
4,18,7,141.399,70.7
4,19,7,142.579,71.289
4,20,7,141.399,70.7
4,21,7,137.956,68.978
4,22,7,132.527,66.263
4,23,7,125.533,62.766
4,24,7,117.483,58.742
4,1,8,57.982,28.991
4,2,8,58.577,29.288
4,3,8,59.475,29.738
4,4,8,60.79,30.395
4,5,8,62.654,31.327
4,6,8,65.213,32.606
4,7,8,68.609,34.305
4,8,8,72.967,36.483
4,9,8,78.363,39.182
4,10,8,84.805,42.402
4,11,8,92.201,46.101
4,12,8,100.347,50.174
4,13,8,108.919,54.459
4,14,8,117.483,58.742
4,15,8,125.533,62.766
4,16,8,132.527,66.263
4,17,8,137.956,68.978
4,18,8,141.399,70.7
4,19,8,142.579,71.289
4,20,8,141.399,70.7
4,21,8,137.956,68.978
4,22,8,132.527,66.263
4,23,8,125.533,62.766
4,24,8,117.483,58.742
4,1,9,17.395,5.798
4,2,9,17.573,5.858
4,3,9,17.843,5.948
4,4,9,18.237,6.079
4,5,9,18.796,6.265
4,6,9,19.564,6.521
4,7,9,20.583,6.861
4,8,9,21.89,7.297
4,9,9,23.509,7.836
4,10,9,25.441,8.48
4,11,9,27.66,9.22
4,12,9,30.104,10.035
4,13,9,32.676,10.892
4,14,9,35.245,11.748
4,15,9,37.66,12.553
4,16,9,39.758,13.253
4,17,9,41.387,13.796
4,18,9,42.42,14.14
4,19,9,42.774,14.258
4,20,9,42.42,14.14
4,21,9,41.387,13.796
4,22,9,39.758,13.253
4,23,9,37.66,12.553
4,24,9,35.245,11.748
4,1,10,17.395,5.798
4,2,10,17.573,5.858
4,3,10,17.843,5.948
4,4,10,18.237,6.079
4,5,10,18.796,6.265
4,6,10,19.564,6.521
4,7,10,20.583,6.861
4,8,10,21.89,7.297
4,9,10,23.509,7.836
4,10,10,25.441,8.48
4,11,10,27.66,9.22
4,12,10,30.104,10.035
4,13,10,32.676,10.892
4,14,10,35.245,11.748
4,15,10,37.66,12.553
4,16,10,39.758,13.253
4,17,10,41.387,13.796
4,18,10,42.42,14.14
4,19,10,42.774,14.258
4,20,10,42.42,14.14
4,21,10,41.387,13.796
4,22,10,39.758,13.253
4,23,10,37.66,12.553
4,24,10,35.245,11.748
4,1,11,13.046,8.697
4,2,11,13.18,8.787
4,3,11,13.382,8.921
4,4,11,13.678,9.119
4,5,11,14.097,9.398
4,6,11,14.673,9.782
4,7,11,15.437,10.291
4,8,11,16.417,10.945
4,9,11,17.632,11.754
4,10,11,19.081,12.721
4,11,11,20.745,13.83
4,12,11,22.578,15.052
4,13,11,24.507,16.338
4,14,11,26.434,17.623
4,15,11,28.245,18.83
4,16,11,29.819,19.879
4,17,11,31.04,20.693
4,18,11,31.815,21.21
4,19,11,32.08,21.387
4,20,11,31.815,21.21
4,21,11,31.04,20.693
4,22,11,29.819,19.879
4,23,11,28.245,18.83
4,24,11,26.434,17.623
4,1,12,17.395,10.147
4,2,12,17.573,10.251
4,3,12,17.843,10.408
4,4,12,18.237,10.638
4,5,12,18.796,10.965
4,6,12,19.564,11.412
4,7,12,20.583,12.007
4,8,12,21.89,12.769
4,9,12,23.509,13.714
4,10,12,25.441,14.841
4,11,12,27.66,16.135
4,12,12,30.104,17.561
4,13,12,32.676,19.061
4,14,12,35.245,20.56
4,15,12,37.66,21.968
4,16,12,39.758,23.192
4,17,12,41.387,24.142
4,18,12,42.42,24.745
4,19,12,42.774,24.951
4,20,12,42.42,24.745
4,21,12,41.387,24.142
4,22,12,39.758,23.192
4,23,12,37.66,21.968
4,24,12,35.245,20.56
4,1,13,17.395,10.147
4,2,13,17.573,10.251
4,3,13,17.843,10.408
4,4,13,18.237,10.638
4,5,13,18.796,10.965
4,6,13,19.564,11.412
4,7,13,20.583,12.007
4,8,13,21.89,12.769
4,9,13,23.509,13.714
4,10,13,25.441,14.841
4,11,13,27.66,16.135
4,12,13,30.104,17.561
4,13,13,32.676,19.061
4,14,13,35.245,20.56
4,15,13,37.66,21.968
4,16,13,39.758,23.192
4,17,13,41.387,24.142
4,18,13,42.42,24.745
4,19,13,42.774,24.951
4,20,13,42.42,24.745
4,21,13,41.387,24.142
4,22,13,39.758,23.192
4,23,13,37.66,21.968
4,24,13,35.245,20.56
4,1,14,34.789,23.193
4,2,14,35.146,23.431
4,3,14,35.685,23.79
4,4,14,36.474,24.316
4,5,14,37.593,25.062
4,6,14,39.128,26.085
4,7,14,41.165,27.444
4,8,14,43.78,29.187
4,9,14,47.018,31.345
4,10,14,50.883,33.922
4,11,14,55.321,36.88
4,12,14,60.208,40.139
4,13,14,65.351,43.567
4,14,14,70.49,46.993
4,15,14,75.32,50.213
4,16,14,79.516,53.011
4,17,14,82.774,55.182
4,18,14,84.839,56.56
4,19,14,85.547,57.032
4,20,14,84.839,56.56
4,21,14,82.774,55.182
4,22,14,79.516,53.011
4,23,14,75.32,50.213
4,24,14,70.49,46.993
4,1,15,17.395,2.899
4,2,15,17.573,2.929
4,3,15,17.843,2.974
4,4,15,18.237,3.04
4,5,15,18.796,3.133
4,6,15,19.564,3.261
4,7,15,20.583,3.43
4,8,15,21.89,3.648
4,9,15,23.509,3.918
4,10,15,25.441,4.24
4,11,15,27.66,4.61
4,12,15,30.104,5.017
4,13,15,32.676,5.446
4,14,15,35.245,5.874
4,15,15,37.66,6.277
4,16,15,39.758,6.626
4,17,15,41.387,6.898
4,18,15,42.42,7.07
4,19,15,42.774,7.129
4,20,15,42.42,7.07
4,21,15,41.387,6.898
4,22,15,39.758,6.626
4,23,15,37.66,6.277
4,24,15,35.245,5.874
4,1,16,17.395,5.798
4,2,16,17.573,5.858
4,3,16,17.843,5.948
4,4,16,18.237,6.079
4,5,16,18.796,6.265
4,6,16,19.564,6.521
4,7,16,20.583,6.861
4,8,16,21.89,7.297
4,9,16,23.509,7.836
4,10,16,25.441,8.48
4,11,16,27.66,9.22
4,12,16,30.104,10.035
4,13,16,32.676,10.892
4,14,16,35.245,11.748
4,15,16,37.66,12.553
4,16,16,39.758,13.253
4,17,16,41.387,13.796
4,18,16,42.42,14.14
4,19,16,42.774,14.258
4,20,16,42.42,14.14
4,21,16,41.387,13.796
4,22,16,39.758,13.253
4,23,16,37.66,12.553
4,24,16,35.245,11.748
4,1,17,17.395,5.798
4,2,17,17.573,5.858
4,3,17,17.843,5.948
4,4,17,18.237,6.079
4,5,17,18.796,6.265
4,6,17,19.564,6.521
4,7,17,20.583,6.861
4,8,17,21.89,7.297
4,9,17,23.509,7.836
4,10,17,25.441,8.48
4,11,17,27.66,9.22
4,12,17,30.104,10.035
4,13,17,32.676,10.892
4,14,17,35.245,11.748
4,15,17,37.66,12.553
4,16,17,39.758,13.253
4,17,17,41.387,13.796
4,18,17,42.42,14.14
4,19,17,42.774,14.258
4,20,17,42.42,14.14
4,21,17,41.387,13.796
4,22,17,39.758,13.253
4,23,17,37.66,12.553
4,24,17,35.245,11.748
4,1,18,26.092,11.596
4,2,18,26.36,11.715
4,3,18,26.764,11.895
4,4,18,27.356,12.158
4,5,18,28.195,12.531
4,6,18,29.346,13.043
4,7,18,30.874,13.722
4,8,18,32.835,14.593
4,9,18,35.263,15.673
4,10,18,38.162,16.961
4,11,18,41.491,18.44
4,12,18,45.156,20.069
4,13,18,49.013,21.784
4,14,18,52.868,23.497
4,15,18,56.49,25.107
4,16,18,59.637,26.505
4,17,18,62.08,27.591
4,18,18,63.63,28.28
4,19,18,64.161,28.516
4,20,18,63.63,28.28
4,21,18,62.08,27.591
4,22,18,59.637,26.505
4,23,18,56.49,25.107
4,24,18,52.868,23.497
4,1,19,26.092,11.596
4,2,19,26.36,11.715
4,3,19,26.764,11.895
4,4,19,27.356,12.158
4,5,19,28.195,12.531
4,6,19,29.346,13.043
4,7,19,30.874,13.722
4,8,19,32.835,14.593
4,9,19,35.263,15.673
4,10,19,38.162,16.961
4,11,19,41.491,18.44
4,12,19,45.156,20.069
4,13,19,49.013,21.784
4,14,19,52.868,23.497
4,15,19,56.49,25.107
4,16,19,59.637,26.505
4,17,19,62.08,27.591
4,18,19,63.63,28.28
4,19,19,64.161,28.516
4,20,19,63.63,28.28
4,21,19,62.08,27.591
4,22,19,59.637,26.505
4,23,19,56.49,25.107
4,24,19,52.868,23.497
4,1,20,26.092,11.596
4,2,20,26.36,11.715
4,3,20,26.764,11.895
4,4,20,27.356,12.158
4,5,20,28.195,12.531
4,6,20,29.346,13.043
4,7,20,30.874,13.722
4,8,20,32.835,14.593
4,9,20,35.263,15.673
4,10,20,38.162,16.961
4,11,20,41.491,18.44
4,12,20,45.156,20.069
4,13,20,49.013,21.784
4,14,20,52.868,23.497
4,15,20,56.49,25.107
4,16,20,59.637,26.505
4,17,20,62.08,27.591
4,18,20,63.63,28.28
4,19,20,64.161,28.516
4,20,20,63.63,28.28
4,21,20,62.08,27.591
4,22,20,59.637,26.505
4,23,20,56.49,25.107
4,24,20,52.868,23.497
4,1,21,26.092,11.596
4,2,21,26.36,11.715
4,3,21,26.764,11.895
4,4,21,27.356,12.158
4,5,21,28.195,12.531
4,6,21,29.346,13.043
4,7,21,30.874,13.722
4,8,21,32.835,14.593
4,9,21,35.263,15.673
4,10,21,38.162,16.961
4,11,21,41.491,18.44
4,12,21,45.156,20.069
4,13,21,49.013,21.784
4,14,21,52.868,23.497
4,15,21,56.49,25.107
4,16,21,59.637,26.505
4,17,21,62.08,27.591
4,18,21,63.63,28.28
4,19,21,64.161,28.516
4,20,21,63.63,28.28
4,21,21,62.08,27.591
4,22,21,59.637,26.505
4,23,21,56.49,25.107
4,24,21,52.868,23.497
4,1,22,26.092,11.596
4,2,22,26.36,11.715
4,3,22,26.764,11.895
4,4,22,27.356,12.158
4,5,22,28.195,12.531
4,6,22,29.346,13.043
4,7,22,30.874,13.722
4,8,22,32.835,14.593
4,9,22,35.263,15.673
4,10,22,38.162,16.961
4,11,22,41.491,18.44
4,12,22,45.156,20.069
4,13,22,49.013,21.784
4,14,22,52.868,23.497
4,15,22,56.49,25.107
4,16,22,59.637,26.505
4,17,22,62.08,27.591
4,18,22,63.63,28.28
4,19,22,64.161,28.516
4,20,22,63.63,28.28
4,21,22,62.08,27.591
4,22,22,59.637,26.505
4,23,22,56.49,25.107
4,24,22,52.868,23.497
4,1,23,26.092,14.495
4,2,23,26.36,14.644
4,3,23,26.764,14.869
4,4,23,27.356,15.198
4,5,23,28.195,15.664
4,6,23,29.346,16.303
4,7,23,30.874,17.152
4,8,23,32.835,18.242
4,9,23,35.263,19.591
4,10,23,38.162,21.201
4,11,23,41.491,23.05
4,12,23,45.156,25.087
4,13,23,49.013,27.23
4,14,23,52.868,29.371
4,15,23,56.49,31.383
4,16,23,59.637,33.132
4,17,23,62.08,34.489
4,18,23,63.63,35.35
4,19,23,64.161,35.645
4,20,23,63.63,35.35
4,21,23,62.08,34.489
4,22,23,59.637,33.132
4,23,23,56.49,31.383
4,24,23,52.868,29.371
4,1,24,121.762,57.982
4,2,24,123.011,58.577
4,3,24,124.898,59.475
4,4,24,127.66,60.79
4,5,24,131.574,62.654
4,6,24,136.947,65.213
4,7,24,144.079,68.609
4,8,24,153.23,72.967
4,9,24,164.562,78.363
4,10,24,178.09,84.805
4,11,24,193.622,92.201
4,12,24,210.729,100.347
4,13,24,228.729,108.919
4,14,24,246.715,117.483
4,15,24,263.618,125.533
4,16,24,278.306,132.527
4,17,24,289.707,137.956
4,18,24,296.938,141.399
4,19,24,299.416,142.579
4,20,24,296.938,141.399
4,21,24,289.707,137.956
4,22,24,278.306,132.527
4,23,24,263.618,125.533
4,24,24,246.715,117.483
4,1,25,121.762,57.982
4,2,25,123.011,58.577
4,3,25,124.898,59.475
4,4,25,127.66,60.79
4,5,25,131.574,62.654
4,6,25,136.947,65.213
4,7,25,144.079,68.609
4,8,25,153.23,72.967
4,9,25,164.562,78.363
4,10,25,178.09,84.805
4,11,25,193.622,92.201
4,12,25,210.729,100.347
4,13,25,228.729,108.919
4,14,25,246.715,117.483
4,15,25,263.618,125.533
4,16,25,278.306,132.527
4,17,25,289.707,137.956
4,18,25,296.938,141.399
4,19,25,299.416,142.579
4,20,25,296.938,141.399
4,21,25,289.707,137.956
4,22,25,278.306,132.527
4,23,25,263.618,125.533
4,24,25,246.715,117.483
4,1,26,17.395,7.248
4,2,26,17.573,7.322
4,3,26,17.843,7.434
4,4,26,18.237,7.599
4,5,26,18.796,7.832
4,6,26,19.564,8.152
4,7,26,20.583,8.576
4,8,26,21.89,9.121
4,9,26,23.509,9.795
4,10,26,25.441,10.601
4,11,26,27.66,11.525
4,12,26,30.104,12.543
4,13,26,32.676,13.615
4,14,26,35.245,14.685
4,15,26,37.66,15.692
4,16,26,39.758,16.566
4,17,26,41.387,17.244
4,18,26,42.42,17.675
4,19,26,42.774,17.822
4,20,26,42.42,17.675
4,21,26,41.387,17.244
4,22,26,39.758,16.566
4,23,26,37.66,15.692
4,24,26,35.245,14.685
4,1,27,17.395,7.248
4,2,27,17.573,7.322
4,3,27,17.843,7.434
4,4,27,18.237,7.599
4,5,27,18.796,7.832
4,6,27,19.564,8.152
4,7,27,20.583,8.576
4,8,27,21.89,9.121
4,9,27,23.509,9.795
4,10,27,25.441,10.601
4,11,27,27.66,11.525
4,12,27,30.104,12.543
4,13,27,32.676,13.615
4,14,27,35.245,14.685
4,15,27,37.66,15.692
4,16,27,39.758,16.566
4,17,27,41.387,17.244
4,18,27,42.42,17.675
4,19,27,42.774,17.822
4,20,27,42.42,17.675
4,21,27,41.387,17.244
4,22,27,39.758,16.566
4,23,27,37.66,15.692
4,24,27,35.245,14.685
4,1,28,17.395,5.798
4,2,28,17.573,5.858
4,3,28,17.843,5.948
4,4,28,18.237,6.079
4,5,28,18.796,6.265
4,6,28,19.564,6.521
4,7,28,20.583,6.861
4,8,28,21.89,7.297
4,9,28,23.509,7.836
4,10,28,25.441,8.48
4,11,28,27.66,9.22
4,12,28,30.104,10.035
4,13,28,32.676,10.892
4,14,28,35.245,11.748
4,15,28,37.66,12.553
4,16,28,39.758,13.253
4,17,28,41.387,13.796
4,18,28,42.42,14.14
4,19,28,42.774,14.258
4,20,28,42.42,14.14
4,21,28,41.387,13.796
4,22,28,39.758,13.253
4,23,28,37.66,12.553
4,24,28,35.245,11.748
4,1,29,34.789,20.294
4,2,29,35.146,20.502
4,3,29,35.685,20.816
4,4,29,36.474,21.277
4,5,29,37.593,21.929
4,6,29,39.128,22.825
4,7,29,41.165,24.013
4,8,29,43.78,25.538
4,9,29,47.018,27.427
4,10,29,50.883,29.682
4,11,29,55.321,32.27
4,12,29,60.208,35.122
4,13,29,65.351,38.122
4,14,29,70.49,41.119
4,15,29,75.32,43.936
4,16,29,79.516,46.384
4,17,29,82.774,48.285
4,18,29,84.839,49.49
4,19,29,85.547,49.903
4,20,29,84.839,49.49
4,21,29,82.774,48.285
4,22,29,79.516,46.384
4,23,29,75.32,43.936
4,24,29,70.49,41.119
4,1,30,57.982,173.946
4,2,30,58.577,175.73
4,3,30,59.475,178.426
4,4,30,60.79,182.371
4,5,30,62.654,187.963
4,6,30,65.213,195.639
4,7,30,68.609,205.827
4,8,30,72.967,218.9
4,9,30,78.363,235.089
4,10,30,84.805,254.414
4,11,30,92.201,276.603
4,12,30,100.347,301.042
4,13,30,108.919,326.756
4,14,30,117.483,352.45
4,15,30,125.533,376.598
4,16,30,132.527,397.581
4,17,30,137.956,413.868
4,18,30,141.399,424.197
4,19,30,142.579,427.737
4,20,30,141.399,424.197
4,21,30,137.956,413.868
4,22,30,132.527,397.581
4,23,30,125.533,376.598
4,24,30,117.483,352.45
4,1,31,43.486,20.294
4,2,31,43.933,20.502
4,3,31,44.606,20.816
4,4,31,45.593,21.277
4,5,31,46.991,21.929
4,6,31,48.91,22.825
4,7,31,51.457,24.013
4,8,31,54.725,25.538
4,9,31,58.772,27.427
4,10,31,63.604,29.682
4,11,31,69.151,32.27
4,12,31,75.26,35.122
4,13,31,81.689,38.122
4,14,31,88.113,41.119
4,15,31,94.149,43.936
4,16,31,99.395,46.384
4,17,31,103.467,48.285
4,18,31,106.049,49.49
4,19,31,106.934,49.903
4,20,31,106.049,49.49
4,21,31,103.467,48.285
4,22,31,99.395,46.384
4,23,31,94.149,43.936
4,24,31,88.113,41.119
4,1,32,60.881,28.991
4,2,32,61.506,29.288
4,3,32,62.449,29.738
4,4,32,63.83,30.395
4,5,32,65.787,31.327
4,6,32,68.474,32.606
4,7,32,72.04,34.305
4,8,32,76.615,36.483
4,9,32,82.281,39.182
4,10,32,89.045,42.402
4,11,32,96.811,46.101
4,12,32,105.365,50.174
4,13,32,114.365,54.459
4,14,32,123.358,58.742
4,15,32,131.809,62.766
4,16,32,139.153,66.263
4,17,32,144.854,68.978
4,18,32,148.469,70.7
4,19,32,149.708,71.289
4,20,32,148.469,70.7
4,21,32,144.854,68.978
4,22,32,139.153,66.263
4,23,32,131.809,62.766
4,24,32,123.358,58.742
4,1,33,17.395,11.596
4,2,33,17.573,11.715
4,3,33,17.843,11.895
4,4,33,18.237,12.158
4,5,33,18.796,12.531
4,6,33,19.564,13.043
4,7,33,20.583,13.722
4,8,33,21.89,14.593
4,9,33,23.509,15.673
4,10,33,25.441,16.961
4,11,33,27.66,18.44
4,12,33,30.104,20.069
4,13,33,32.676,21.784
4,14,33,35.245,23.497
4,15,33,37.66,25.107
4,16,33,39.758,26.505
4,17,33,41.387,27.591
4,18,33,42.42,28.28
4,19,33,42.774,28.516
4,20,33,42.42,28.28
4,21,33,41.387,27.591
4,22,33,39.758,26.505
4,23,33,37.66,25.107
4,24,33,35.245,23.497
5,1,2,30.034,18.02
5,2,2,30.342,18.205
5,3,2,30.807,18.484
5,4,2,31.488,18.893
5,5,2,32.454,19.472
5,6,2,33.779,20.267
5,7,2,35.538,21.323
5,8,2,37.795,22.677
5,9,2,40.591,24.354
5,10,2,43.927,26.356
5,11,2,47.759,28.655
5,12,2,51.978,31.187
5,13,2,56.418,33.851
5,14,2,60.854,36.513
5,15,2,65.024,39.014
5,16,2,68.647,41.188
5,17,2,71.459,42.875
5,18,2,73.242,43.945
5,19,2,73.853,44.312
5,20,2,73.242,43.945
5,21,2,71.459,42.875
5,22,2,68.647,41.188
5,23,2,65.024,39.014
5,24,2,60.854,36.513
5,1,3,27.03,12.013
5,2,3,27.308,12.137
5,3,3,27.726,12.323
5,4,3,28.339,12.595
5,5,3,29.209,12.982
5,6,3,30.401,13.512
5,7,3,31.984,14.215
5,8,3,34.016,15.118
5,9,3,36.532,16.236
5,10,3,39.535,17.571
5,11,3,42.983,19.103
5,12,3,46.78,20.791
5,13,3,50.776,22.567
5,14,3,54.769,24.342
5,15,3,58.521,26.009
5,16,3,61.782,27.459
5,17,3,64.313,28.583
5,18,3,65.918,29.297
5,19,3,66.468,29.541
5,20,3,65.918,29.297
5,21,3,64.313,28.583
5,22,3,61.782,27.459
5,23,3,58.521,26.009
5,24,3,54.769,24.342
5,1,4,36.04,24.027
5,2,4,36.41,24.273
5,3,4,36.969,24.646
5,4,4,37.786,25.191
5,5,4,38.945,25.963
5,6,4,40.535,27.023
5,7,4,42.646,28.431
5,8,4,45.354,30.236
5,9,4,48.709,32.473
5,10,4,52.713,35.142
5,11,4,57.31,38.207
5,12,4,62.374,41.582
5,13,4,67.702,45.134
5,14,4,73.025,48.683
5,15,4,78.028,52.019
5,16,4,82.376,54.917
5,17,4,85.75,57.167
5,18,4,87.891,58.594
5,19,4,88.624,59.083
5,20,4,87.891,58.594
5,21,4,85.75,57.167
5,22,4,82.376,54.917
5,23,4,78.028,52.019
5,24,4,73.025,48.683
5,1,5,18.02,9.01
5,2,5,18.205,9.103
5,3,5,18.484,9.242
5,4,5,18.893,9.446
5,5,5,19.472,9.736
5,6,5,20.267,10.134
5,7,5,21.323,10.661
5,8,5,22.677,11.339
5,9,5,24.354,12.177
5,10,5,26.356,13.178
5,11,5,28.655,14.328
5,12,5,31.187,15.593
5,13,5,33.851,16.925
5,14,5,36.513,18.256
5,15,5,39.014,19.507
5,16,5,41.188,20.594
5,17,5,42.875,21.438
5,18,5,43.945,21.973
5,19,5,44.312,22.156
5,20,5,43.945,21.973
5,21,5,42.875,21.438
5,22,5,41.188,20.594
5,23,5,39.014,19.507
5,24,5,36.513,18.256
5,1,6,18.02,6.007
5,2,6,18.205,6.068
5,3,6,18.484,6.161
5,4,6,18.893,6.298
5,5,6,19.472,6.491
5,6,6,20.267,6.756
5,7,6,21.323,7.108
5,8,6,22.677,7.559
5,9,6,24.354,8.118
5,10,6,26.356,8.785
5,11,6,28.655,9.552
5,12,6,31.187,10.396
5,13,6,33.851,11.284
5,14,6,36.513,12.171
5,15,6,39.014,13.005
5,16,6,41.188,13.729
5,17,6,42.875,14.292
5,18,6,43.945,14.648
5,19,6,44.312,14.771
5,20,6,43.945,14.648
5,21,6,42.875,14.292
5,22,6,41.188,13.729
5,23,6,39.014,13.005
5,24,6,36.513,12.171
5,1,7,60.067,30.034
5,2,7,60.683,30.342
5,3,7,61.614,30.807
5,4,7,62.977,31.488
5,5,7,64.908,32.454
5,6,7,67.558,33.779
5,7,7,71.077,35.538
5,8,7,75.591,37.795
5,9,7,81.181,40.591
5,10,7,87.855,43.927
5,11,7,95.517,47.759
5,12,7,103.956,51.978
5,13,7,112.836,56.418
5,14,7,121.709,60.854
5,15,7,130.047,65.024
5,16,7,137.293,68.647
5,17,7,142.917,71.459
5,18,7,146.484,73.242
5,19,7,147.707,73.853
5,20,7,146.484,73.242
5,21,7,142.917,71.459
5,22,7,137.293,68.647
5,23,7,130.047,65.024
5,24,7,121.709,60.854
5,1,8,60.067,30.034
5,2,8,60.683,30.342
5,3,8,61.614,30.807
5,4,8,62.977,31.488
5,5,8,64.908,32.454
5,6,8,67.558,33.779
5,7,8,71.077,35.538
5,8,8,75.591,37.795
5,9,8,81.181,40.591
5,10,8,87.855,43.927
5,11,8,95.517,47.759
5,12,8,103.956,51.978
5,13,8,112.836,56.418
5,14,8,121.709,60.854
5,15,8,130.047,65.024
5,16,8,137.293,68.647
5,17,8,142.917,71.459
5,18,8,146.484,73.242
5,19,8,147.707,73.853
5,20,8,146.484,73.242
5,21,8,142.917,71.459
5,22,8,137.293,68.647
5,23,8,130.047,65.024
5,24,8,121.709,60.854
5,1,9,18.02,6.007
5,2,9,18.205,6.068
5,3,9,18.484,6.161
5,4,9,18.893,6.298
5,5,9,19.472,6.491
5,6,9,20.267,6.756
5,7,9,21.323,7.108
5,8,9,22.677,7.559
5,9,9,24.354,8.118
5,10,9,26.356,8.785
5,11,9,28.655,9.552
5,12,9,31.187,10.396
5,13,9,33.851,11.284
5,14,9,36.513,12.171
5,15,9,39.014,13.005
5,16,9,41.188,13.729
5,17,9,42.875,14.292
5,18,9,43.945,14.648
5,19,9,44.312,14.771
5,20,9,43.945,14.648
5,21,9,42.875,14.292
5,22,9,41.188,13.729
5,23,9,39.014,13.005
5,24,9,36.513,12.171
5,1,10,18.02,6.007
5,2,10,18.205,6.068
5,3,10,18.484,6.161
5,4,10,18.893,6.298
5,5,10,19.472,6.491
5,6,10,20.267,6.756
5,7,10,21.323,7.108
5,8,10,22.677,7.559
5,9,10,24.354,8.118
5,10,10,26.356,8.785
5,11,10,28.655,9.552
5,12,10,31.187,10.396
5,13,10,33.851,11.284
5,14,10,36.513,12.171
5,15,10,39.014,13.005
5,16,10,41.188,13.729
5,17,10,42.875,14.292
5,18,10,43.945,14.648
5,19,10,44.312,14.771
5,20,10,43.945,14.648
5,21,10,42.875,14.292
5,22,10,41.188,13.729
5,23,10,39.014,13.005
5,24,10,36.513,12.171
5,1,11,13.515,9.01
5,2,11,13.654,9.103
5,3,11,13.863,9.242
5,4,11,14.17,9.446
5,5,11,14.604,9.736
5,6,11,15.201,10.134
5,7,11,15.992,10.661
5,8,11,17.008,11.339
5,9,11,18.266,12.177
5,10,11,19.767,13.178
5,11,11,21.491,14.328
5,12,11,23.39,15.593
5,13,11,25.388,16.925
5,14,11,27.384,18.256
5,15,11,29.261,19.507
5,16,11,30.891,20.594
5,17,11,32.156,21.438
5,18,11,32.959,21.973
5,19,11,33.234,22.156
5,20,11,32.959,21.973
5,21,11,32.156,21.438
5,22,11,30.891,20.594
5,23,11,29.261,19.507
5,24,11,27.384,18.256
5,1,12,18.02,10.512
5,2,12,18.205,10.62
5,3,12,18.484,10.782
5,4,12,18.893,11.021
5,5,12,19.472,11.359
5,6,12,20.267,11.823
5,7,12,21.323,12.438
5,8,12,22.677,13.228
5,9,12,24.354,14.207
5,10,12,26.356,15.375
5,11,12,28.655,16.715
5,12,12,31.187,18.192
5,13,12,33.851,19.746
5,14,12,36.513,21.299
5,15,12,39.014,22.758
5,16,12,41.188,24.026
5,17,12,42.875,25.011
5,18,12,43.945,25.635
5,19,12,44.312,25.849
5,20,12,43.945,25.635
5,21,12,42.875,25.011
5,22,12,41.188,24.026
5,23,12,39.014,22.758
5,24,12,36.513,21.299
5,1,13,18.02,10.512
5,2,13,18.205,10.62
5,3,13,18.484,10.782
5,4,13,18.893,11.021
5,5,13,19.472,11.359
5,6,13,20.267,11.823
5,7,13,21.323,12.438
5,8,13,22.677,13.228
5,9,13,24.354,14.207
5,10,13,26.356,15.375
5,11,13,28.655,16.715
5,12,13,31.187,18.192
5,13,13,33.851,19.746
5,14,13,36.513,21.299
5,15,13,39.014,22.758
5,16,13,41.188,24.026
5,17,13,42.875,25.011
5,18,13,43.945,25.635
5,19,13,44.312,25.849
5,20,13,43.945,25.635
5,21,13,42.875,25.011
5,22,13,41.188,24.026
5,23,13,39.014,22.758
5,24,13,36.513,21.299
5,1,14,36.04,24.027
5,2,14,36.41,24.273
5,3,14,36.969,24.646
5,4,14,37.786,25.191
5,5,14,38.945,25.963
5,6,14,40.535,27.023
5,7,14,42.646,28.431
5,8,14,45.354,30.236
5,9,14,48.709,32.473
5,10,14,52.713,35.142
5,11,14,57.31,38.207
5,12,14,62.374,41.582
5,13,14,67.702,45.134
5,14,14,73.025,48.683
5,15,14,78.028,52.019
5,16,14,82.376,54.917
5,17,14,85.75,57.167
5,18,14,87.891,58.594
5,19,14,88.624,59.083
5,20,14,87.891,58.594
5,21,14,85.75,57.167
5,22,14,82.376,54.917
5,23,14,78.028,52.019
5,24,14,73.025,48.683
5,1,15,18.02,3.003
5,2,15,18.205,3.034
5,3,15,18.484,3.081
5,4,15,18.893,3.149
5,5,15,19.472,3.245
5,6,15,20.267,3.378
5,7,15,21.323,3.554
5,8,15,22.677,3.78
5,9,15,24.354,4.059
5,10,15,26.356,4.393
5,11,15,28.655,4.776
5,12,15,31.187,5.198
5,13,15,33.851,5.642
5,14,15,36.513,6.085
5,15,15,39.014,6.502
5,16,15,41.188,6.865
5,17,15,42.875,7.146
5,18,15,43.945,7.324
5,19,15,44.312,7.385
5,20,15,43.945,7.324
5,21,15,42.875,7.146
5,22,15,41.188,6.865
5,23,15,39.014,6.502
5,24,15,36.513,6.085
5,1,16,18.02,6.007
5,2,16,18.205,6.068
5,3,16,18.484,6.161
5,4,16,18.893,6.298
5,5,16,19.472,6.491
5,6,16,20.267,6.756
5,7,16,21.323,7.108
5,8,16,22.677,7.559
5,9,16,24.354,8.118
5,10,16,26.356,8.785
5,11,16,28.655,9.552
5,12,16,31.187,10.396
5,13,16,33.851,11.284
5,14,16,36.513,12.171
5,15,16,39.014,13.005
5,16,16,41.188,13.729
5,17,16,42.875,14.292
5,18,16,43.945,14.648
5,19,16,44.312,14.771
5,20,16,43.945,14.648
5,21,16,42.875,14.292
5,22,16,41.188,13.729
5,23,16,39.014,13.005
5,24,16,36.513,12.171
5,1,17,18.02,6.007
5,2,17,18.205,6.068
5,3,17,18.484,6.161
5,4,17,18.893,6.298
5,5,17,19.472,6.491
5,6,17,20.267,6.756
5,7,17,21.323,7.108
5,8,17,22.677,7.559
5,9,17,24.354,8.118
5,10,17,26.356,8.785
5,11,17,28.655,9.552
5,12,17,31.187,10.396
5,13,17,33.851,11.284
5,14,17,36.513,12.171
5,15,17,39.014,13.005
5,16,17,41.188,13.729
5,17,17,42.875,14.292
5,18,17,43.945,14.648
5,19,17,44.312,14.771
5,20,17,43.945,14.648
5,21,17,42.875,14.292
5,22,17,41.188,13.729
5,23,17,39.014,13.005
5,24,17,36.513,12.171
5,1,18,27.03,12.013
5,2,18,27.308,12.137
5,3,18,27.726,12.323
5,4,18,28.339,12.595
5,5,18,29.209,12.982
5,6,18,30.401,13.512
5,7,18,31.984,14.215
5,8,18,34.016,15.118
5,9,18,36.532,16.236
5,10,18,39.535,17.571
5,11,18,42.983,19.103
5,12,18,46.78,20.791
5,13,18,50.776,22.567
5,14,18,54.769,24.342
5,15,18,58.521,26.009
5,16,18,61.782,27.459
5,17,18,64.313,28.583
5,18,18,65.918,29.297
5,19,18,66.468,29.541
5,20,18,65.918,29.297
5,21,18,64.313,28.583
5,22,18,61.782,27.459
5,23,18,58.521,26.009
5,24,18,54.769,24.342
5,1,19,27.03,12.013
5,2,19,27.308,12.137
5,3,19,27.726,12.323
5,4,19,28.339,12.595
5,5,19,29.209,12.982
5,6,19,30.401,13.512
5,7,19,31.984,14.215
5,8,19,34.016,15.118
5,9,19,36.532,16.236
5,10,19,39.535,17.571
5,11,19,42.983,19.103
5,12,19,46.78,20.791
5,13,19,50.776,22.567
5,14,19,54.769,24.342
5,15,19,58.521,26.009
5,16,19,61.782,27.459
5,17,19,64.313,28.583
5,18,19,65.918,29.297
5,19,19,66.468,29.541
5,20,19,65.918,29.297
5,21,19,64.313,28.583
5,22,19,61.782,27.459
5,23,19,58.521,26.009
5,24,19,54.769,24.342
5,1,20,27.03,12.013
5,2,20,27.308,12.137
5,3,20,27.726,12.323
5,4,20,28.339,12.595
5,5,20,29.209,12.982
5,6,20,30.401,13.512
5,7,20,31.984,14.215
5,8,20,34.016,15.118
5,9,20,36.532,16.236
5,10,20,39.535,17.571
5,11,20,42.983,19.103
5,12,20,46.78,20.791
5,13,20,50.776,22.567
5,14,20,54.769,24.342
5,15,20,58.521,26.009
5,16,20,61.782,27.459
5,17,20,64.313,28.583
5,18,20,65.918,29.297
5,19,20,66.468,29.541
5,20,20,65.918,29.297
5,21,20,64.313,28.583
5,22,20,61.782,27.459
5,23,20,58.521,26.009
5,24,20,54.769,24.342
5,1,21,27.03,12.013
5,2,21,27.308,12.137
5,3,21,27.726,12.323
5,4,21,28.339,12.595
5,5,21,29.209,12.982
5,6,21,30.401,13.512
5,7,21,31.984,14.215
5,8,21,34.016,15.118
5,9,21,36.532,16.236
5,10,21,39.535,17.571
5,11,21,42.983,19.103
5,12,21,46.78,20.791
5,13,21,50.776,22.567
5,14,21,54.769,24.342
5,15,21,58.521,26.009
5,16,21,61.782,27.459
5,17,21,64.313,28.583
5,18,21,65.918,29.297
5,19,21,66.468,29.541
5,20,21,65.918,29.297
5,21,21,64.313,28.583
5,22,21,61.782,27.459
5,23,21,58.521,26.009
5,24,21,54.769,24.342
5,1,22,27.03,12.013
5,2,22,27.308,12.137
5,3,22,27.726,12.323
5,4,22,28.339,12.595
5,5,22,29.209,12.982
5,6,22,30.401,13.512
5,7,22,31.984,14.215
5,8,22,34.016,15.118
5,9,22,36.532,16.236
5,10,22,39.535,17.571
5,11,22,42.983,19.103
5,12,22,46.78,20.791
5,13,22,50.776,22.567
5,14,22,54.769,24.342
5,15,22,58.521,26.009
5,16,22,61.782,27.459
5,17,22,64.313,28.583
5,18,22,65.918,29.297
5,19,22,66.468,29.541
5,20,22,65.918,29.297
5,21,22,64.313,28.583
5,22,22,61.782,27.459
5,23,22,58.521,26.009
5,24,22,54.769,24.342
5,1,23,27.03,15.017
5,2,23,27.308,15.171
5,3,23,27.726,15.404
5,4,23,28.339,15.744
5,5,23,29.209,16.227
5,6,23,30.401,16.89
5,7,23,31.984,17.769
5,8,23,34.016,18.898
5,9,23,36.532,20.295
5,10,23,39.535,21.964
5,11,23,42.983,23.879
5,12,23,46.78,25.989
5,13,23,50.776,28.209
5,14,23,54.769,30.427
5,15,23,58.521,32.512
5,16,23,61.782,34.323
5,17,23,64.313,35.729
5,18,23,65.918,36.621
5,19,23,66.468,36.927
5,20,23,65.918,36.621
5,21,23,64.313,35.729
5,22,23,61.782,34.323
5,23,23,58.521,32.512
5,24,23,54.769,30.427
5,1,24,126.141,60.067
5,2,24,127.435,60.683
5,3,24,129.39,61.614
5,4,24,132.251,62.977
5,5,24,136.306,64.908
5,6,24,141.872,67.558
5,7,24,149.261,71.077
5,8,24,158.74,75.591
5,9,24,170.481,81.181
5,10,24,184.495,87.855
5,11,24,200.586,95.517
5,12,24,218.308,103.956
5,13,24,236.955,112.836
5,14,24,255.588,121.709
5,15,24,273.099,130.047
5,16,24,288.315,137.293
5,17,24,300.127,142.917
5,18,24,307.617,146.484
5,19,24,310.184,147.707
5,20,24,307.617,146.484
5,21,24,300.127,142.917
5,22,24,288.315,137.293
5,23,24,273.099,130.047
5,24,24,255.588,121.709
5,1,25,126.141,60.067
5,2,25,127.435,60.683
5,3,25,129.39,61.614
5,4,25,132.251,62.977
5,5,25,136.306,64.908
5,6,25,141.872,67.558
5,7,25,149.261,71.077
5,8,25,158.74,75.591
5,9,25,170.481,81.181
5,10,25,184.495,87.855
5,11,25,200.586,95.517
5,12,25,218.308,103.956
5,13,25,236.955,112.836
5,14,25,255.588,121.709
5,15,25,273.099,130.047
5,16,25,288.315,137.293
5,17,25,300.127,142.917
5,18,25,307.617,146.484
5,19,25,310.184,147.707
5,20,25,307.617,146.484
5,21,25,300.127,142.917
5,22,25,288.315,137.293
5,23,25,273.099,130.047
5,24,25,255.588,121.709
5,1,26,18.02,7.508
5,2,26,18.205,7.585
5,3,26,18.484,7.702
5,4,26,18.893,7.872
5,5,26,19.472,8.113
5,6,26,20.267,8.445
5,7,26,21.323,8.885
5,8,26,22.677,9.449
5,9,26,24.354,10.148
5,10,26,26.356,10.982
5,11,26,28.655,11.94
5,12,26,31.187,12.995
5,13,26,33.851,14.104
5,14,26,36.513,15.214
5,15,26,39.014,16.256
5,16,26,41.188,17.162
5,17,26,42.875,17.865
5,18,26,43.945,18.311
5,19,26,44.312,18.463
5,20,26,43.945,18.311
5,21,26,42.875,17.865
5,22,26,41.188,17.162
5,23,26,39.014,16.256
5,24,26,36.513,15.214
5,1,27,18.02,7.508
5,2,27,18.205,7.585
5,3,27,18.484,7.702
5,4,27,18.893,7.872
5,5,27,19.472,8.113
5,6,27,20.267,8.445
5,7,27,21.323,8.885
5,8,27,22.677,9.449
5,9,27,24.354,10.148
5,10,27,26.356,10.982
5,11,27,28.655,11.94
5,12,27,31.187,12.995
5,13,27,33.851,14.104
5,14,27,36.513,15.214
5,15,27,39.014,16.256
5,16,27,41.188,17.162
5,17,27,42.875,17.865
5,18,27,43.945,18.311
5,19,27,44.312,18.463
5,20,27,43.945,18.311
5,21,27,42.875,17.865
5,22,27,41.188,17.162
5,23,27,39.014,16.256
5,24,27,36.513,15.214
5,1,28,18.02,6.007
5,2,28,18.205,6.068
5,3,28,18.484,6.161
5,4,28,18.893,6.298
5,5,28,19.472,6.491
5,6,28,20.267,6.756
5,7,28,21.323,7.108
5,8,28,22.677,7.559
5,9,28,24.354,8.118
5,10,28,26.356,8.785
5,11,28,28.655,9.552
5,12,28,31.187,10.396
5,13,28,33.851,11.284
5,14,28,36.513,12.171
5,15,28,39.014,13.005
5,16,28,41.188,13.729
5,17,28,42.875,14.292
5,18,28,43.945,14.648
5,19,28,44.312,14.771
5,20,28,43.945,14.648
5,21,28,42.875,14.292
5,22,28,41.188,13.729
5,23,28,39.014,13.005
5,24,28,36.513,12.171
5,1,29,36.04,21.024
5,2,29,36.41,21.239
5,3,29,36.969,21.565
5,4,29,37.786,22.042
5,5,29,38.945,22.718
5,6,29,40.535,23.645
5,7,29,42.646,24.877
5,8,29,45.354,26.457
5,9,29,48.709,28.413
5,10,29,52.713,30.749
5,11,29,57.31,33.431
5,12,29,62.374,36.385
5,13,29,67.702,39.493
5,14,29,73.025,42.598
5,15,29,78.028,45.517
5,16,29,82.376,48.053
5,17,29,85.75,50.021
5,18,29,87.891,51.27
5,19,29,88.624,51.697
5,20,29,87.891,51.27
5,21,29,85.75,50.021
5,22,29,82.376,48.053
5,23,29,78.028,45.517
5,24,29,73.025,42.598
5,1,30,60.067,180.202
5,2,30,60.683,182.05
5,3,30,61.614,184.843
5,4,30,62.977,188.93
5,5,30,64.908,194.723
5,6,30,67.558,202.675
5,7,30,71.077,213.23
5,8,30,75.591,226.772
5,9,30,81.181,243.544
5,10,30,87.855,263.564
5,11,30,95.517,286.551
5,12,30,103.956,311.868
5,13,30,112.836,338.508
5,14,30,121.709,365.126
5,15,30,130.047,390.142
5,16,30,137.293,411.879
5,17,30,142.917,428.752
5,18,30,146.484,439.453
5,19,30,147.707,443.12
5,20,30,146.484,439.453
5,21,30,142.917,428.752
5,22,30,137.293,411.879
5,23,30,130.047,390.142
5,24,30,121.709,365.126
5,1,31,45.05,21.024
5,2,31,45.513,21.239
5,3,31,46.211,21.565
5,4,31,47.232,22.042
5,5,31,48.681,22.718
5,6,31,50.669,23.645
5,7,31,53.307,24.877
5,8,31,56.693,26.457
5,9,31,60.886,28.413
5,10,31,65.891,30.749
5,11,31,71.638,33.431
5,12,31,77.967,36.385
5,13,31,84.627,39.493
5,14,31,91.281,42.598
5,15,31,97.535,45.517
5,16,31,102.97,48.053
5,17,31,107.188,50.021
5,18,31,109.863,51.27
5,19,31,110.78,51.697
5,20,31,109.863,51.27
5,21,31,107.188,50.021
5,22,31,102.97,48.053
5,23,31,97.535,45.517
5,24,31,91.281,42.598
5,1,32,63.071,30.034
5,2,32,63.718,30.342
5,3,32,64.695,30.807
5,4,32,66.125,31.488
5,5,32,68.153,32.454
5,6,32,70.936,33.779
5,7,32,74.63,35.538
5,8,32,79.37,37.795
5,9,32,85.24,40.591
5,10,32,92.247,43.927
5,11,32,100.293,47.759
5,12,32,109.154,51.978
5,13,32,118.478,56.418
5,14,32,127.794,60.854
5,15,32,136.55,65.024
5,16,32,144.158,68.647
5,17,32,150.063,71.459
5,18,32,153.809,73.242
5,19,32,155.092,73.853
5,20,32,153.809,73.242
5,21,32,150.063,71.459
5,22,32,144.158,68.647
5,23,32,136.55,65.024
5,24,32,127.794,60.854
5,1,33,18.02,12.013
5,2,33,18.205,12.137
5,3,33,18.484,12.323
5,4,33,18.893,12.595
5,5,33,19.472,12.982
5,6,33,20.267,13.512
5,7,33,21.323,14.215
5,8,33,22.677,15.118
5,9,33,24.354,16.236
5,10,33,26.356,17.571
5,11,33,28.655,19.103
5,12,33,31.187,20.791
5,13,33,33.851,22.567
5,14,33,36.513,24.342
5,15,33,39.014,26.009
5,16,33,41.188,27.459
5,17,33,42.875,28.583
5,18,33,43.945,29.297
5,19,33,44.312,29.541
5,20,33,43.945,29.297
5,21,33,42.875,28.583
5,22,33,41.188,27.459
5,23,33,39.014,26.009
5,24,33,36.513,24.342
6,1,2,29.541,17.725
6,2,2,29.844,17.906
6,3,2,30.302,18.181
6,4,2,30.972,18.583
6,5,2,31.922,19.153
6,6,2,33.225,19.935
6,7,2,34.955,20.973
6,8,2,37.175,22.305
6,9,2,39.925,23.955
6,10,2,43.207,25.924
6,11,2,46.975,28.185
6,12,2,51.126,30.675
6,13,2,55.493,33.296
6,14,2,59.856,35.914
6,15,2,63.957,38.374
6,16,2,67.521,40.512
6,17,2,70.287,42.172
6,18,2,72.041,43.225
6,19,2,72.642,43.585
6,20,2,72.041,43.225
6,21,2,70.287,42.172
6,22,2,67.521,40.512
6,23,2,63.957,38.374
6,24,2,59.856,35.914
6,1,3,26.587,11.816
6,2,3,26.86,11.938
6,3,3,27.272,12.121
6,4,3,27.875,12.389
6,5,3,28.729,12.769
6,6,3,29.903,13.29
6,7,3,31.46,13.982
6,8,3,33.458,14.87
6,9,3,35.932,15.97
6,10,3,38.886,17.283
6,11,3,42.278,18.79
6,12,3,46.013,20.45
6,13,3,49.943,22.197
6,14,3,53.871,23.942
6,15,3,57.561,25.583
6,16,3,60.769,27.008
6,17,3,63.258,28.115
6,18,3,64.837,28.816
6,19,3,65.378,29.057
6,20,3,64.837,28.816
6,21,3,63.258,28.115
6,22,3,60.769,27.008
6,23,3,57.561,25.583
6,24,3,53.871,23.942
6,1,4,35.449,23.633
6,2,4,35.813,23.875
6,3,4,36.362,24.241
6,4,4,37.166,24.777
6,5,4,38.306,25.537
6,6,4,39.87,26.58
6,7,4,41.947,27.964
6,8,4,44.611,29.74
6,9,4,47.91,31.94
6,10,4,51.848,34.565
6,11,4,56.37,37.58
6,12,4,61.351,40.9
6,13,4,66.591,44.394
6,14,4,71.827,47.885
6,15,4,76.749,51.166
6,16,4,81.025,54.016
6,17,4,84.344,56.229
6,18,4,86.449,57.633
6,19,4,87.17,58.114
6,20,4,86.449,57.633
6,21,4,84.344,56.229
6,22,4,81.025,54.016
6,23,4,76.749,51.166
6,24,4,71.827,47.885
6,1,5,17.725,8.862
6,2,5,17.906,8.953
6,3,5,18.181,9.091
6,4,5,18.583,9.292
6,5,5,19.153,9.576
6,6,5,19.935,9.968
6,7,5,20.973,10.487
6,8,5,22.305,11.153
6,9,5,23.955,11.977
6,10,5,25.924,12.962
6,11,5,28.185,14.093
6,12,5,30.675,15.338
6,13,5,33.296,16.648
6,14,5,35.914,17.957
6,15,5,38.374,19.187
6,16,5,40.512,20.256
6,17,5,42.172,21.086
6,18,5,43.225,21.612
6,19,5,43.585,21.793
6,20,5,43.225,21.612
6,21,5,42.172,21.086
6,22,5,40.512,20.256
6,23,5,38.374,19.187
6,24,5,35.914,17.957
6,1,6,17.725,5.908
6,2,6,17.906,5.969
6,3,6,18.181,6.06
6,4,6,18.583,6.194
6,5,6,19.153,6.384
6,6,6,19.935,6.645
6,7,6,20.973,6.991
6,8,6,22.305,7.435
6,9,6,23.955,7.985
6,10,6,25.924,8.641
6,11,6,28.185,9.395
6,12,6,30.675,10.225
6,13,6,33.296,11.099
6,14,6,35.914,11.971
6,15,6,38.374,12.791
6,16,6,40.512,13.504
6,17,6,42.172,14.057
6,18,6,43.225,14.408
6,19,6,43.585,14.528
6,20,6,43.225,14.408
6,21,6,42.172,14.057
6,22,6,40.512,13.504
6,23,6,38.374,12.791
6,24,6,35.914,11.971
6,1,7,59.082,29.541
6,2,7,59.688,29.844
6,3,7,60.604,30.302
6,4,7,61.944,30.972
6,5,7,63.843,31.922
6,6,7,66.45,33.225
6,7,7,69.911,34.955
6,8,7,74.351,37.175
6,9,7,79.85,39.925
6,10,7,86.414,43.207
6,11,7,93.95,46.975
6,12,7,102.251,51.126
6,13,7,110.985,55.493
6,14,7,119.712,59.856
6,15,7,127.914,63.957
6,16,7,135.041,67.521
6,17,7,140.573,70.287
6,18,7,144.082,72.041
6,19,7,145.284,72.642
6,20,7,144.082,72.041
6,21,7,140.573,70.287
6,22,7,135.041,67.521
6,23,7,127.914,63.957
6,24,7,119.712,59.856
6,1,8,59.082,29.541
6,2,8,59.688,29.844
6,3,8,60.604,30.302
6,4,8,61.944,30.972
6,5,8,63.843,31.922
6,6,8,66.45,33.225
6,7,8,69.911,34.955
6,8,8,74.351,37.175
6,9,8,79.85,39.925
6,10,8,86.414,43.207
6,11,8,93.95,46.975
6,12,8,102.251,51.126
6,13,8,110.985,55.493
6,14,8,119.712,59.856
6,15,8,127.914,63.957
6,16,8,135.041,67.521
6,17,8,140.573,70.287
6,18,8,144.082,72.041
6,19,8,145.284,72.642
6,20,8,144.082,72.041
6,21,8,140.573,70.287
6,22,8,135.041,67.521
6,23,8,127.914,63.957
6,24,8,119.712,59.856
6,1,9,17.725,5.908
6,2,9,17.906,5.969
6,3,9,18.181,6.06
6,4,9,18.583,6.194
6,5,9,19.153,6.384
6,6,9,19.935,6.645
6,7,9,20.973,6.991
6,8,9,22.305,7.435
6,9,9,23.955,7.985
6,10,9,25.924,8.641
6,11,9,28.185,9.395
6,12,9,30.675,10.225
6,13,9,33.296,11.099
6,14,9,35.914,11.971
6,15,9,38.374,12.791
6,16,9,40.512,13.504
6,17,9,42.172,14.057
6,18,9,43.225,14.408
6,19,9,43.585,14.528
6,20,9,43.225,14.408
6,21,9,42.172,14.057
6,22,9,40.512,13.504
6,23,9,38.374,12.791
6,24,9,35.914,11.971
6,1,10,17.725,5.908
6,2,10,17.906,5.969
6,3,10,18.181,6.06
6,4,10,18.583,6.194
6,5,10,19.153,6.384
6,6,10,19.935,6.645
6,7,10,20.973,6.991
6,8,10,22.305,7.435
6,9,10,23.955,7.985
6,10,10,25.924,8.641
6,11,10,28.185,9.395
6,12,10,30.675,10.225
6,13,10,33.296,11.099
6,14,10,35.914,11.971
6,15,10,38.374,12.791
6,16,10,40.512,13.504
6,17,10,42.172,14.057
6,18,10,43.225,14.408
6,19,10,43.585,14.528
6,20,10,43.225,14.408
6,21,10,42.172,14.057
6,22,10,40.512,13.504
6,23,10,38.374,12.791
6,24,10,35.914,11.971
6,1,11,13.293,8.862
6,2,11,13.43,8.953
6,3,11,13.636,9.091
6,4,11,13.937,9.292
6,5,11,14.365,9.576
6,6,11,14.951,9.968
6,7,11,15.73,10.487
6,8,11,16.729,11.153
6,9,11,17.966,11.977
6,10,11,19.443,12.962
6,11,11,21.139,14.093
6,12,11,23.006,15.338
6,13,11,24.972,16.648
6,14,11,26.935,17.957
6,15,11,28.781,19.187
6,16,11,30.384,20.256
6,17,11,31.629,21.086
6,18,11,32.418,21.612
6,19,11,32.689,21.793
6,20,11,32.418,21.612
6,21,11,31.629,21.086
6,22,11,30.384,20.256
6,23,11,28.781,19.187
6,24,11,26.935,17.957
6,1,12,17.725,10.339
6,2,12,17.906,10.445
6,3,12,18.181,10.606
6,4,12,18.583,10.84
6,5,12,19.153,11.173
6,6,12,19.935,11.629
6,7,12,20.973,12.234
6,8,12,22.305,13.011
6,9,12,23.955,13.974
6,10,12,25.924,15.122
6,11,12,28.185,16.441
6,12,12,30.675,17.894
6,13,12,33.296,19.422
6,14,12,35.914,20.95
6,15,12,38.374,22.385
6,16,12,40.512,23.632
6,17,12,42.172,24.6
6,18,12,43.225,25.214
6,19,12,43.585,25.425
6,20,12,43.225,25.214
6,21,12,42.172,24.6
6,22,12,40.512,23.632
6,23,12,38.374,22.385
6,24,12,35.914,20.95
6,1,13,17.725,10.339
6,2,13,17.906,10.445
6,3,13,18.181,10.606
6,4,13,18.583,10.84
6,5,13,19.153,11.173
6,6,13,19.935,11.629
6,7,13,20.973,12.234
6,8,13,22.305,13.011
6,9,13,23.955,13.974
6,10,13,25.924,15.122
6,11,13,28.185,16.441
6,12,13,30.675,17.894
6,13,13,33.296,19.422
6,14,13,35.914,20.95
6,15,13,38.374,22.385
6,16,13,40.512,23.632
6,17,13,42.172,24.6
6,18,13,43.225,25.214
6,19,13,43.585,25.425
6,20,13,43.225,25.214
6,21,13,42.172,24.6
6,22,13,40.512,23.632
6,23,13,38.374,22.385
6,24,13,35.914,20.95
6,1,14,35.449,23.633
6,2,14,35.813,23.875
6,3,14,36.362,24.241
6,4,14,37.166,24.777
6,5,14,38.306,25.537
6,6,14,39.87,26.58
6,7,14,41.947,27.964
6,8,14,44.611,29.74
6,9,14,47.91,31.94
6,10,14,51.848,34.565
6,11,14,56.37,37.58
6,12,14,61.351,40.9
6,13,14,66.591,44.394
6,14,14,71.827,47.885
6,15,14,76.749,51.166
6,16,14,81.025,54.016
6,17,14,84.344,56.229
6,18,14,86.449,57.633
6,19,14,87.17,58.114
6,20,14,86.449,57.633
6,21,14,84.344,56.229
6,22,14,81.025,54.016
6,23,14,76.749,51.166
6,24,14,71.827,47.885
6,1,15,17.725,2.954
6,2,15,17.906,2.984
6,3,15,18.181,3.03
6,4,15,18.583,3.097
6,5,15,19.153,3.192
6,6,15,19.935,3.323
6,7,15,20.973,3.496
6,8,15,22.305,3.718
6,9,15,23.955,3.992
6,10,15,25.924,4.321
6,11,15,28.185,4.698
6,12,15,30.675,5.113
6,13,15,33.296,5.549
6,14,15,35.914,5.986
6,15,15,38.374,6.396
6,16,15,40.512,6.752
6,17,15,42.172,7.029
6,18,15,43.225,7.204
6,19,15,43.585,7.264
6,20,15,43.225,7.204
6,21,15,42.172,7.029
6,22,15,40.512,6.752
6,23,15,38.374,6.396
6,24,15,35.914,5.986
6,1,16,17.725,5.908
6,2,16,17.906,5.969
6,3,16,18.181,6.06
6,4,16,18.583,6.194
6,5,16,19.153,6.384
6,6,16,19.935,6.645
6,7,16,20.973,6.991
6,8,16,22.305,7.435
6,9,16,23.955,7.985
6,10,16,25.924,8.641
6,11,16,28.185,9.395
6,12,16,30.675,10.225
6,13,16,33.296,11.099
6,14,16,35.914,11.971
6,15,16,38.374,12.791
6,16,16,40.512,13.504
6,17,16,42.172,14.057
6,18,16,43.225,14.408
6,19,16,43.585,14.528
6,20,16,43.225,14.408
6,21,16,42.172,14.057
6,22,16,40.512,13.504
6,23,16,38.374,12.791
6,24,16,35.914,11.971
6,1,17,17.725,5.908
6,2,17,17.906,5.969
6,3,17,18.181,6.06
6,4,17,18.583,6.194
6,5,17,19.153,6.384
6,6,17,19.935,6.645
6,7,17,20.973,6.991
6,8,17,22.305,7.435
6,9,17,23.955,7.985
6,10,17,25.924,8.641
6,11,17,28.185,9.395
6,12,17,30.675,10.225
6,13,17,33.296,11.099
6,14,17,35.914,11.971
6,15,17,38.374,12.791
6,16,17,40.512,13.504
6,17,17,42.172,14.057
6,18,17,43.225,14.408
6,19,17,43.585,14.528
6,20,17,43.225,14.408
6,21,17,42.172,14.057
6,22,17,40.512,13.504
6,23,17,38.374,12.791
6,24,17,35.914,11.971
6,1,18,26.587,11.816
6,2,18,26.86,11.938
6,3,18,27.272,12.121
6,4,18,27.875,12.389
6,5,18,28.729,12.769
6,6,18,29.903,13.29
6,7,18,31.46,13.982
6,8,18,33.458,14.87
6,9,18,35.932,15.97
6,10,18,38.886,17.283
6,11,18,42.278,18.79
6,12,18,46.013,20.45
6,13,18,49.943,22.197
6,14,18,53.871,23.942
6,15,18,57.561,25.583
6,16,18,60.769,27.008
6,17,18,63.258,28.115
6,18,18,64.837,28.816
6,19,18,65.378,29.057
6,20,18,64.837,28.816
6,21,18,63.258,28.115
6,22,18,60.769,27.008
6,23,18,57.561,25.583
6,24,18,53.871,23.942
6,1,19,26.587,11.816
6,2,19,26.86,11.938
6,3,19,27.272,12.121
6,4,19,27.875,12.389
6,5,19,28.729,12.769
6,6,19,29.903,13.29
6,7,19,31.46,13.982
6,8,19,33.458,14.87
6,9,19,35.932,15.97
6,10,19,38.886,17.283
6,11,19,42.278,18.79
6,12,19,46.013,20.45
6,13,19,49.943,22.197
6,14,19,53.871,23.942
6,15,19,57.561,25.583
6,16,19,60.769,27.008
6,17,19,63.258,28.115
6,18,19,64.837,28.816
6,19,19,65.378,29.057
6,20,19,64.837,28.816
6,21,19,63.258,28.115
6,22,19,60.769,27.008
6,23,19,57.561,25.583
6,24,19,53.871,23.942
6,1,20,26.587,11.816
6,2,20,26.86,11.938
6,3,20,27.272,12.121
6,4,20,27.875,12.389
6,5,20,28.729,12.769
6,6,20,29.903,13.29
6,7,20,31.46,13.982
6,8,20,33.458,14.87
6,9,20,35.932,15.97
6,10,20,38.886,17.283
6,11,20,42.278,18.79
6,12,20,46.013,20.45
6,13,20,49.943,22.197
6,14,20,53.871,23.942
6,15,20,57.561,25.583
6,16,20,60.769,27.008
6,17,20,63.258,28.115
6,18,20,64.837,28.816
6,19,20,65.378,29.057
6,20,20,64.837,28.816
6,21,20,63.258,28.115
6,22,20,60.769,27.008
6,23,20,57.561,25.583
6,24,20,53.871,23.942
6,1,21,26.587,11.816
6,2,21,26.86,11.938
6,3,21,27.272,12.121
6,4,21,27.875,12.389
6,5,21,28.729,12.769
6,6,21,29.903,13.29
6,7,21,31.46,13.982
6,8,21,33.458,14.87
6,9,21,35.932,15.97
6,10,21,38.886,17.283
6,11,21,42.278,18.79
6,12,21,46.013,20.45
6,13,21,49.943,22.197
6,14,21,53.871,23.942
6,15,21,57.561,25.583
6,16,21,60.769,27.008
6,17,21,63.258,28.115
6,18,21,64.837,28.816
6,19,21,65.378,29.057
6,20,21,64.837,28.816
6,21,21,63.258,28.115
6,22,21,60.769,27.008
6,23,21,57.561,25.583
6,24,21,53.871,23.942
6,1,22,26.587,11.816
6,2,22,26.86,11.938
6,3,22,27.272,12.121
6,4,22,27.875,12.389
6,5,22,28.729,12.769
6,6,22,29.903,13.29
6,7,22,31.46,13.982
6,8,22,33.458,14.87
6,9,22,35.932,15.97
6,10,22,38.886,17.283
6,11,22,42.278,18.79
6,12,22,46.013,20.45
6,13,22,49.943,22.197
6,14,22,53.871,23.942
6,15,22,57.561,25.583
6,16,22,60.769,27.008
6,17,22,63.258,28.115
6,18,22,64.837,28.816
6,19,22,65.378,29.057
6,20,22,64.837,28.816
6,21,22,63.258,28.115
6,22,22,60.769,27.008
6,23,22,57.561,25.583
6,24,22,53.871,23.942
6,1,23,26.587,14.77
6,2,23,26.86,14.922
6,3,23,27.272,15.151
6,4,23,27.875,15.486
6,5,23,28.729,15.961
6,6,23,29.903,16.613
6,7,23,31.46,17.478
6,8,23,33.458,18.588
6,9,23,35.932,19.962
6,10,23,38.886,21.603
6,11,23,42.278,23.488
6,12,23,46.013,25.563
6,13,23,49.943,27.746
6,14,23,53.871,29.928
6,15,23,57.561,31.979
6,16,23,60.769,33.76
6,17,23,63.258,35.143
6,18,23,64.837,36.02
6,19,23,65.378,36.321
6,20,23,64.837,36.02
6,21,23,63.258,35.143
6,22,23,60.769,33.76
6,23,23,57.561,31.979
6,24,23,53.871,29.928
6,1,24,124.072,59.082
6,2,24,125.345,59.688
6,3,24,127.268,60.604
6,4,24,130.082,61.944
6,5,24,134.071,63.843
6,6,24,139.545,66.45
6,7,24,146.813,69.911
6,8,24,156.137,74.351
6,9,24,167.684,79.85
6,10,24,181.469,86.414
6,11,24,197.296,93.95
6,12,24,214.727,102.251
6,13,24,233.069,110.985
6,14,24,251.396,119.712
6,15,24,268.62,127.914
6,16,24,283.587,135.041
6,17,24,295.204,140.573
6,18,24,302.572,144.082
6,19,24,305.096,145.284
6,20,24,302.572,144.082
6,21,24,295.204,140.573
6,22,24,283.587,135.041
6,23,24,268.62,127.914
6,24,24,251.396,119.712
6,1,25,124.072,59.082
6,2,25,125.345,59.688
6,3,25,127.268,60.604
6,4,25,130.082,61.944
6,5,25,134.071,63.843
6,6,25,139.545,66.45
6,7,25,146.813,69.911
6,8,25,156.137,74.351
6,9,25,167.684,79.85
6,10,25,181.469,86.414
6,11,25,197.296,93.95
6,12,25,214.727,102.251
6,13,25,233.069,110.985
6,14,25,251.396,119.712
6,15,25,268.62,127.914
6,16,25,283.587,135.041
6,17,25,295.204,140.573
6,18,25,302.572,144.082
6,19,25,305.096,145.284
6,20,25,302.572,144.082
6,21,25,295.204,140.573
6,22,25,283.587,135.041
6,23,25,268.62,127.914
6,24,25,251.396,119.712
6,1,26,17.725,7.385
6,2,26,17.906,7.461
6,3,26,18.181,7.575
6,4,26,18.583,7.743
6,5,26,19.153,7.98
6,6,26,19.935,8.306
6,7,26,20.973,8.739
6,8,26,22.305,9.294
6,9,26,23.955,9.981
6,10,26,25.924,10.802
6,11,26,28.185,11.744
6,12,26,30.675,12.781
6,13,26,33.296,13.873
6,14,26,35.914,14.964
6,15,26,38.374,15.989
6,16,26,40.512,16.88
6,17,26,42.172,17.572
6,18,26,43.225,18.01
6,19,26,43.585,18.161
6,20,26,43.225,18.01
6,21,26,42.172,17.572
6,22,26,40.512,16.88
6,23,26,38.374,15.989
6,24,26,35.914,14.964
6,1,27,17.725,7.385
6,2,27,17.906,7.461
6,3,27,18.181,7.575
6,4,27,18.583,7.743
6,5,27,19.153,7.98
6,6,27,19.935,8.306
6,7,27,20.973,8.739
6,8,27,22.305,9.294
6,9,27,23.955,9.981
6,10,27,25.924,10.802
6,11,27,28.185,11.744
6,12,27,30.675,12.781
6,13,27,33.296,13.873
6,14,27,35.914,14.964
6,15,27,38.374,15.989
6,16,27,40.512,16.88
6,17,27,42.172,17.572
6,18,27,43.225,18.01
6,19,27,43.585,18.161
6,20,27,43.225,18.01
6,21,27,42.172,17.572
6,22,27,40.512,16.88
6,23,27,38.374,15.989
6,24,27,35.914,14.964
6,1,28,17.725,5.908
6,2,28,17.906,5.969
6,3,28,18.181,6.06
6,4,28,18.583,6.194
6,5,28,19.153,6.384
6,6,28,19.935,6.645
6,7,28,20.973,6.991
6,8,28,22.305,7.435
6,9,28,23.955,7.985
6,10,28,25.924,8.641
6,11,28,28.185,9.395
6,12,28,30.675,10.225
6,13,28,33.296,11.099
6,14,28,35.914,11.971
6,15,28,38.374,12.791
6,16,28,40.512,13.504
6,17,28,42.172,14.057
6,18,28,43.225,14.408
6,19,28,43.585,14.528
6,20,28,43.225,14.408
6,21,28,42.172,14.057
6,22,28,40.512,13.504
6,23,28,38.374,12.791
6,24,28,35.914,11.971
6,1,29,35.449,20.679
6,2,29,35.813,20.891
6,3,29,36.362,21.211
6,4,29,37.166,21.68
6,5,29,38.306,22.345
6,6,29,39.87,23.258
6,7,29,41.947,24.469
6,8,29,44.611,26.023
6,9,29,47.91,27.947
6,10,29,51.848,30.245
6,11,29,56.37,32.883
6,12,29,61.351,35.788
6,13,29,66.591,38.845
6,14,29,71.827,41.899
6,15,29,76.749,44.77
6,16,29,81.025,47.264
6,17,29,84.344,49.201
6,18,29,86.449,50.429
6,19,29,87.17,50.849
6,20,29,86.449,50.429
6,21,29,84.344,49.201
6,22,29,81.025,47.264
6,23,29,76.749,44.77
6,24,29,71.827,41.899
6,1,30,59.082,177.246
6,2,30,59.688,179.065
6,3,30,60.604,181.811
6,4,30,61.944,185.831
6,5,30,63.843,191.53
6,6,30,66.45,199.35
6,7,30,69.911,209.733
6,8,30,74.351,223.053
6,9,30,79.85,239.549
6,10,30,86.414,259.241
6,11,30,93.95,281.851
6,12,30,102.251,306.753
6,13,30,110.985,332.955
6,14,30,119.712,359.137
6,15,30,127.914,383.743
6,16,30,135.041,405.124
6,17,30,140.573,421.72
6,18,30,144.082,432.245
6,19,30,145.284,435.852
6,20,30,144.082,432.245
6,21,30,140.573,421.72
6,22,30,135.041,405.124
6,23,30,127.914,383.743
6,24,30,119.712,359.137
6,1,31,44.311,20.679
6,2,31,44.766,20.891
6,3,31,45.453,21.211
6,4,31,46.458,21.68
6,5,31,47.882,22.345
6,6,31,49.838,23.258
6,7,31,52.433,24.469
6,8,31,55.763,26.023
6,9,31,59.887,27.947
6,10,31,64.81,30.245
6,11,31,70.463,32.883
6,12,31,76.688,35.788
6,13,31,83.239,38.845
6,14,31,89.784,41.899
6,15,31,95.936,44.77
6,16,31,101.281,47.264
6,17,31,105.43,49.201
6,18,31,108.061,50.429
6,19,31,108.963,50.849
6,20,31,108.061,50.429
6,21,31,105.43,49.201
6,22,31,101.281,47.264
6,23,31,95.936,44.77
6,24,31,89.784,41.899
6,1,32,62.036,29.541
6,2,32,62.673,29.844
6,3,32,63.634,30.302
6,4,32,65.041,30.972
6,5,32,67.035,31.922
6,6,32,69.773,33.225
6,7,32,73.406,34.955
6,8,32,78.068,37.175
6,9,32,83.842,39.925
6,10,32,90.734,43.207
6,11,32,98.648,46.975
6,12,32,107.364,51.126
6,13,32,116.534,55.493
6,14,32,125.698,59.856
6,15,32,134.31,63.957
6,16,32,141.793,67.521
6,17,32,147.602,70.287
6,18,32,151.286,72.041
6,19,32,152.548,72.642
6,20,32,151.286,72.041
6,21,32,147.602,70.287
6,22,32,141.793,67.521
6,23,32,134.31,63.957
6,24,32,125.698,59.856
6,1,33,17.725,11.816
6,2,33,17.906,11.938
6,3,33,18.181,12.121
6,4,33,18.583,12.389
6,5,33,19.153,12.769
6,6,33,19.935,13.29
6,7,33,20.973,13.982
6,8,33,22.305,14.87
6,9,33,23.955,15.97
6,10,33,25.924,17.283
6,11,33,28.185,18.79
6,12,33,30.675,20.45
6,13,33,33.296,22.197
6,14,33,35.914,23.942
6,15,33,38.374,25.583
6,16,33,40.512,27.008
6,17,33,42.172,28.115
6,18,33,43.225,28.816
6,19,33,43.585,29.057
6,20,33,43.225,28.816
6,21,33,42.172,28.115
6,22,33,40.512,27.008
6,23,33,38.374,25.583
6,24,33,35.914,23.942
7,1,2,27.799,16.679
7,2,2,28.084,16.85
7,3,2,28.515,17.109
7,4,2,29.145,17.487
7,5,2,30.039,18.023
7,6,2,31.266,18.759
7,7,2,32.894,19.736
7,8,2,34.983,20.99
7,9,2,37.57,22.542
7,10,2,40.659,24.395
7,11,2,44.205,26.523
7,12,2,48.11,28.866
7,13,2,52.22,31.332
7,14,2,56.326,33.796
7,15,2,60.185,36.111
7,16,2,63.538,38.123
7,17,2,66.141,39.685
7,18,2,67.792,40.675
7,19,2,68.358,41.015
7,20,2,67.792,40.675
7,21,2,66.141,39.685
7,22,2,63.538,38.123
7,23,2,60.185,36.111
7,24,2,56.326,33.796
7,1,3,25.019,11.12
7,2,3,25.276,11.234
7,3,3,25.663,11.406
7,4,3,26.231,11.658
7,5,3,27.035,12.016
7,6,3,28.139,12.506
7,7,3,29.604,13.158
7,8,3,31.485,13.993
7,9,3,33.813,15.028
7,10,3,36.593,16.263
7,11,3,39.784,17.682
7,12,3,43.299,19.244
7,13,3,46.998,20.888
7,14,3,50.693,22.53
7,15,3,54.167,24.074
7,16,3,57.185,25.415
7,17,3,59.527,26.457
7,18,3,61.013,27.117
7,19,3,61.522,27.343
7,20,3,61.013,27.117
7,21,3,59.527,26.457
7,22,3,57.185,25.415
7,23,3,54.167,24.074
7,24,3,50.693,22.53
7,1,4,33.359,22.239
7,2,4,33.701,22.467
7,3,4,34.218,22.812
7,4,4,34.974,23.316
7,5,4,36.047,24.031
7,6,4,37.519,25.012
7,7,4,39.473,26.315
7,8,4,41.98,27.986
7,9,4,45.084,30.056
7,10,4,48.79,32.527
7,11,4,53.046,35.364
7,12,4,57.732,38.488
7,13,4,62.664,41.776
7,14,4,67.591,45.061
7,15,4,72.222,48.148
7,16,4,76.246,50.831
7,17,4,79.37,52.913
7,18,4,81.351,54.234
7,19,4,82.029,54.686
7,20,4,81.351,54.234
7,21,4,79.37,52.913
7,22,4,76.246,50.831
7,23,4,72.222,48.148
7,24,4,67.591,45.061
7,1,5,16.679,8.34
7,2,5,16.85,8.425
7,3,5,17.109,8.554
7,4,5,17.487,8.744
7,5,5,18.023,9.012
7,6,5,18.759,9.38
7,7,5,19.736,9.868
7,8,5,20.99,10.495
7,9,5,22.542,11.271
7,10,5,24.395,12.198
7,11,5,26.523,13.261
7,12,5,28.866,14.433
7,13,5,31.332,15.666
7,14,5,33.796,16.898
7,15,5,36.111,18.056
7,16,5,38.123,19.062
7,17,5,39.685,19.842
7,18,5,40.675,20.338
7,19,5,41.015,20.507
7,20,5,40.675,20.338
7,21,5,39.685,19.842
7,22,5,38.123,19.062
7,23,5,36.111,18.056
7,24,5,33.796,16.898
7,1,6,16.679,5.56
7,2,6,16.85,5.617
7,3,6,17.109,5.703
7,4,6,17.487,5.829
7,5,6,18.023,6.008
7,6,6,18.759,6.253
7,7,6,19.736,6.579
7,8,6,20.99,6.997
7,9,6,22.542,7.514
7,10,6,24.395,8.132
7,11,6,26.523,8.841
7,12,6,28.866,9.622
7,13,6,31.332,10.444
7,14,6,33.796,11.265
7,15,6,36.111,12.037
7,16,6,38.123,12.708
7,17,6,39.685,13.228
7,18,6,40.675,13.558
7,19,6,41.015,13.672
7,20,6,40.675,13.558
7,21,6,39.685,13.228
7,22,6,38.123,12.708
7,23,6,36.111,12.037
7,24,6,33.796,11.265
7,1,7,55.598,27.799
7,2,7,56.168,28.084
7,3,7,57.029,28.515
7,4,7,58.29,29.145
7,5,7,60.078,30.039
7,6,7,62.531,31.266
7,7,7,65.788,32.894
7,8,7,69.966,34.983
7,9,7,75.14,37.57
7,10,7,81.317,40.659
7,11,7,88.41,44.205
7,12,7,96.221,48.11
7,13,7,104.44,52.22
7,14,7,112.652,56.326
7,15,7,120.37,60.185
7,16,7,127.077,63.538
7,17,7,132.283,66.141
7,18,7,135.584,67.792
7,19,7,136.716,68.358
7,20,7,135.584,67.792
7,21,7,132.283,66.141
7,22,7,127.077,63.538
7,23,7,120.37,60.185
7,24,7,112.652,56.326
7,1,8,55.598,27.799
7,2,8,56.168,28.084
7,3,8,57.029,28.515
7,4,8,58.29,29.145
7,5,8,60.078,30.039
7,6,8,62.531,31.266
7,7,8,65.788,32.894
7,8,8,69.966,34.983
7,9,8,75.14,37.57
7,10,8,81.317,40.659
7,11,8,88.41,44.205
7,12,8,96.221,48.11
7,13,8,104.44,52.22
7,14,8,112.652,56.326
7,15,8,120.37,60.185
7,16,8,127.077,63.538
7,17,8,132.283,66.141
7,18,8,135.584,67.792
7,19,8,136.716,68.358
7,20,8,135.584,67.792
7,21,8,132.283,66.141
7,22,8,127.077,63.538
7,23,8,120.37,60.185
7,24,8,112.652,56.326
7,1,9,16.679,5.56
7,2,9,16.85,5.617
7,3,9,17.109,5.703
7,4,9,17.487,5.829
7,5,9,18.023,6.008
7,6,9,18.759,6.253
7,7,9,19.736,6.579
7,8,9,20.99,6.997
7,9,9,22.542,7.514
7,10,9,24.395,8.132
7,11,9,26.523,8.841
7,12,9,28.866,9.622
7,13,9,31.332,10.444
7,14,9,33.796,11.265
7,15,9,36.111,12.037
7,16,9,38.123,12.708
7,17,9,39.685,13.228
7,18,9,40.675,13.558
7,19,9,41.015,13.672
7,20,9,40.675,13.558
7,21,9,39.685,13.228
7,22,9,38.123,12.708
7,23,9,36.111,12.037
7,24,9,33.796,11.265
7,1,10,16.679,5.56
7,2,10,16.85,5.617
7,3,10,17.109,5.703
7,4,10,17.487,5.829
7,5,10,18.023,6.008
7,6,10,18.759,6.253
7,7,10,19.736,6.579
7,8,10,20.99,6.997
7,9,10,22.542,7.514
7,10,10,24.395,8.132
7,11,10,26.523,8.841
7,12,10,28.866,9.622
7,13,10,31.332,10.444
7,14,10,33.796,11.265
7,15,10,36.111,12.037
7,16,10,38.123,12.708
7,17,10,39.685,13.228
7,18,10,40.675,13.558
7,19,10,41.015,13.672
7,20,10,40.675,13.558
7,21,10,39.685,13.228
7,22,10,38.123,12.708
7,23,10,36.111,12.037
7,24,10,33.796,11.265
7,1,11,12.509,8.34
7,2,11,12.638,8.425
7,3,11,12.832,8.554
7,4,11,13.115,8.744
7,5,11,13.518,9.012
7,6,11,14.069,9.38
7,7,11,14.802,9.868
7,8,11,15.742,10.495
7,9,11,16.907,11.271
7,10,11,18.296,12.198
7,11,11,19.892,13.261
7,12,11,21.65,14.433
7,13,11,23.499,15.666
7,14,11,25.347,16.898
7,15,11,27.083,18.056
7,16,11,28.592,19.062
7,17,11,29.764,19.842
7,18,11,30.506,20.338
7,19,11,30.761,20.507
7,20,11,30.506,20.338
7,21,11,29.764,19.842
7,22,11,28.592,19.062
7,23,11,27.083,18.056
7,24,11,25.347,16.898
7,1,12,16.679,9.73
7,2,12,16.85,9.829
7,3,12,17.109,9.98
7,4,12,17.487,10.201
7,5,12,18.023,10.514
7,6,12,18.759,10.943
7,7,12,19.736,11.513
7,8,12,20.99,12.244
7,9,12,22.542,13.15
7,10,12,24.395,14.231
7,11,12,26.523,15.472
7,12,12,28.866,16.839
7,13,12,31.332,18.277
7,14,12,33.796,19.714
7,15,12,36.111,21.065
7,16,12,38.123,22.238
7,17,12,39.685,23.149
7,18,12,40.675,23.727
7,19,12,41.015,23.925
7,20,12,40.675,23.727
7,21,12,39.685,23.149
7,22,12,38.123,22.238
7,23,12,36.111,21.065
7,24,12,33.796,19.714
7,1,13,16.679,9.73
7,2,13,16.85,9.829
7,3,13,17.109,9.98
7,4,13,17.487,10.201
7,5,13,18.023,10.514
7,6,13,18.759,10.943
7,7,13,19.736,11.513
7,8,13,20.99,12.244
7,9,13,22.542,13.15
7,10,13,24.395,14.231
7,11,13,26.523,15.472
7,12,13,28.866,16.839
7,13,13,31.332,18.277
7,14,13,33.796,19.714
7,15,13,36.111,21.065
7,16,13,38.123,22.238
7,17,13,39.685,23.149
7,18,13,40.675,23.727
7,19,13,41.015,23.925
7,20,13,40.675,23.727
7,21,13,39.685,23.149
7,22,13,38.123,22.238
7,23,13,36.111,21.065
7,24,13,33.796,19.714
7,1,14,33.359,22.239
7,2,14,33.701,22.467
7,3,14,34.218,22.812
7,4,14,34.974,23.316
7,5,14,36.047,24.031
7,6,14,37.519,25.012
7,7,14,39.473,26.315
7,8,14,41.98,27.986
7,9,14,45.084,30.056
7,10,14,48.79,32.527
7,11,14,53.046,35.364
7,12,14,57.732,38.488
7,13,14,62.664,41.776
7,14,14,67.591,45.061
7,15,14,72.222,48.148
7,16,14,76.246,50.831
7,17,14,79.37,52.913
7,18,14,81.351,54.234
7,19,14,82.029,54.686
7,20,14,81.351,54.234
7,21,14,79.37,52.913
7,22,14,76.246,50.831
7,23,14,72.222,48.148
7,24,14,67.591,45.061
7,1,15,16.679,2.78
7,2,15,16.85,2.808
7,3,15,17.109,2.851
7,4,15,17.487,2.915
7,5,15,18.023,3.004
7,6,15,18.759,3.127
7,7,15,19.736,3.289
7,8,15,20.99,3.498
7,9,15,22.542,3.757
7,10,15,24.395,4.066
7,11,15,26.523,4.42
7,12,15,28.866,4.811
7,13,15,31.332,5.222
7,14,15,33.796,5.633
7,15,15,36.111,6.019
7,16,15,38.123,6.354
7,17,15,39.685,6.614
7,18,15,40.675,6.779
7,19,15,41.015,6.836
7,20,15,40.675,6.779
7,21,15,39.685,6.614
7,22,15,38.123,6.354
7,23,15,36.111,6.019
7,24,15,33.796,5.633
7,1,16,16.679,5.56
7,2,16,16.85,5.617
7,3,16,17.109,5.703
7,4,16,17.487,5.829
7,5,16,18.023,6.008
7,6,16,18.759,6.253
7,7,16,19.736,6.579
7,8,16,20.99,6.997
7,9,16,22.542,7.514
7,10,16,24.395,8.132
7,11,16,26.523,8.841
7,12,16,28.866,9.622
7,13,16,31.332,10.444
7,14,16,33.796,11.265
7,15,16,36.111,12.037
7,16,16,38.123,12.708
7,17,16,39.685,13.228
7,18,16,40.675,13.558
7,19,16,41.015,13.672
7,20,16,40.675,13.558
7,21,16,39.685,13.228
7,22,16,38.123,12.708
7,23,16,36.111,12.037
7,24,16,33.796,11.265
7,1,17,16.679,5.56
7,2,17,16.85,5.617
7,3,17,17.109,5.703
7,4,17,17.487,5.829
7,5,17,18.023,6.008
7,6,17,18.759,6.253
7,7,17,19.736,6.579
7,8,17,20.99,6.997
7,9,17,22.542,7.514
7,10,17,24.395,8.132
7,11,17,26.523,8.841
7,12,17,28.866,9.622
7,13,17,31.332,10.444
7,14,17,33.796,11.265
7,15,17,36.111,12.037
7,16,17,38.123,12.708
7,17,17,39.685,13.228
7,18,17,40.675,13.558
7,19,17,41.015,13.672
7,20,17,40.675,13.558
7,21,17,39.685,13.228
7,22,17,38.123,12.708
7,23,17,36.111,12.037
7,24,17,33.796,11.265
7,1,18,25.019,11.12
7,2,18,25.276,11.234
7,3,18,25.663,11.406
7,4,18,26.231,11.658
7,5,18,27.035,12.016
7,6,18,28.139,12.506
7,7,18,29.604,13.158
7,8,18,31.485,13.993
7,9,18,33.813,15.028
7,10,18,36.593,16.263
7,11,18,39.784,17.682
7,12,18,43.299,19.244
7,13,18,46.998,20.888
7,14,18,50.693,22.53
7,15,18,54.167,24.074
7,16,18,57.185,25.415
7,17,18,59.527,26.457
7,18,18,61.013,27.117
7,19,18,61.522,27.343
7,20,18,61.013,27.117
7,21,18,59.527,26.457
7,22,18,57.185,25.415
7,23,18,54.167,24.074
7,24,18,50.693,22.53
7,1,19,25.019,11.12
7,2,19,25.276,11.234
7,3,19,25.663,11.406
7,4,19,26.231,11.658
7,5,19,27.035,12.016
7,6,19,28.139,12.506
7,7,19,29.604,13.158
7,8,19,31.485,13.993
7,9,19,33.813,15.028
7,10,19,36.593,16.263
7,11,19,39.784,17.682
7,12,19,43.299,19.244
7,13,19,46.998,20.888
7,14,19,50.693,22.53
7,15,19,54.167,24.074
7,16,19,57.185,25.415
7,17,19,59.527,26.457
7,18,19,61.013,27.117
7,19,19,61.522,27.343
7,20,19,61.013,27.117
7,21,19,59.527,26.457
7,22,19,57.185,25.415
7,23,19,54.167,24.074
7,24,19,50.693,22.53
7,1,20,25.019,11.12
7,2,20,25.276,11.234
7,3,20,25.663,11.406
7,4,20,26.231,11.658
7,5,20,27.035,12.016
7,6,20,28.139,12.506
7,7,20,29.604,13.158
7,8,20,31.485,13.993
7,9,20,33.813,15.028
7,10,20,36.593,16.263
7,11,20,39.784,17.682
7,12,20,43.299,19.244
7,13,20,46.998,20.888
7,14,20,50.693,22.53
7,15,20,54.167,24.074
7,16,20,57.185,25.415
7,17,20,59.527,26.457
7,18,20,61.013,27.117
7,19,20,61.522,27.343
7,20,20,61.013,27.117
7,21,20,59.527,26.457
7,22,20,57.185,25.415
7,23,20,54.167,24.074
7,24,20,50.693,22.53
7,1,21,25.019,11.12
7,2,21,25.276,11.234
7,3,21,25.663,11.406
7,4,21,26.231,11.658
7,5,21,27.035,12.016
7,6,21,28.139,12.506
7,7,21,29.604,13.158
7,8,21,31.485,13.993
7,9,21,33.813,15.028
7,10,21,36.593,16.263
7,11,21,39.784,17.682
7,12,21,43.299,19.244
7,13,21,46.998,20.888
7,14,21,50.693,22.53
7,15,21,54.167,24.074
7,16,21,57.185,25.415
7,17,21,59.527,26.457
7,18,21,61.013,27.117
7,19,21,61.522,27.343
7,20,21,61.013,27.117
7,21,21,59.527,26.457
7,22,21,57.185,25.415
7,23,21,54.167,24.074
7,24,21,50.693,22.53
7,1,22,25.019,11.12
7,2,22,25.276,11.234
7,3,22,25.663,11.406
7,4,22,26.231,11.658
7,5,22,27.035,12.016
7,6,22,28.139,12.506
7,7,22,29.604,13.158
7,8,22,31.485,13.993
7,9,22,33.813,15.028
7,10,22,36.593,16.263
7,11,22,39.784,17.682
7,12,22,43.299,19.244
7,13,22,46.998,20.888
7,14,22,50.693,22.53
7,15,22,54.167,24.074
7,16,22,57.185,25.415
7,17,22,59.527,26.457
7,18,22,61.013,27.117
7,19,22,61.522,27.343
7,20,22,61.013,27.117
7,21,22,59.527,26.457
7,22,22,57.185,25.415
7,23,22,54.167,24.074
7,24,22,50.693,22.53
7,1,23,25.019,13.899
7,2,23,25.276,14.042
7,3,23,25.663,14.257
7,4,23,26.231,14.573
7,5,23,27.035,15.019
7,6,23,28.139,15.633
7,7,23,29.604,16.447
7,8,23,31.485,17.491
7,9,23,33.813,18.785
7,10,23,36.593,20.329
7,11,23,39.784,22.102
7,12,23,43.299,24.055
7,13,23,46.998,26.11
7,14,23,50.693,28.163
7,15,23,54.167,30.093
7,16,23,57.185,31.769
7,17,23,59.527,33.071
7,18,23,61.013,33.896
7,19,23,61.522,34.179
7,20,23,61.013,33.896
7,21,23,59.527,33.071
7,22,23,57.185,31.769
7,23,23,54.167,30.093
7,24,23,50.693,28.163
7,1,24,116.755,55.598
7,2,24,117.953,56.168
7,3,24,119.762,57.029
7,4,24,122.41,58.29
7,5,24,126.164,60.078
7,6,24,131.315,62.531
7,7,24,138.154,65.788
7,8,24,146.928,69.966
7,9,24,157.795,75.14
7,10,24,170.766,81.317
7,11,24,185.66,88.41
7,12,24,202.063,96.221
7,13,24,219.323,104.44
7,14,24,236.57,112.652
7,15,24,252.778,120.37
7,16,24,266.862,127.077
7,17,24,277.794,132.283
7,18,24,284.727,135.584
7,19,24,287.103,136.716
7,20,24,284.727,135.584
7,21,24,277.794,132.283
7,22,24,266.862,127.077
7,23,24,252.778,120.37
7,24,24,236.57,112.652
7,1,25,116.755,55.598
7,2,25,117.953,56.168
7,3,25,119.762,57.029
7,4,25,122.41,58.29
7,5,25,126.164,60.078
7,6,25,131.315,62.531
7,7,25,138.154,65.788
7,8,25,146.928,69.966
7,9,25,157.795,75.14
7,10,25,170.766,81.317
7,11,25,185.66,88.41
7,12,25,202.063,96.221
7,13,25,219.323,104.44
7,14,25,236.57,112.652
7,15,25,252.778,120.37
7,16,25,266.862,127.077
7,17,25,277.794,132.283
7,18,25,284.727,135.584
7,19,25,287.103,136.716
7,20,25,284.727,135.584
7,21,25,277.794,132.283
7,22,25,266.862,127.077
7,23,25,252.778,120.37
7,24,25,236.57,112.652
7,1,26,16.679,6.95
7,2,26,16.85,7.021
7,3,26,17.109,7.129
7,4,26,17.487,7.286
7,5,26,18.023,7.51
7,6,26,18.759,7.816
7,7,26,19.736,8.223
7,8,26,20.99,8.746
7,9,26,22.542,9.393
7,10,26,24.395,10.165
7,11,26,26.523,11.051
7,12,26,28.866,12.028
7,13,26,31.332,13.055
7,14,26,33.796,14.082
7,15,26,36.111,15.046
7,16,26,38.123,15.885
7,17,26,39.685,16.535
7,18,26,40.675,16.948
7,19,26,41.015,17.089
7,20,26,40.675,16.948
7,21,26,39.685,16.535
7,22,26,38.123,15.885
7,23,26,36.111,15.046
7,24,26,33.796,14.082
7,1,27,16.679,6.95
7,2,27,16.85,7.021
7,3,27,17.109,7.129
7,4,27,17.487,7.286
7,5,27,18.023,7.51
7,6,27,18.759,7.816
7,7,27,19.736,8.223
7,8,27,20.99,8.746
7,9,27,22.542,9.393
7,10,27,24.395,10.165
7,11,27,26.523,11.051
7,12,27,28.866,12.028
7,13,27,31.332,13.055
7,14,27,33.796,14.082
7,15,27,36.111,15.046
7,16,27,38.123,15.885
7,17,27,39.685,16.535
7,18,27,40.675,16.948
7,19,27,41.015,17.089
7,20,27,40.675,16.948
7,21,27,39.685,16.535
7,22,27,38.123,15.885
7,23,27,36.111,15.046
7,24,27,33.796,14.082
7,1,28,16.679,5.56
7,2,28,16.85,5.617
7,3,28,17.109,5.703
7,4,28,17.487,5.829
7,5,28,18.023,6.008
7,6,28,18.759,6.253
7,7,28,19.736,6.579
7,8,28,20.99,6.997
7,9,28,22.542,7.514
7,10,28,24.395,8.132
7,11,28,26.523,8.841
7,12,28,28.866,9.622
7,13,28,31.332,10.444
7,14,28,33.796,11.265
7,15,28,36.111,12.037
7,16,28,38.123,12.708
7,17,28,39.685,13.228
7,18,28,40.675,13.558
7,19,28,41.015,13.672
7,20,28,40.675,13.558
7,21,28,39.685,13.228
7,22,28,38.123,12.708
7,23,28,36.111,12.037
7,24,28,33.796,11.265
7,1,29,33.359,19.459
7,2,29,33.701,19.659
7,3,29,34.218,19.96
7,4,29,34.974,20.402
7,5,29,36.047,21.027
7,6,29,37.519,21.886
7,7,29,39.473,23.026
7,8,29,41.98,24.488
7,9,29,45.084,26.299
7,10,29,48.79,28.461
7,11,29,53.046,30.943
7,12,29,57.732,33.677
7,13,29,62.664,36.554
7,14,29,67.591,39.428
7,15,29,72.222,42.13
7,16,29,76.246,44.477
7,17,29,79.37,46.299
7,18,29,81.351,47.454
7,19,29,82.029,47.85
7,20,29,81.351,47.454
7,21,29,79.37,46.299
7,22,29,76.246,44.477
7,23,29,72.222,42.13
7,24,29,67.591,39.428
7,1,30,55.598,166.793
7,2,30,56.168,168.504
7,3,30,57.029,171.088
7,4,30,58.29,174.871
7,5,30,60.078,180.234
7,6,30,62.531,187.593
7,7,30,65.788,197.363
7,8,30,69.966,209.898
7,9,30,75.14,225.421
7,10,30,81.317,243.952
7,11,30,88.41,265.229
7,12,30,96.221,288.662
7,13,30,104.44,313.319
7,14,30,112.652,337.957
7,15,30,120.37,361.111
7,16,30,127.077,381.231
7,17,30,132.283,396.848
7,18,30,135.584,406.753
7,19,30,136.716,410.147
7,20,30,135.584,406.753
7,21,30,132.283,396.848
7,22,30,127.077,381.231
7,23,30,120.37,361.111
7,24,30,112.652,337.957
7,1,31,41.698,19.459
7,2,31,42.126,19.659
7,3,31,42.772,19.96
7,4,31,43.718,20.402
7,5,31,45.058,21.027
7,6,31,46.898,21.886
7,7,31,49.341,23.026
7,8,31,52.474,24.488
7,9,31,56.355,26.299
7,10,31,60.988,28.461
7,11,31,66.307,30.943
7,12,31,72.166,33.677
7,13,31,78.33,36.554
7,14,31,84.489,39.428
7,15,31,90.278,42.13
7,16,31,95.308,44.477
7,17,31,99.212,46.299
7,18,31,101.688,47.454
7,19,31,102.537,47.85
7,20,31,101.688,47.454
7,21,31,99.212,46.299
7,22,31,95.308,44.477
7,23,31,90.278,42.13
7,24,31,84.489,39.428
7,1,32,58.377,27.799
7,2,32,58.976,28.084
7,3,32,59.881,28.515
7,4,32,61.205,29.145
7,5,32,63.082,30.039
7,6,32,65.658,31.266
7,7,32,69.077,32.894
7,8,32,73.464,34.983
7,9,32,78.898,37.57
7,10,32,85.383,40.659
7,11,32,92.83,44.205
7,12,32,101.032,48.11
7,13,32,109.662,52.22
7,14,32,118.285,56.326
7,15,32,126.389,60.185
7,16,32,133.431,63.538
7,17,32,138.897,66.141
7,18,32,142.363,67.792
7,19,32,143.551,68.358
7,20,32,142.363,67.792
7,21,32,138.897,66.141
7,22,32,133.431,63.538
7,23,32,126.389,60.185
7,24,32,118.285,56.326
7,1,33,16.679,11.12
7,2,33,16.85,11.234
7,3,33,17.109,11.406
7,4,33,17.487,11.658
7,5,33,18.023,12.016
7,6,33,18.759,12.506
7,7,33,19.736,13.158
7,8,33,20.99,13.993
7,9,33,22.542,15.028
7,10,33,24.395,16.263
7,11,33,26.523,17.682
7,12,33,28.866,19.244
7,13,33,31.332,20.888
7,14,33,33.796,22.53
7,15,33,36.111,24.074
7,16,33,38.123,25.415
7,17,33,39.685,26.457
7,18,33,40.675,27.117
7,19,33,41.015,27.343
7,20,33,40.675,27.117
7,21,33,39.685,26.457
7,22,33,38.123,25.415
7,23,33,36.111,24.074
7,24,33,33.796,22.53
8,1,2,29.491,17.694
8,2,2,29.793,17.876
8,3,2,30.25,18.15
8,4,2,30.919,18.551
8,5,2,31.867,19.12
8,6,2,33.168,19.901
8,7,2,34.896,20.937
8,8,2,37.112,22.267
8,9,2,39.857,23.914
8,10,2,43.133,25.88
8,11,2,46.895,28.137
8,12,2,51.038,30.623
8,13,2,55.398,33.239
8,14,2,59.754,35.852
8,15,2,63.848,38.309
8,16,2,67.405,40.443
8,17,2,70.167,42.1
8,18,2,71.918,43.151
8,19,2,72.518,43.511
8,20,2,71.918,43.151
8,21,2,70.167,42.1
8,22,2,67.405,40.443
8,23,2,63.848,38.309
8,24,2,59.754,35.852
8,1,3,26.541,11.796
8,2,3,26.814,11.917
8,3,3,27.225,12.1
8,4,3,27.827,12.368
8,5,3,28.68,12.747
8,6,3,29.851,13.267
8,7,3,31.406,13.958
8,8,3,33.401,14.845
8,9,3,35.871,15.943
8,10,3,38.82,17.253
8,11,3,42.205,18.758
8,12,3,45.934,20.415
8,13,3,49.858,22.159
8,14,3,53.779,23.902
8,15,3,57.463,25.539
8,16,3,60.665,26.962
8,17,3,63.15,28.067
8,18,3,64.726,28.767
8,19,3,65.266,29.007
8,20,3,64.726,28.767
8,21,3,63.15,28.067
8,22,3,60.665,26.962
8,23,3,57.463,25.539
8,24,3,53.779,23.902
8,1,4,35.389,23.592
8,2,4,35.752,23.834
8,3,4,36.3,24.2
8,4,4,37.103,24.735
8,5,4,38.24,25.494
8,6,4,39.802,26.535
8,7,4,41.875,27.917
8,8,4,44.534,29.69
8,9,4,47.828,31.885
8,10,4,51.76,34.506
8,11,4,56.274,37.516
8,12,4,61.246,40.831
8,13,4,66.477,44.318
8,14,4,71.705,47.803
8,15,4,76.617,51.078
8,16,4,80.886,53.924
8,17,4,84.2,56.133
8,18,4,86.301,57.534
8,19,4,87.022,58.014
8,20,4,86.301,57.534
8,21,4,84.2,56.133
8,22,4,80.886,53.924
8,23,4,76.617,51.078
8,24,4,71.705,47.803
8,1,5,17.694,8.847
8,2,5,17.876,8.938
8,3,5,18.15,9.075
8,4,5,18.551,9.276
8,5,5,19.12,9.56
8,6,5,19.901,9.95
8,7,5,20.937,10.469
8,8,5,22.267,11.134
8,9,5,23.914,11.957
8,10,5,25.88,12.94
8,11,5,28.137,14.068
8,12,5,30.623,15.311
8,13,5,33.239,16.619
8,14,5,35.852,17.926
8,15,5,38.309,19.154
8,16,5,40.443,20.222
8,17,5,42.1,21.05
8,18,5,43.151,21.575
8,19,5,43.511,21.755
8,20,5,43.151,21.575
8,21,5,42.1,21.05
8,22,5,40.443,20.222
8,23,5,38.309,19.154
8,24,5,35.852,17.926
8,1,6,17.694,5.898
8,2,6,17.876,5.959
8,3,6,18.15,6.05
8,4,6,18.551,6.184
8,5,6,19.12,6.373
8,6,6,19.901,6.634
8,7,6,20.937,6.979
8,8,6,22.267,7.422
8,9,6,23.914,7.971
8,10,6,25.88,8.627
8,11,6,28.137,9.379
8,12,6,30.623,10.208
8,13,6,33.239,11.08
8,14,6,35.852,11.951
8,15,6,38.309,12.77
8,16,6,40.443,13.481
8,17,6,42.1,14.033
8,18,6,43.151,14.384
8,19,6,43.511,14.504
8,20,6,43.151,14.384
8,21,6,42.1,14.033
8,22,6,40.443,13.481
8,23,6,38.309,12.77
8,24,6,35.852,11.951
8,1,7,58.981,29.491
8,2,7,59.586,29.793
8,3,7,60.5,30.25
8,4,7,61.838,30.919
8,5,7,63.734,31.867
8,6,7,66.337,33.168
8,7,7,69.791,34.896
8,8,7,74.224,37.112
8,9,7,79.713,39.857
8,10,7,86.266,43.133
8,11,7,93.79,46.895
8,12,7,102.076,51.038
8,13,7,110.796,55.398
8,14,7,119.508,59.754
8,15,7,127.696,63.848
8,16,7,134.811,67.405
8,17,7,140.333,70.167
8,18,7,143.836,71.918
8,19,7,145.036,72.518
8,20,7,143.836,71.918
8,21,7,140.333,70.167
8,22,7,134.811,67.405
8,23,7,127.696,63.848
8,24,7,119.508,59.754
8,1,8,58.981,29.491
8,2,8,59.586,29.793
8,3,8,60.5,30.25
8,4,8,61.838,30.919
8,5,8,63.734,31.867
8,6,8,66.337,33.168
8,7,8,69.791,34.896
8,8,8,74.224,37.112
8,9,8,79.713,39.857
8,10,8,86.266,43.133
8,11,8,93.79,46.895
8,12,8,102.076,51.038
8,13,8,110.796,55.398
8,14,8,119.508,59.754
8,15,8,127.696,63.848
8,16,8,134.811,67.405
8,17,8,140.333,70.167
8,18,8,143.836,71.918
8,19,8,145.036,72.518
8,20,8,143.836,71.918
8,21,8,140.333,70.167
8,22,8,134.811,67.405
8,23,8,127.696,63.848
8,24,8,119.508,59.754
8,1,9,17.694,5.898
8,2,9,17.876,5.959
8,3,9,18.15,6.05
8,4,9,18.551,6.184
8,5,9,19.12,6.373
8,6,9,19.901,6.634
8,7,9,20.937,6.979
8,8,9,22.267,7.422
8,9,9,23.914,7.971
8,10,9,25.88,8.627
8,11,9,28.137,9.379
8,12,9,30.623,10.208
8,13,9,33.239,11.08
8,14,9,35.852,11.951
8,15,9,38.309,12.77
8,16,9,40.443,13.481
8,17,9,42.1,14.033
8,18,9,43.151,14.384
8,19,9,43.511,14.504
8,20,9,43.151,14.384
8,21,9,42.1,14.033
8,22,9,40.443,13.481
8,23,9,38.309,12.77
8,24,9,35.852,11.951
8,1,10,17.694,5.898
8,2,10,17.876,5.959
8,3,10,18.15,6.05
8,4,10,18.551,6.184
8,5,10,19.12,6.373
8,6,10,19.901,6.634
8,7,10,20.937,6.979
8,8,10,22.267,7.422
8,9,10,23.914,7.971
8,10,10,25.88,8.627
8,11,10,28.137,9.379
8,12,10,30.623,10.208
8,13,10,33.239,11.08
8,14,10,35.852,11.951
8,15,10,38.309,12.77
8,16,10,40.443,13.481
8,17,10,42.1,14.033
8,18,10,43.151,14.384
8,19,10,43.511,14.504
8,20,10,43.151,14.384
8,21,10,42.1,14.033
8,22,10,40.443,13.481
8,23,10,38.309,12.77
8,24,10,35.852,11.951
8,1,11,13.271,8.847
8,2,11,13.407,8.938
8,3,11,13.613,9.075
8,4,11,13.914,9.276
8,5,11,14.34,9.56
8,6,11,14.926,9.95
8,7,11,15.703,10.469
8,8,11,16.7,11.134
8,9,11,17.936,11.957
8,10,11,19.41,12.94
8,11,11,21.103,14.068
8,12,11,22.967,15.311
8,13,11,24.929,16.619
8,14,11,26.889,17.926
8,15,11,28.732,19.154
8,16,11,30.332,20.222
8,17,11,31.575,21.05
8,18,11,32.363,21.575
8,19,11,32.633,21.755
8,20,11,32.363,21.575
8,21,11,31.575,21.05
8,22,11,30.332,20.222
8,23,11,28.732,19.154
8,24,11,26.889,17.926
8,1,12,17.694,10.322
8,2,12,17.876,10.428
8,3,12,18.15,10.588
8,4,12,18.551,10.822
8,5,12,19.12,11.153
8,6,12,19.901,11.609
8,7,12,20.937,12.213
8,8,12,22.267,12.989
8,9,12,23.914,13.95
8,10,12,25.88,15.097
8,11,12,28.137,16.413
8,12,12,30.623,17.863
8,13,12,33.239,19.389
8,14,12,35.852,20.914
8,15,12,38.309,22.347
8,16,12,40.443,23.592
8,17,12,42.1,24.558
8,18,12,43.151,25.171
8,19,12,43.511,25.381
8,20,12,43.151,25.171
8,21,12,42.1,24.558
8,22,12,40.443,23.592
8,23,12,38.309,22.347
8,24,12,35.852,20.914
8,1,13,17.694,10.322
8,2,13,17.876,10.428
8,3,13,18.15,10.588
8,4,13,18.551,10.822
8,5,13,19.12,11.153
8,6,13,19.901,11.609
8,7,13,20.937,12.213
8,8,13,22.267,12.989
8,9,13,23.914,13.95
8,10,13,25.88,15.097
8,11,13,28.137,16.413
8,12,13,30.623,17.863
8,13,13,33.239,19.389
8,14,13,35.852,20.914
8,15,13,38.309,22.347
8,16,13,40.443,23.592
8,17,13,42.1,24.558
8,18,13,43.151,25.171
8,19,13,43.511,25.381
8,20,13,43.151,25.171
8,21,13,42.1,24.558
8,22,13,40.443,23.592
8,23,13,38.309,22.347
8,24,13,35.852,20.914
8,1,14,35.389,23.592
8,2,14,35.752,23.834
8,3,14,36.3,24.2
8,4,14,37.103,24.735
8,5,14,38.24,25.494
8,6,14,39.802,26.535
8,7,14,41.875,27.917
8,8,14,44.534,29.69
8,9,14,47.828,31.885
8,10,14,51.76,34.506
8,11,14,56.274,37.516
8,12,14,61.246,40.831
8,13,14,66.477,44.318
8,14,14,71.705,47.803
8,15,14,76.617,51.078
8,16,14,80.886,53.924
8,17,14,84.2,56.133
8,18,14,86.301,57.534
8,19,14,87.022,58.014
8,20,14,86.301,57.534
8,21,14,84.2,56.133
8,22,14,80.886,53.924
8,23,14,76.617,51.078
8,24,14,71.705,47.803
8,1,15,17.694,2.949
8,2,15,17.876,2.979
8,3,15,18.15,3.025
8,4,15,18.551,3.092
8,5,15,19.12,3.187
8,6,15,19.901,3.317
8,7,15,20.937,3.49
8,8,15,22.267,3.711
8,9,15,23.914,3.986
8,10,15,25.88,4.313
8,11,15,28.137,4.689
8,12,15,30.623,5.104
8,13,15,33.239,5.54
8,14,15,35.852,5.975
8,15,15,38.309,6.385
8,16,15,40.443,6.741
8,17,15,42.1,7.017
8,18,15,43.151,7.192
8,19,15,43.511,7.252
8,20,15,43.151,7.192
8,21,15,42.1,7.017
8,22,15,40.443,6.741
8,23,15,38.309,6.385
8,24,15,35.852,5.975
8,1,16,17.694,5.898
8,2,16,17.876,5.959
8,3,16,18.15,6.05
8,4,16,18.551,6.184
8,5,16,19.12,6.373
8,6,16,19.901,6.634
8,7,16,20.937,6.979
8,8,16,22.267,7.422
8,9,16,23.914,7.971
8,10,16,25.88,8.627
8,11,16,28.137,9.379
8,12,16,30.623,10.208
8,13,16,33.239,11.08
8,14,16,35.852,11.951
8,15,16,38.309,12.77
8,16,16,40.443,13.481
8,17,16,42.1,14.033
8,18,16,43.151,14.384
8,19,16,43.511,14.504
8,20,16,43.151,14.384
8,21,16,42.1,14.033
8,22,16,40.443,13.481
8,23,16,38.309,12.77
8,24,16,35.852,11.951
8,1,17,17.694,5.898
8,2,17,17.876,5.959
8,3,17,18.15,6.05
8,4,17,18.551,6.184
8,5,17,19.12,6.373
8,6,17,19.901,6.634
8,7,17,20.937,6.979
8,8,17,22.267,7.422
8,9,17,23.914,7.971
8,10,17,25.88,8.627
8,11,17,28.137,9.379
8,12,17,30.623,10.208
8,13,17,33.239,11.08
8,14,17,35.852,11.951
8,15,17,38.309,12.77
8,16,17,40.443,13.481
8,17,17,42.1,14.033
8,18,17,43.151,14.384
8,19,17,43.511,14.504
8,20,17,43.151,14.384
8,21,17,42.1,14.033
8,22,17,40.443,13.481
8,23,17,38.309,12.77
8,24,17,35.852,11.951
8,1,18,26.541,11.796
8,2,18,26.814,11.917
8,3,18,27.225,12.1
8,4,18,27.827,12.368
8,5,18,28.68,12.747
8,6,18,29.851,13.267
8,7,18,31.406,13.958
8,8,18,33.401,14.845
8,9,18,35.871,15.943
8,10,18,38.82,17.253
8,11,18,42.205,18.758
8,12,18,45.934,20.415
8,13,18,49.858,22.159
8,14,18,53.779,23.902
8,15,18,57.463,25.539
8,16,18,60.665,26.962
8,17,18,63.15,28.067
8,18,18,64.726,28.767
8,19,18,65.266,29.007
8,20,18,64.726,28.767
8,21,18,63.15,28.067
8,22,18,60.665,26.962
8,23,18,57.463,25.539
8,24,18,53.779,23.902
8,1,19,26.541,11.796
8,2,19,26.814,11.917
8,3,19,27.225,12.1
8,4,19,27.827,12.368
8,5,19,28.68,12.747
8,6,19,29.851,13.267
8,7,19,31.406,13.958
8,8,19,33.401,14.845
8,9,19,35.871,15.943
8,10,19,38.82,17.253
8,11,19,42.205,18.758
8,12,19,45.934,20.415
8,13,19,49.858,22.159
8,14,19,53.779,23.902
8,15,19,57.463,25.539
8,16,19,60.665,26.962
8,17,19,63.15,28.067
8,18,19,64.726,28.767
8,19,19,65.266,29.007
8,20,19,64.726,28.767
8,21,19,63.15,28.067
8,22,19,60.665,26.962
8,23,19,57.463,25.539
8,24,19,53.779,23.902
8,1,20,26.541,11.796
8,2,20,26.814,11.917
8,3,20,27.225,12.1
8,4,20,27.827,12.368
8,5,20,28.68,12.747
8,6,20,29.851,13.267
8,7,20,31.406,13.958
8,8,20,33.401,14.845
8,9,20,35.871,15.943
8,10,20,38.82,17.253
8,11,20,42.205,18.758
8,12,20,45.934,20.415
8,13,20,49.858,22.159
8,14,20,53.779,23.902
8,15,20,57.463,25.539
8,16,20,60.665,26.962
8,17,20,63.15,28.067
8,18,20,64.726,28.767
8,19,20,65.266,29.007
8,20,20,64.726,28.767
8,21,20,63.15,28.067
8,22,20,60.665,26.962
8,23,20,57.463,25.539
8,24,20,53.779,23.902
8,1,21,26.541,11.796
8,2,21,26.814,11.917
8,3,21,27.225,12.1
8,4,21,27.827,12.368
8,5,21,28.68,12.747
8,6,21,29.851,13.267
8,7,21,31.406,13.958
8,8,21,33.401,14.845
8,9,21,35.871,15.943
8,10,21,38.82,17.253
8,11,21,42.205,18.758
8,12,21,45.934,20.415
8,13,21,49.858,22.159
8,14,21,53.779,23.902
8,15,21,57.463,25.539
8,16,21,60.665,26.962
8,17,21,63.15,28.067
8,18,21,64.726,28.767
8,19,21,65.266,29.007
8,20,21,64.726,28.767
8,21,21,63.15,28.067
8,22,21,60.665,26.962
8,23,21,57.463,25.539
8,24,21,53.779,23.902
8,1,22,26.541,11.796
8,2,22,26.814,11.917
8,3,22,27.225,12.1
8,4,22,27.827,12.368
8,5,22,28.68,12.747
8,6,22,29.851,13.267
8,7,22,31.406,13.958
8,8,22,33.401,14.845
8,9,22,35.871,15.943
8,10,22,38.82,17.253
8,11,22,42.205,18.758
8,12,22,45.934,20.415
8,13,22,49.858,22.159
8,14,22,53.779,23.902
8,15,22,57.463,25.539
8,16,22,60.665,26.962
8,17,22,63.15,28.067
8,18,22,64.726,28.767
8,19,22,65.266,29.007
8,20,22,64.726,28.767
8,21,22,63.15,28.067
8,22,22,60.665,26.962
8,23,22,57.463,25.539
8,24,22,53.779,23.902
8,1,23,26.541,14.745
8,2,23,26.814,14.897
8,3,23,27.225,15.125
8,4,23,27.827,15.459
8,5,23,28.68,15.934
8,6,23,29.851,16.584
8,7,23,31.406,17.448
8,8,23,33.401,18.556
8,9,23,35.871,19.928
8,10,23,38.82,21.567
8,11,23,42.205,23.447
8,12,23,45.934,25.519
8,13,23,49.858,27.699
8,14,23,53.779,29.877
8,15,23,57.463,31.924
8,16,23,60.665,33.703
8,17,23,63.15,35.083
8,18,23,64.726,35.959
8,19,23,65.266,36.259
8,20,23,64.726,35.959
8,21,23,63.15,35.083
8,22,23,60.665,33.703
8,23,23,57.463,31.924
8,24,23,53.779,29.877
8,1,24,123.86,58.981
8,2,24,125.131,59.586
8,3,24,127.05,60.5
8,4,24,129.859,61.838
8,5,24,133.842,63.734
8,6,24,139.307,66.337
8,7,24,146.562,69.791
8,8,24,155.87,74.224
8,9,24,167.398,79.713
8,10,24,181.159,86.266
8,11,24,196.959,93.79
8,12,24,214.36,102.076
8,13,24,232.671,110.796
8,14,24,250.967,119.508
8,15,24,268.161,127.696
8,16,24,283.102,134.811
8,17,24,294.7,140.333
8,18,24,302.055,143.836
8,19,24,304.575,145.036
8,20,24,302.055,143.836
8,21,24,294.7,140.333
8,22,24,283.102,134.811
8,23,24,268.161,127.696
8,24,24,250.967,119.508
8,1,25,123.86,58.981
8,2,25,125.131,59.586
8,3,25,127.05,60.5
8,4,25,129.859,61.838
8,5,25,133.842,63.734
8,6,25,139.307,66.337
8,7,25,146.562,69.791
8,8,25,155.87,74.224
8,9,25,167.398,79.713
8,10,25,181.159,86.266
8,11,25,196.959,93.79
8,12,25,214.36,102.076
8,13,25,232.671,110.796
8,14,25,250.967,119.508
8,15,25,268.161,127.696
8,16,25,283.102,134.811
8,17,25,294.7,140.333
8,18,25,302.055,143.836
8,19,25,304.575,145.036
8,20,25,302.055,143.836
8,21,25,294.7,140.333
8,22,25,283.102,134.811
8,23,25,268.161,127.696
8,24,25,250.967,119.508
8,1,26,17.694,7.373
8,2,26,17.876,7.448
8,3,26,18.15,7.563
8,4,26,18.551,7.73
8,5,26,19.12,7.967
8,6,26,19.901,8.292
8,7,26,20.937,8.724
8,8,26,22.267,9.278
8,9,26,23.914,9.964
8,10,26,25.88,10.783
8,11,26,28.137,11.724
8,12,26,30.623,12.76
8,13,26,33.239,13.849
8,14,26,35.852,14.938
8,15,26,38.309,15.962
8,16,26,40.443,16.851
8,17,26,42.1,17.542
8,18,26,43.151,17.979
8,19,26,43.511,18.129
8,20,26,43.151,17.979
8,21,26,42.1,17.542
8,22,26,40.443,16.851
8,23,26,38.309,15.962
8,24,26,35.852,14.938
8,1,27,17.694,7.373
8,2,27,17.876,7.448
8,3,27,18.15,7.563
8,4,27,18.551,7.73
8,5,27,19.12,7.967
8,6,27,19.901,8.292
8,7,27,20.937,8.724
8,8,27,22.267,9.278
8,9,27,23.914,9.964
8,10,27,25.88,10.783
8,11,27,28.137,11.724
8,12,27,30.623,12.76
8,13,27,33.239,13.849
8,14,27,35.852,14.938
8,15,27,38.309,15.962
8,16,27,40.443,16.851
8,17,27,42.1,17.542
8,18,27,43.151,17.979
8,19,27,43.511,18.129
8,20,27,43.151,17.979
8,21,27,42.1,17.542
8,22,27,40.443,16.851
8,23,27,38.309,15.962
8,24,27,35.852,14.938
8,1,28,17.694,5.898
8,2,28,17.876,5.959
8,3,28,18.15,6.05
8,4,28,18.551,6.184
8,5,28,19.12,6.373
8,6,28,19.901,6.634
8,7,28,20.937,6.979
8,8,28,22.267,7.422
8,9,28,23.914,7.971
8,10,28,25.88,8.627
8,11,28,28.137,9.379
8,12,28,30.623,10.208
8,13,28,33.239,11.08
8,14,28,35.852,11.951
8,15,28,38.309,12.77
8,16,28,40.443,13.481
8,17,28,42.1,14.033
8,18,28,43.151,14.384
8,19,28,43.511,14.504
8,20,28,43.151,14.384
8,21,28,42.1,14.033
8,22,28,40.443,13.481
8,23,28,38.309,12.77
8,24,28,35.852,11.951
8,1,29,35.389,20.643
8,2,29,35.752,20.855
8,3,29,36.3,21.175
8,4,29,37.103,21.643
8,5,29,38.24,22.307
8,6,29,39.802,23.218
8,7,29,41.875,24.427
8,8,29,44.534,25.978
8,9,29,47.828,27.9
8,10,29,51.76,30.193
8,11,29,56.274,32.826
8,12,29,61.246,35.727
8,13,29,66.477,38.778
8,14,29,71.705,41.828
8,15,29,76.617,44.693
8,16,29,80.886,47.184
8,17,29,84.2,49.117
8,18,29,86.301,50.342
8,19,29,87.022,50.763
8,20,29,86.301,50.342
8,21,29,84.2,49.117
8,22,29,80.886,47.184
8,23,29,76.617,44.693
8,24,29,71.705,41.828
8,1,30,58.981,176.943
8,2,30,59.586,178.759
8,3,30,60.5,181.5
8,4,30,61.838,185.513
8,5,30,63.734,191.202
8,6,30,66.337,199.01
8,7,30,69.791,209.374
8,8,30,74.224,222.672
8,9,30,79.713,239.14
8,10,30,86.266,258.798
8,11,30,93.79,281.37
8,12,30,102.076,306.229
8,13,30,110.796,332.387
8,14,30,119.508,358.524
8,15,30,127.696,383.087
8,16,30,134.811,404.432
8,17,30,140.333,420.999
8,18,30,143.836,431.507
8,19,30,145.036,435.108
8,20,30,143.836,431.507
8,21,30,140.333,420.999
8,22,30,134.811,404.432
8,23,30,127.696,383.087
8,24,30,119.508,358.524
8,1,31,44.236,20.643
8,2,31,44.69,20.855
8,3,31,45.375,21.175
8,4,31,46.378,21.643
8,5,31,47.801,22.307
8,6,31,49.752,23.218
8,7,31,52.344,24.427
8,8,31,55.668,25.978
8,9,31,59.785,27.9
8,10,31,64.7,30.193
8,11,31,70.342,32.826
8,12,31,76.557,35.727
8,13,31,83.097,38.778
8,14,31,89.631,41.828
8,15,31,95.772,44.693
8,16,31,101.108,47.184
8,17,31,105.25,49.117
8,18,31,107.877,50.342
8,19,31,108.777,50.763
8,20,31,107.877,50.342
8,21,31,105.25,49.117
8,22,31,101.108,47.184
8,23,31,95.772,44.693
8,24,31,89.631,41.828
8,1,32,61.93,29.491
8,2,32,62.566,29.793
8,3,32,63.525,30.25
8,4,32,64.93,30.919
8,5,32,66.921,31.867
8,6,32,69.653,33.168
8,7,32,73.281,34.896
8,8,32,77.935,37.112
8,9,32,83.699,39.857
8,10,32,90.579,43.133
8,11,32,98.479,46.895
8,12,32,107.18,51.038
8,13,32,116.335,55.398
8,14,32,125.483,59.754
8,15,32,134.08,63.848
8,16,32,141.551,67.405
8,17,32,147.35,70.167
8,18,32,151.027,71.918
8,19,32,152.288,72.518
8,20,32,151.027,71.918
8,21,32,147.35,70.167
8,22,32,141.551,67.405
8,23,32,134.08,63.848
8,24,32,125.483,59.754
8,1,33,17.694,11.796
8,2,33,17.876,11.917
8,3,33,18.15,12.1
8,4,33,18.551,12.368
8,5,33,19.12,12.747
8,6,33,19.901,13.267
8,7,33,20.937,13.958
8,8,33,22.267,14.845
8,9,33,23.914,15.943
8,10,33,25.88,17.253
8,11,33,28.137,18.758
8,12,33,30.623,20.415
8,13,33,33.239,22.159
8,14,33,35.852,23.902
8,15,33,38.309,25.539
8,16,33,40.443,26.962
8,17,33,42.1,28.067
8,18,33,43.151,28.767
8,19,33,43.511,29.007
8,20,33,43.151,28.767
8,21,33,42.1,28.067
8,22,33,40.443,26.962
8,23,33,38.309,25.539
8,24,33,35.852,23.902
9,1,2,28.258,16.955
9,2,2,28.548,17.129
9,3,2,28.986,17.391
9,4,2,29.627,17.776
9,5,2,30.535,18.321
9,6,2,31.782,19.069
9,7,2,33.437,20.062
9,8,2,35.561,21.337
9,9,2,38.191,22.915
9,10,2,41.33,24.798
9,11,2,44.935,26.961
9,12,2,48.905,29.343
9,13,2,53.082,31.849
9,14,2,57.257,34.354
9,15,2,61.179,36.708
9,16,2,64.588,38.753
9,17,2,67.234,40.34
9,18,2,68.912,41.347
9,19,2,69.487,41.692
9,20,2,68.912,41.347
9,21,2,67.234,40.34
9,22,2,64.588,38.753
9,23,2,61.179,36.708
9,24,2,57.257,34.354
9,1,3,25.432,11.303
9,2,3,25.693,11.419
9,3,3,26.087,11.594
9,4,3,26.664,11.851
9,5,3,27.482,12.214
9,6,3,28.604,12.713
9,7,3,30.094,13.375
9,8,3,32.005,14.224
9,9,3,34.372,15.276
9,10,3,37.197,16.532
9,11,3,40.442,17.974
9,12,3,44.015,19.562
9,13,3,47.774,21.233
9,14,3,51.531,22.903
9,15,3,55.061,24.472
9,16,3,58.129,25.835
9,17,3,60.511,26.894
9,18,3,62.021,27.565
9,19,3,62.538,27.795
9,20,3,62.021,27.565
9,21,3,60.511,26.894
9,22,3,58.129,25.835
9,23,3,55.061,24.472
9,24,3,51.531,22.903
9,1,4,33.91,22.606
9,2,4,34.257,22.838
9,3,4,34.783,23.189
9,4,4,35.552,23.701
9,5,4,36.642,24.428
9,6,4,38.138,25.426
9,7,4,40.125,26.75
9,8,4,42.673,28.449
9,9,4,45.829,30.553
9,10,4,49.596,33.064
9,11,4,53.922,35.948
9,12,4,58.686,39.124
9,13,4,63.699,42.466
9,14,4,68.708,45.805
9,15,4,73.415,48.943
9,16,4,77.506,51.67
9,17,4,80.681,53.787
9,18,4,82.694,55.13
9,19,4,83.384,55.59
9,20,4,82.694,55.13
9,21,4,80.681,53.787
9,22,4,77.506,51.67
9,23,4,73.415,48.943
9,24,4,68.708,45.805
9,1,5,16.955,8.477
9,2,5,17.129,8.564
9,3,5,17.391,8.696
9,4,5,17.776,8.888
9,5,5,18.321,9.161
9,6,5,19.069,9.535
9,7,5,20.062,10.031
9,8,5,21.337,10.668
9,9,5,22.915,11.457
9,10,5,24.798,12.399
9,11,5,26.961,13.481
9,12,5,29.343,14.672
9,13,5,31.849,15.925
9,14,5,34.354,17.177
9,15,5,36.708,18.354
9,16,5,38.753,19.376
9,17,5,40.34,20.17
9,18,5,41.347,20.674
9,19,5,41.692,20.846
9,20,5,41.347,20.674
9,21,5,40.34,20.17
9,22,5,38.753,19.376
9,23,5,36.708,18.354
9,24,5,34.354,17.177
9,1,6,16.955,5.652
9,2,6,17.129,5.71
9,3,6,17.391,5.797
9,4,6,17.776,5.925
9,5,6,18.321,6.107
9,6,6,19.069,6.356
9,7,6,20.062,6.687
9,8,6,21.337,7.112
9,9,6,22.915,7.638
9,10,6,24.798,8.266
9,11,6,26.961,8.987
9,12,6,29.343,9.781
9,13,6,31.849,10.616
9,14,6,34.354,11.451
9,15,6,36.708,12.236
9,16,6,38.753,12.918
9,17,6,40.34,13.447
9,18,6,41.347,13.782
9,19,6,41.692,13.897
9,20,6,41.347,13.782
9,21,6,40.34,13.447
9,22,6,38.753,12.918
9,23,6,36.708,12.236
9,24,6,34.354,11.451
9,1,7,56.516,28.258
9,2,7,57.096,28.548
9,3,7,57.972,28.986
9,4,7,59.253,29.627
9,5,7,61.07,30.535
9,6,7,63.564,31.782
9,7,7,66.874,33.437
9,8,7,71.122,35.561
9,9,7,76.382,38.191
9,10,7,82.661,41.33
9,11,7,89.87,44.935
9,12,7,97.81,48.905
9,13,7,106.165,53.082
9,14,7,114.513,57.257
9,15,7,122.359,61.179
9,16,7,129.176,64.588
9,17,7,134.468,67.234
9,18,7,137.824,68.912
9,19,7,138.974,69.487
9,20,7,137.824,68.912
9,21,7,134.468,67.234
9,22,7,129.176,64.588
9,23,7,122.359,61.179
9,24,7,114.513,57.257
9,1,8,56.516,28.258
9,2,8,57.096,28.548
9,3,8,57.972,28.986
9,4,8,59.253,29.627
9,5,8,61.07,30.535
9,6,8,63.564,31.782
9,7,8,66.874,33.437
9,8,8,71.122,35.561
9,9,8,76.382,38.191
9,10,8,82.661,41.33
9,11,8,89.87,44.935
9,12,8,97.81,48.905
9,13,8,106.165,53.082
9,14,8,114.513,57.257
9,15,8,122.359,61.179
9,16,8,129.176,64.588
9,17,8,134.468,67.234
9,18,8,137.824,68.912
9,19,8,138.974,69.487
9,20,8,137.824,68.912
9,21,8,134.468,67.234
9,22,8,129.176,64.588
9,23,8,122.359,61.179
9,24,8,114.513,57.257
9,1,9,16.955,5.652
9,2,9,17.129,5.71
9,3,9,17.391,5.797
9,4,9,17.776,5.925
9,5,9,18.321,6.107
9,6,9,19.069,6.356
9,7,9,20.062,6.687
9,8,9,21.337,7.112
9,9,9,22.915,7.638
9,10,9,24.798,8.266
9,11,9,26.961,8.987
9,12,9,29.343,9.781
9,13,9,31.849,10.616
9,14,9,34.354,11.451
9,15,9,36.708,12.236
9,16,9,38.753,12.918
9,17,9,40.34,13.447
9,18,9,41.347,13.782
9,19,9,41.692,13.897
9,20,9,41.347,13.782
9,21,9,40.34,13.447
9,22,9,38.753,12.918
9,23,9,36.708,12.236
9,24,9,34.354,11.451
9,1,10,16.955,5.652
9,2,10,17.129,5.71
9,3,10,17.391,5.797
9,4,10,17.776,5.925
9,5,10,18.321,6.107
9,6,10,19.069,6.356
9,7,10,20.062,6.687
9,8,10,21.337,7.112
9,9,10,22.915,7.638
9,10,10,24.798,8.266
9,11,10,26.961,8.987
9,12,10,29.343,9.781
9,13,10,31.849,10.616
9,14,10,34.354,11.451
9,15,10,36.708,12.236
9,16,10,38.753,12.918
9,17,10,40.34,13.447
9,18,10,41.347,13.782
9,19,10,41.692,13.897
9,20,10,41.347,13.782
9,21,10,40.34,13.447
9,22,10,38.753,12.918
9,23,10,36.708,12.236
9,24,10,34.354,11.451
9,1,11,12.716,8.477
9,2,11,12.847,8.564
9,3,11,13.044,8.696
9,4,11,13.332,8.888
9,5,11,13.741,9.161
9,6,11,14.302,9.535
9,7,11,15.047,10.031
9,8,11,16.002,10.668
9,9,11,17.186,11.457
9,10,11,18.599,12.399
9,11,11,20.221,13.481
9,12,11,22.007,14.672
9,13,11,23.887,15.925
9,14,11,25.765,17.177
9,15,11,27.531,18.354
9,16,11,29.065,19.376
9,17,11,30.255,20.17
9,18,11,31.01,20.674
9,19,11,31.269,20.846
9,20,11,31.01,20.674
9,21,11,30.255,20.17
9,22,11,29.065,19.376
9,23,11,27.531,18.354
9,24,11,25.765,17.177
9,1,12,16.955,9.89
9,2,12,17.129,9.992
9,3,12,17.391,10.145
9,4,12,17.776,10.369
9,5,12,18.321,10.687
9,6,12,19.069,11.124
9,7,12,20.062,11.703
9,8,12,21.337,12.446
9,9,12,22.915,13.367
9,10,12,24.798,14.466
9,11,12,26.961,15.727
9,12,12,29.343,17.117
9,13,12,31.849,18.579
9,14,12,34.354,20.04
9,15,12,36.708,21.413
9,16,12,38.753,22.606
9,17,12,40.34,23.532
9,18,12,41.347,24.119
9,19,12,41.692,24.32
9,20,12,41.347,24.119
9,21,12,40.34,23.532
9,22,12,38.753,22.606
9,23,12,36.708,21.413
9,24,12,34.354,20.04
9,1,13,16.955,9.89
9,2,13,17.129,9.992
9,3,13,17.391,10.145
9,4,13,17.776,10.369
9,5,13,18.321,10.687
9,6,13,19.069,11.124
9,7,13,20.062,11.703
9,8,13,21.337,12.446
9,9,13,22.915,13.367
9,10,13,24.798,14.466
9,11,13,26.961,15.727
9,12,13,29.343,17.117
9,13,13,31.849,18.579
9,14,13,34.354,20.04
9,15,13,36.708,21.413
9,16,13,38.753,22.606
9,17,13,40.34,23.532
9,18,13,41.347,24.119
9,19,13,41.692,24.32
9,20,13,41.347,24.119
9,21,13,40.34,23.532
9,22,13,38.753,22.606
9,23,13,36.708,21.413
9,24,13,34.354,20.04
9,1,14,33.91,22.606
9,2,14,34.257,22.838
9,3,14,34.783,23.189
9,4,14,35.552,23.701
9,5,14,36.642,24.428
9,6,14,38.138,25.426
9,7,14,40.125,26.75
9,8,14,42.673,28.449
9,9,14,45.829,30.553
9,10,14,49.596,33.064
9,11,14,53.922,35.948
9,12,14,58.686,39.124
9,13,14,63.699,42.466
9,14,14,68.708,45.805
9,15,14,73.415,48.943
9,16,14,77.506,51.67
9,17,14,80.681,53.787
9,18,14,82.694,55.13
9,19,14,83.384,55.59
9,20,14,82.694,55.13
9,21,14,80.681,53.787
9,22,14,77.506,51.67
9,23,14,73.415,48.943
9,24,14,68.708,45.805
9,1,15,16.955,2.826
9,2,15,17.129,2.855
9,3,15,17.391,2.899
9,4,15,17.776,2.963
9,5,15,18.321,3.054
9,6,15,19.069,3.178
9,7,15,20.062,3.344
9,8,15,21.337,3.556
9,9,15,22.915,3.819
9,10,15,24.798,4.133
9,11,15,26.961,4.494
9,12,15,29.343,4.891
9,13,15,31.849,5.308
9,14,15,34.354,5.726
9,15,15,36.708,6.118
9,16,15,38.753,6.459
9,17,15,40.34,6.723
9,18,15,41.347,6.891
9,19,15,41.692,6.949
9,20,15,41.347,6.891
9,21,15,40.34,6.723
9,22,15,38.753,6.459
9,23,15,36.708,6.118
9,24,15,34.354,5.726
9,1,16,16.955,5.652
9,2,16,17.129,5.71
9,3,16,17.391,5.797
9,4,16,17.776,5.925
9,5,16,18.321,6.107
9,6,16,19.069,6.356
9,7,16,20.062,6.687
9,8,16,21.337,7.112
9,9,16,22.915,7.638
9,10,16,24.798,8.266
9,11,16,26.961,8.987
9,12,16,29.343,9.781
9,13,16,31.849,10.616
9,14,16,34.354,11.451
9,15,16,36.708,12.236
9,16,16,38.753,12.918
9,17,16,40.34,13.447
9,18,16,41.347,13.782
9,19,16,41.692,13.897
9,20,16,41.347,13.782
9,21,16,40.34,13.447
9,22,16,38.753,12.918
9,23,16,36.708,12.236
9,24,16,34.354,11.451
9,1,17,16.955,5.652
9,2,17,17.129,5.71
9,3,17,17.391,5.797
9,4,17,17.776,5.925
9,5,17,18.321,6.107
9,6,17,19.069,6.356
9,7,17,20.062,6.687
9,8,17,21.337,7.112
9,9,17,22.915,7.638
9,10,17,24.798,8.266
9,11,17,26.961,8.987
9,12,17,29.343,9.781
9,13,17,31.849,10.616
9,14,17,34.354,11.451
9,15,17,36.708,12.236
9,16,17,38.753,12.918
9,17,17,40.34,13.447
9,18,17,41.347,13.782
9,19,17,41.692,13.897
9,20,17,41.347,13.782
9,21,17,40.34,13.447
9,22,17,38.753,12.918
9,23,17,36.708,12.236
9,24,17,34.354,11.451
9,1,18,25.432,11.303
9,2,18,25.693,11.419
9,3,18,26.087,11.594
9,4,18,26.664,11.851
9,5,18,27.482,12.214
9,6,18,28.604,12.713
9,7,18,30.094,13.375
9,8,18,32.005,14.224
9,9,18,34.372,15.276
9,10,18,37.197,16.532
9,11,18,40.442,17.974
9,12,18,44.015,19.562
9,13,18,47.774,21.233
9,14,18,51.531,22.903
9,15,18,55.061,24.472
9,16,18,58.129,25.835
9,17,18,60.511,26.894
9,18,18,62.021,27.565
9,19,18,62.538,27.795
9,20,18,62.021,27.565
9,21,18,60.511,26.894
9,22,18,58.129,25.835
9,23,18,55.061,24.472
9,24,18,51.531,22.903
9,1,19,25.432,11.303
9,2,19,25.693,11.419
9,3,19,26.087,11.594
9,4,19,26.664,11.851
9,5,19,27.482,12.214
9,6,19,28.604,12.713
9,7,19,30.094,13.375
9,8,19,32.005,14.224
9,9,19,34.372,15.276
9,10,19,37.197,16.532
9,11,19,40.442,17.974
9,12,19,44.015,19.562
9,13,19,47.774,21.233
9,14,19,51.531,22.903
9,15,19,55.061,24.472
9,16,19,58.129,25.835
9,17,19,60.511,26.894
9,18,19,62.021,27.565
9,19,19,62.538,27.795
9,20,19,62.021,27.565
9,21,19,60.511,26.894
9,22,19,58.129,25.835
9,23,19,55.061,24.472
9,24,19,51.531,22.903
9,1,20,25.432,11.303
9,2,20,25.693,11.419
9,3,20,26.087,11.594
9,4,20,26.664,11.851
9,5,20,27.482,12.214
9,6,20,28.604,12.713
9,7,20,30.094,13.375
9,8,20,32.005,14.224
9,9,20,34.372,15.276
9,10,20,37.197,16.532
9,11,20,40.442,17.974
9,12,20,44.015,19.562
9,13,20,47.774,21.233
9,14,20,51.531,22.903
9,15,20,55.061,24.472
9,16,20,58.129,25.835
9,17,20,60.511,26.894
9,18,20,62.021,27.565
9,19,20,62.538,27.795
9,20,20,62.021,27.565
9,21,20,60.511,26.894
9,22,20,58.129,25.835
9,23,20,55.061,24.472
9,24,20,51.531,22.903
9,1,21,25.432,11.303
9,2,21,25.693,11.419
9,3,21,26.087,11.594
9,4,21,26.664,11.851
9,5,21,27.482,12.214
9,6,21,28.604,12.713
9,7,21,30.094,13.375
9,8,21,32.005,14.224
9,9,21,34.372,15.276
9,10,21,37.197,16.532
9,11,21,40.442,17.974
9,12,21,44.015,19.562
9,13,21,47.774,21.233
9,14,21,51.531,22.903
9,15,21,55.061,24.472
9,16,21,58.129,25.835
9,17,21,60.511,26.894
9,18,21,62.021,27.565
9,19,21,62.538,27.795
9,20,21,62.021,27.565
9,21,21,60.511,26.894
9,22,21,58.129,25.835
9,23,21,55.061,24.472
9,24,21,51.531,22.903
9,1,22,25.432,11.303
9,2,22,25.693,11.419
9,3,22,26.087,11.594
9,4,22,26.664,11.851
9,5,22,27.482,12.214
9,6,22,28.604,12.713
9,7,22,30.094,13.375
9,8,22,32.005,14.224
9,9,22,34.372,15.276
9,10,22,37.197,16.532
9,11,22,40.442,17.974
9,12,22,44.015,19.562
9,13,22,47.774,21.233
9,14,22,51.531,22.903
9,15,22,55.061,24.472
9,16,22,58.129,25.835
9,17,22,60.511,26.894
9,18,22,62.021,27.565
9,19,22,62.538,27.795
9,20,22,62.021,27.565
9,21,22,60.511,26.894
9,22,22,58.129,25.835
9,23,22,55.061,24.472
9,24,22,51.531,22.903
9,1,23,25.432,14.129
9,2,23,25.693,14.274
9,3,23,26.087,14.493
9,4,23,26.664,14.813
9,5,23,27.482,15.268
9,6,23,28.604,15.891
9,7,23,30.094,16.719
9,8,23,32.005,17.78
9,9,23,34.372,19.095
9,10,23,37.197,20.665
9,11,23,40.442,22.468
9,12,23,44.015,24.453
9,13,23,47.774,26.541
9,14,23,51.531,28.628
9,15,23,55.061,30.59
9,16,23,58.129,32.294
9,17,23,60.511,33.617
9,18,23,62.021,34.456
9,19,23,62.538,34.744
9,20,23,62.021,34.456
9,21,23,60.511,33.617
9,22,23,58.129,32.294
9,23,23,55.061,30.59
9,24,23,51.531,28.628
9,1,24,118.684,56.516
9,2,24,119.901,57.096
9,3,24,121.74,57.972
9,4,24,124.432,59.253
9,5,24,128.248,61.07
9,6,24,133.485,63.564
9,7,24,140.436,66.874
9,8,24,149.356,71.122
9,9,24,160.402,76.382
9,10,24,173.587,82.661
9,11,24,188.727,89.87
9,12,24,205.401,97.81
9,13,24,222.946,106.165
9,14,24,240.478,114.513
9,15,24,256.953,122.359
9,16,24,271.27,129.176
9,17,24,282.383,134.468
9,18,24,289.43,137.824
9,19,24,291.846,138.974
9,20,24,289.43,137.824
9,21,24,282.383,134.468
9,22,24,271.27,129.176
9,23,24,256.953,122.359
9,24,24,240.478,114.513
9,1,25,118.684,56.516
9,2,25,119.901,57.096
9,3,25,121.74,57.972
9,4,25,124.432,59.253
9,5,25,128.248,61.07
9,6,25,133.485,63.564
9,7,25,140.436,66.874
9,8,25,149.356,71.122
9,9,25,160.402,76.382
9,10,25,173.587,82.661
9,11,25,188.727,89.87
9,12,25,205.401,97.81
9,13,25,222.946,106.165
9,14,25,240.478,114.513
9,15,25,256.953,122.359
9,16,25,271.27,129.176
9,17,25,282.383,134.468
9,18,25,289.43,137.824
9,19,25,291.846,138.974
9,20,25,289.43,137.824
9,21,25,282.383,134.468
9,22,25,271.27,129.176
9,23,25,256.953,122.359
9,24,25,240.478,114.513
9,1,26,16.955,7.064
9,2,26,17.129,7.137
9,3,26,17.391,7.246
9,4,26,17.776,7.407
9,5,26,18.321,7.634
9,6,26,19.069,7.946
9,7,26,20.062,8.359
9,8,26,21.337,8.89
9,9,26,22.915,9.548
9,10,26,24.798,10.333
9,11,26,26.961,11.234
9,12,26,29.343,12.226
9,13,26,31.849,13.271
9,14,26,34.354,14.314
9,15,26,36.708,15.295
9,16,26,38.753,16.147
9,17,26,40.34,16.808
9,18,26,41.347,17.228
9,19,26,41.692,17.372
9,20,26,41.347,17.228
9,21,26,40.34,16.808
9,22,26,38.753,16.147
9,23,26,36.708,15.295
9,24,26,34.354,14.314
9,1,27,16.955,7.064
9,2,27,17.129,7.137
9,3,27,17.391,7.246
9,4,27,17.776,7.407
9,5,27,18.321,7.634
9,6,27,19.069,7.946
9,7,27,20.062,8.359
9,8,27,21.337,8.89
9,9,27,22.915,9.548
9,10,27,24.798,10.333
9,11,27,26.961,11.234
9,12,27,29.343,12.226
9,13,27,31.849,13.271
9,14,27,34.354,14.314
9,15,27,36.708,15.295
9,16,27,38.753,16.147
9,17,27,40.34,16.808
9,18,27,41.347,17.228
9,19,27,41.692,17.372
9,20,27,41.347,17.228
9,21,27,40.34,16.808
9,22,27,38.753,16.147
9,23,27,36.708,15.295
9,24,27,34.354,14.314
9,1,28,16.955,5.652
9,2,28,17.129,5.71
9,3,28,17.391,5.797
9,4,28,17.776,5.925
9,5,28,18.321,6.107
9,6,28,19.069,6.356
9,7,28,20.062,6.687
9,8,28,21.337,7.112
9,9,28,22.915,7.638
9,10,28,24.798,8.266
9,11,28,26.961,8.987
9,12,28,29.343,9.781
9,13,28,31.849,10.616
9,14,28,34.354,11.451
9,15,28,36.708,12.236
9,16,28,38.753,12.918
9,17,28,40.34,13.447
9,18,28,41.347,13.782
9,19,28,41.692,13.897
9,20,28,41.347,13.782
9,21,28,40.34,13.447
9,22,28,38.753,12.918
9,23,28,36.708,12.236
9,24,28,34.354,11.451
9,1,29,33.91,19.781
9,2,29,34.257,19.984
9,3,29,34.783,20.29
9,4,29,35.552,20.739
9,5,29,36.642,21.375
9,6,29,38.138,22.247
9,7,29,40.125,23.406
9,8,29,42.673,24.893
9,9,29,45.829,26.734
9,10,29,49.596,28.931
9,11,29,53.922,31.455
9,12,29,58.686,34.234
9,13,29,63.699,37.158
9,14,29,68.708,40.08
9,15,29,73.415,42.826
9,16,29,77.506,45.212
9,17,29,80.681,47.064
9,18,29,82.694,48.238
9,19,29,83.384,48.641
9,20,29,82.694,48.238
9,21,29,80.681,47.064
9,22,29,77.506,45.212
9,23,29,73.415,42.826
9,24,29,68.708,40.08
9,1,30,56.516,169.548
9,2,30,57.096,171.287
9,3,30,57.972,173.915
9,4,30,59.253,177.76
9,5,30,61.07,183.211
9,6,30,63.564,190.692
9,7,30,66.874,200.623
9,8,30,71.122,213.365
9,9,30,76.382,229.145
9,10,30,82.661,247.982
9,11,30,89.87,269.61
9,12,30,97.81,293.43
9,13,30,106.165,318.495
9,14,30,114.513,343.539
9,15,30,122.359,367.076
9,16,30,129.176,387.528
9,17,30,134.468,403.404
9,18,30,137.824,413.472
9,19,30,138.974,416.922
9,20,30,137.824,413.472
9,21,30,134.468,403.404
9,22,30,129.176,387.528
9,23,30,122.359,367.076
9,24,30,114.513,343.539
9,1,31,42.387,19.781
9,2,31,42.822,19.984
9,3,31,43.479,20.29
9,4,31,44.44,20.739
9,5,31,45.803,21.375
9,6,31,47.673,22.247
9,7,31,50.156,23.406
9,8,31,53.341,24.893
9,9,31,57.286,26.734
9,10,31,61.995,28.931
9,11,31,67.403,31.455
9,12,31,73.358,34.234
9,13,31,79.624,37.158
9,14,31,85.885,40.08
9,15,31,91.769,42.826
9,16,31,96.882,45.212
9,17,31,100.851,47.064
9,18,31,103.368,48.238
9,19,31,104.231,48.641
9,20,31,103.368,48.238
9,21,31,100.851,47.064
9,22,31,96.882,45.212
9,23,31,91.769,42.826
9,24,31,85.885,40.08
9,1,32,59.342,28.258
9,2,32,59.951,28.548
9,3,32,60.87,28.986
9,4,32,62.216,29.627
9,5,32,64.124,30.535
9,6,32,66.742,31.782
9,7,32,70.218,33.437
9,8,32,74.678,35.561
9,9,32,80.201,38.191
9,10,32,86.794,41.33
9,11,32,94.364,44.935
9,12,32,102.701,48.905
9,13,32,111.473,53.082
9,14,32,120.239,57.257
9,15,32,128.477,61.179
9,16,32,135.635,64.588
9,17,32,141.191,67.234
9,18,32,144.715,68.912
9,19,32,145.923,69.487
9,20,32,144.715,68.912
9,21,32,141.191,67.234
9,22,32,135.635,64.588
9,23,32,128.477,61.179
9,24,32,120.239,57.257
9,1,33,16.955,11.303
9,2,33,17.129,11.419
9,3,33,17.391,11.594
9,4,33,17.776,11.851
9,5,33,18.321,12.214
9,6,33,19.069,12.713
9,7,33,20.062,13.375
9,8,33,21.337,14.224
9,9,33,22.915,15.276
9,10,33,24.798,16.532
9,11,33,26.961,17.974
9,12,33,29.343,19.562
9,13,33,31.849,21.233
9,14,33,34.354,22.903
9,15,33,36.708,24.472
9,16,33,38.753,25.835
9,17,33,40.34,26.894
9,18,33,41.347,27.565
9,19,33,41.692,27.795
9,20,33,41.347,27.565
9,21,33,40.34,26.894
9,22,33,38.753,25.835
9,23,33,36.708,24.472
9,24,33,34.354,22.903
10,1,2,28.25,16.95
10,2,2,28.54,17.124
10,3,2,28.977,17.386
10,4,2,29.618,17.771
10,5,2,30.526,18.316
10,6,2,31.773,19.064
10,7,2,33.427,20.056
10,8,2,35.55,21.33
10,9,2,38.18,22.908
10,10,2,41.318,24.791
10,11,2,44.922,26.953
10,12,2,48.891,29.334
10,13,2,53.067,31.84
10,14,2,57.24,34.344
10,15,2,61.161,36.697
10,16,2,64.569,38.741
10,17,2,67.214,40.329
10,18,2,68.892,41.335
10,19,2,69.467,41.68
10,20,2,68.892,41.335
10,21,2,67.214,40.329
10,22,2,64.569,38.741
10,23,2,61.161,36.697
10,24,2,57.24,34.344
10,1,3,25.425,11.3
10,2,3,25.686,11.416
10,3,3,26.08,11.591
10,4,3,26.656,11.847
10,5,3,27.474,12.21
10,6,3,28.595,12.709
10,7,3,30.085,13.371
10,8,3,31.995,14.22
10,9,3,34.362,15.272
10,10,3,37.186,16.527
10,11,3,40.43,17.969
10,12,3,44.002,19.556
10,13,3,47.76,21.227
10,14,3,51.516,22.896
10,15,3,55.045,24.465
10,16,3,58.112,25.828
10,17,3,60.493,26.886
10,18,3,62.003,27.557
10,19,3,62.52,27.787
10,20,3,62.003,27.557
10,21,3,60.493,26.886
10,22,3,58.112,25.828
10,23,3,55.045,24.465
10,24,3,51.516,22.896
10,1,4,33.9,22.6
10,2,4,34.247,22.832
10,3,4,34.773,23.182
10,4,4,35.542,23.694
10,5,4,36.631,24.421
10,6,4,38.127,25.418
10,7,4,40.113,26.742
10,8,4,42.66,28.44
10,9,4,45.816,30.544
10,10,4,49.582,33.055
10,11,4,53.906,35.937
10,12,4,58.669,39.113
10,13,4,63.68,42.453
10,14,4,68.688,45.792
10,15,4,73.394,48.929
10,16,4,77.483,51.655
10,17,4,80.657,53.771
10,18,4,82.67,55.113
10,19,4,83.36,55.573
10,20,4,82.67,55.113
10,21,4,80.657,53.771
10,22,4,77.483,51.655
10,23,4,73.394,48.929
10,24,4,68.688,45.792
10,1,5,16.95,8.475
10,2,5,17.124,8.562
10,3,5,17.386,8.693
10,4,5,17.771,8.885
10,5,5,18.316,9.158
10,6,5,19.064,9.532
10,7,5,20.056,10.028
10,8,5,21.33,10.665
10,9,5,22.908,11.454
10,10,5,24.791,12.395
10,11,5,26.953,13.477
10,12,5,29.334,14.667
10,13,5,31.84,15.92
10,14,5,34.344,17.172
10,15,5,36.697,18.348
10,16,5,38.741,19.371
10,17,5,40.329,20.164
10,18,5,41.335,20.668
10,19,5,41.68,20.84
10,20,5,41.335,20.668
10,21,5,40.329,20.164
10,22,5,38.741,19.371
10,23,5,36.697,18.348
10,24,5,34.344,17.172
10,1,6,16.95,5.65
10,2,6,17.124,5.708
10,3,6,17.386,5.795
10,4,6,17.771,5.924
10,5,6,18.316,6.105
10,6,6,19.064,6.355
10,7,6,20.056,6.685
10,8,6,21.33,7.11
10,9,6,22.908,7.636
10,10,6,24.791,8.264
10,11,6,26.953,8.984
10,12,6,29.334,9.778
10,13,6,31.84,10.613
10,14,6,34.344,11.448
10,15,6,36.697,12.232
10,16,6,38.741,12.914
10,17,6,40.329,13.443
10,18,6,41.335,13.778
10,19,6,41.68,13.893
10,20,6,41.335,13.778
10,21,6,40.329,13.443
10,22,6,38.741,12.914
10,23,6,36.697,12.232
10,24,6,34.344,11.448
10,1,7,56.499,28.25
10,2,7,57.079,28.54
10,3,7,57.954,28.977
10,4,7,59.236,29.618
10,5,7,61.052,30.526
10,6,7,63.545,31.773
10,7,7,66.855,33.427
10,8,7,71.101,35.55
10,9,7,76.359,38.18
10,10,7,82.636,41.318
10,11,7,89.844,44.922
10,12,7,97.781,48.891
10,13,7,106.134,53.067
10,14,7,114.479,57.24
10,15,7,122.323,61.161
10,16,7,129.138,64.569
10,17,7,134.428,67.214
10,18,7,137.783,68.892
10,19,7,138.933,69.467
10,20,7,137.783,68.892
10,21,7,134.428,67.214
10,22,7,129.138,64.569
10,23,7,122.323,61.161
10,24,7,114.479,57.24
10,1,8,56.499,28.25
10,2,8,57.079,28.54
10,3,8,57.954,28.977
10,4,8,59.236,29.618
10,5,8,61.052,30.526
10,6,8,63.545,31.773
10,7,8,66.855,33.427
10,8,8,71.101,35.55
10,9,8,76.359,38.18
10,10,8,82.636,41.318
10,11,8,89.844,44.922
10,12,8,97.781,48.891
10,13,8,106.134,53.067
10,14,8,114.479,57.24
10,15,8,122.323,61.161
10,16,8,129.138,64.569
10,17,8,134.428,67.214
10,18,8,137.783,68.892
10,19,8,138.933,69.467
10,20,8,137.783,68.892
10,21,8,134.428,67.214
10,22,8,129.138,64.569
10,23,8,122.323,61.161
10,24,8,114.479,57.24
10,1,9,16.95,5.65
10,2,9,17.124,5.708
10,3,9,17.386,5.795
10,4,9,17.771,5.924
10,5,9,18.316,6.105
10,6,9,19.064,6.355
10,7,9,20.056,6.685
10,8,9,21.33,7.11
10,9,9,22.908,7.636
10,10,9,24.791,8.264
10,11,9,26.953,8.984
10,12,9,29.334,9.778
10,13,9,31.84,10.613
10,14,9,34.344,11.448
10,15,9,36.697,12.232
10,16,9,38.741,12.914
10,17,9,40.329,13.443
10,18,9,41.335,13.778
10,19,9,41.68,13.893
10,20,9,41.335,13.778
10,21,9,40.329,13.443
10,22,9,38.741,12.914
10,23,9,36.697,12.232
10,24,9,34.344,11.448
10,1,10,16.95,5.65
10,2,10,17.124,5.708
10,3,10,17.386,5.795
10,4,10,17.771,5.924
10,5,10,18.316,6.105
10,6,10,19.064,6.355
10,7,10,20.056,6.685
10,8,10,21.33,7.11
10,9,10,22.908,7.636
10,10,10,24.791,8.264
10,11,10,26.953,8.984
10,12,10,29.334,9.778
10,13,10,31.84,10.613
10,14,10,34.344,11.448
10,15,10,36.697,12.232
10,16,10,38.741,12.914
10,17,10,40.329,13.443
10,18,10,41.335,13.778
10,19,10,41.68,13.893
10,20,10,41.335,13.778
10,21,10,40.329,13.443
10,22,10,38.741,12.914
10,23,10,36.697,12.232
10,24,10,34.344,11.448
10,1,11,12.712,8.475
10,2,11,12.843,8.562
10,3,11,13.04,8.693
10,4,11,13.328,8.885
10,5,11,13.737,9.158
10,6,11,14.298,9.532
10,7,11,15.042,10.028
10,8,11,15.998,10.665
10,9,11,17.181,11.454
10,10,11,18.593,12.395
10,11,11,20.215,13.477
10,12,11,22.001,14.667
10,13,11,23.88,15.92
10,14,11,25.758,17.172
10,15,11,27.523,18.348
10,16,11,29.056,19.371
10,17,11,30.246,20.164
10,18,11,31.001,20.668
10,19,11,31.26,20.84
10,20,11,31.001,20.668
10,21,11,30.246,20.164
10,22,11,29.056,19.371
10,23,11,27.523,18.348
10,24,11,25.758,17.172
10,1,12,16.95,9.887
10,2,12,17.124,9.989
10,3,12,17.386,10.142
10,4,12,17.771,10.366
10,5,12,18.316,10.684
10,6,12,19.064,11.12
10,7,12,20.056,11.7
10,8,12,21.33,12.443
10,9,12,22.908,13.363
10,10,12,24.791,14.461
10,11,12,26.953,15.723
10,12,12,29.334,17.112
10,13,12,31.84,18.573
10,14,12,34.344,20.034
10,15,12,36.697,21.406
10,16,12,38.741,22.599
10,17,12,40.329,23.525
10,18,12,41.335,24.112
10,19,12,41.68,24.313
10,20,12,41.335,24.112
10,21,12,40.329,23.525
10,22,12,38.741,22.599
10,23,12,36.697,21.406
10,24,12,34.344,20.034
10,1,13,16.95,9.887
10,2,13,17.124,9.989
10,3,13,17.386,10.142
10,4,13,17.771,10.366
10,5,13,18.316,10.684
10,6,13,19.064,11.12
10,7,13,20.056,11.7
10,8,13,21.33,12.443
10,9,13,22.908,13.363
10,10,13,24.791,14.461
10,11,13,26.953,15.723
10,12,13,29.334,17.112
10,13,13,31.84,18.573
10,14,13,34.344,20.034
10,15,13,36.697,21.406
10,16,13,38.741,22.599
10,17,13,40.329,23.525
10,18,13,41.335,24.112
10,19,13,41.68,24.313
10,20,13,41.335,24.112
10,21,13,40.329,23.525
10,22,13,38.741,22.599
10,23,13,36.697,21.406
10,24,13,34.344,20.034
10,1,14,33.9,22.6
10,2,14,34.247,22.832
10,3,14,34.773,23.182
10,4,14,35.542,23.694
10,5,14,36.631,24.421
10,6,14,38.127,25.418
10,7,14,40.113,26.742
10,8,14,42.66,28.44
10,9,14,45.816,30.544
10,10,14,49.582,33.055
10,11,14,53.906,35.937
10,12,14,58.669,39.113
10,13,14,63.68,42.453
10,14,14,68.688,45.792
10,15,14,73.394,48.929
10,16,14,77.483,51.655
10,17,14,80.657,53.771
10,18,14,82.67,55.113
10,19,14,83.36,55.573
10,20,14,82.67,55.113
10,21,14,80.657,53.771
10,22,14,77.483,51.655
10,23,14,73.394,48.929
10,24,14,68.688,45.792
10,1,15,16.95,2.825
10,2,15,17.124,2.854
10,3,15,17.386,2.898
10,4,15,17.771,2.962
10,5,15,18.316,3.053
10,6,15,19.064,3.177
10,7,15,20.056,3.343
10,8,15,21.33,3.555
10,9,15,22.908,3.818
10,10,15,24.791,4.132
10,11,15,26.953,4.492
10,12,15,29.334,4.889
10,13,15,31.84,5.307
10,14,15,34.344,5.724
10,15,15,36.697,6.116
10,16,15,38.741,6.457
10,17,15,40.329,6.721
10,18,15,41.335,6.889
10,19,15,41.68,6.947
10,20,15,41.335,6.889
10,21,15,40.329,6.721
10,22,15,38.741,6.457
10,23,15,36.697,6.116
10,24,15,34.344,5.724
10,1,16,16.95,5.65
10,2,16,17.124,5.708
10,3,16,17.386,5.795
10,4,16,17.771,5.924
10,5,16,18.316,6.105
10,6,16,19.064,6.355
10,7,16,20.056,6.685
10,8,16,21.33,7.11
10,9,16,22.908,7.636
10,10,16,24.791,8.264
10,11,16,26.953,8.984
10,12,16,29.334,9.778
10,13,16,31.84,10.613
10,14,16,34.344,11.448
10,15,16,36.697,12.232
10,16,16,38.741,12.914
10,17,16,40.329,13.443
10,18,16,41.335,13.778
10,19,16,41.68,13.893
10,20,16,41.335,13.778
10,21,16,40.329,13.443
10,22,16,38.741,12.914
10,23,16,36.697,12.232
10,24,16,34.344,11.448
10,1,17,16.95,5.65
10,2,17,17.124,5.708
10,3,17,17.386,5.795
10,4,17,17.771,5.924
10,5,17,18.316,6.105
10,6,17,19.064,6.355
10,7,17,20.056,6.685
10,8,17,21.33,7.11
10,9,17,22.908,7.636
10,10,17,24.791,8.264
10,11,17,26.953,8.984
10,12,17,29.334,9.778
10,13,17,31.84,10.613
10,14,17,34.344,11.448
10,15,17,36.697,12.232
10,16,17,38.741,12.914
10,17,17,40.329,13.443
10,18,17,41.335,13.778
10,19,17,41.68,13.893
10,20,17,41.335,13.778
10,21,17,40.329,13.443
10,22,17,38.741,12.914
10,23,17,36.697,12.232
10,24,17,34.344,11.448
10,1,18,25.425,11.3
10,2,18,25.686,11.416
10,3,18,26.08,11.591
10,4,18,26.656,11.847
10,5,18,27.474,12.21
10,6,18,28.595,12.709
10,7,18,30.085,13.371
10,8,18,31.995,14.22
10,9,18,34.362,15.272
10,10,18,37.186,16.527
10,11,18,40.43,17.969
10,12,18,44.002,19.556
10,13,18,47.76,21.227
10,14,18,51.516,22.896
10,15,18,55.045,24.465
10,16,18,58.112,25.828
10,17,18,60.493,26.886
10,18,18,62.003,27.557
10,19,18,62.52,27.787
10,20,18,62.003,27.557
10,21,18,60.493,26.886
10,22,18,58.112,25.828
10,23,18,55.045,24.465
10,24,18,51.516,22.896
10,1,19,25.425,11.3
10,2,19,25.686,11.416
10,3,19,26.08,11.591
10,4,19,26.656,11.847
10,5,19,27.474,12.21
10,6,19,28.595,12.709
10,7,19,30.085,13.371
10,8,19,31.995,14.22
10,9,19,34.362,15.272
10,10,19,37.186,16.527
10,11,19,40.43,17.969
10,12,19,44.002,19.556
10,13,19,47.76,21.227
10,14,19,51.516,22.896
10,15,19,55.045,24.465
10,16,19,58.112,25.828
10,17,19,60.493,26.886
10,18,19,62.003,27.557
10,19,19,62.52,27.787
10,20,19,62.003,27.557
10,21,19,60.493,26.886
10,22,19,58.112,25.828
10,23,19,55.045,24.465
10,24,19,51.516,22.896
10,1,20,25.425,11.3
10,2,20,25.686,11.416
10,3,20,26.08,11.591
10,4,20,26.656,11.847
10,5,20,27.474,12.21
10,6,20,28.595,12.709
10,7,20,30.085,13.371
10,8,20,31.995,14.22
10,9,20,34.362,15.272
10,10,20,37.186,16.527
10,11,20,40.43,17.969
10,12,20,44.002,19.556
10,13,20,47.76,21.227
10,14,20,51.516,22.896
10,15,20,55.045,24.465
10,16,20,58.112,25.828
10,17,20,60.493,26.886
10,18,20,62.003,27.557
10,19,20,62.52,27.787
10,20,20,62.003,27.557
10,21,20,60.493,26.886
10,22,20,58.112,25.828
10,23,20,55.045,24.465
10,24,20,51.516,22.896
10,1,21,25.425,11.3
10,2,21,25.686,11.416
10,3,21,26.08,11.591
10,4,21,26.656,11.847
10,5,21,27.474,12.21
10,6,21,28.595,12.709
10,7,21,30.085,13.371
10,8,21,31.995,14.22
10,9,21,34.362,15.272
10,10,21,37.186,16.527
10,11,21,40.43,17.969
10,12,21,44.002,19.556
10,13,21,47.76,21.227
10,14,21,51.516,22.896
10,15,21,55.045,24.465
10,16,21,58.112,25.828
10,17,21,60.493,26.886
10,18,21,62.003,27.557
10,19,21,62.52,27.787
10,20,21,62.003,27.557
10,21,21,60.493,26.886
10,22,21,58.112,25.828
10,23,21,55.045,24.465
10,24,21,51.516,22.896
10,1,22,25.425,11.3
10,2,22,25.686,11.416
10,3,22,26.08,11.591
10,4,22,26.656,11.847
10,5,22,27.474,12.21
10,6,22,28.595,12.709
10,7,22,30.085,13.371
10,8,22,31.995,14.22
10,9,22,34.362,15.272
10,10,22,37.186,16.527
10,11,22,40.43,17.969
10,12,22,44.002,19.556
10,13,22,47.76,21.227
10,14,22,51.516,22.896
10,15,22,55.045,24.465
10,16,22,58.112,25.828
10,17,22,60.493,26.886
10,18,22,62.003,27.557
10,19,22,62.52,27.787
10,20,22,62.003,27.557
10,21,22,60.493,26.886
10,22,22,58.112,25.828
10,23,22,55.045,24.465
10,24,22,51.516,22.896
10,1,23,25.425,14.125
10,2,23,25.686,14.27
10,3,23,26.08,14.489
10,4,23,26.656,14.809
10,5,23,27.474,15.263
10,6,23,28.595,15.886
10,7,23,30.085,16.714
10,8,23,31.995,17.775
10,9,23,34.362,19.09
10,10,23,37.186,20.659
10,11,23,40.43,22.461
10,12,23,44.002,24.445
10,13,23,47.76,26.533
10,14,23,51.516,28.62
10,15,23,55.045,30.581
10,16,23,58.112,32.285
10,17,23,60.493,33.607
10,18,23,62.003,34.446
10,19,23,62.52,34.733
10,20,23,62.003,34.446
10,21,23,60.493,33.607
10,22,23,58.112,32.285
10,23,23,55.045,30.581
10,24,23,51.516,28.62
10,1,24,118.649,56.499
10,2,24,119.866,57.079
10,3,24,121.704,57.954
10,4,24,124.395,59.236
10,5,24,128.21,61.052
10,6,24,133.445,63.545
10,7,24,140.395,66.855
10,8,24,149.312,71.101
10,9,24,160.354,76.359
10,10,24,173.536,82.636
10,11,24,188.671,89.844
10,12,24,205.341,97.781
10,13,24,222.881,106.134
10,14,24,240.407,114.479
10,15,24,256.878,122.323
10,16,24,271.19,129.138
10,17,24,282.3,134.428
10,18,24,289.345,137.783
10,19,24,291.76,138.933
10,20,24,289.345,137.783
10,21,24,282.3,134.428
10,22,24,271.19,129.138
10,23,24,256.878,122.323
10,24,24,240.407,114.479
10,1,25,118.649,56.499
10,2,25,119.866,57.079
10,3,25,121.704,57.954
10,4,25,124.395,59.236
10,5,25,128.21,61.052
10,6,25,133.445,63.545
10,7,25,140.395,66.855
10,8,25,149.312,71.101
10,9,25,160.354,76.359
10,10,25,173.536,82.636
10,11,25,188.671,89.844
10,12,25,205.341,97.781
10,13,25,222.881,106.134
10,14,25,240.407,114.479
10,15,25,256.878,122.323
10,16,25,271.19,129.138
10,17,25,282.3,134.428
10,18,25,289.345,137.783
10,19,25,291.76,138.933
10,20,25,289.345,137.783
10,21,25,282.3,134.428
10,22,25,271.19,129.138
10,23,25,256.878,122.323
10,24,25,240.407,114.479
10,1,26,16.95,7.062
10,2,26,17.124,7.135
10,3,26,17.386,7.244
10,4,26,17.771,7.404
10,5,26,18.316,7.632
10,6,26,19.064,7.943
10,7,26,20.056,8.357
10,8,26,21.33,8.888
10,9,26,22.908,9.545
10,10,26,24.791,10.33
10,11,26,26.953,11.23
10,12,26,29.334,12.223
10,13,26,31.84,13.267
10,14,26,34.344,14.31
10,15,26,36.697,15.29
10,16,26,38.741,16.142
10,17,26,40.329,16.804
10,18,26,41.335,17.223
10,19,26,41.68,17.367
10,20,26,41.335,17.223
10,21,26,40.329,16.804
10,22,26,38.741,16.142
10,23,26,36.697,15.29
10,24,26,34.344,14.31
10,1,27,16.95,7.062
10,2,27,17.124,7.135
10,3,27,17.386,7.244
10,4,27,17.771,7.404
10,5,27,18.316,7.632
10,6,27,19.064,7.943
10,7,27,20.056,8.357
10,8,27,21.33,8.888
10,9,27,22.908,9.545
10,10,27,24.791,10.33
10,11,27,26.953,11.23
10,12,27,29.334,12.223
10,13,27,31.84,13.267
10,14,27,34.344,14.31
10,15,27,36.697,15.29
10,16,27,38.741,16.142
10,17,27,40.329,16.804
10,18,27,41.335,17.223
10,19,27,41.68,17.367
10,20,27,41.335,17.223
10,21,27,40.329,16.804
10,22,27,38.741,16.142
10,23,27,36.697,15.29
10,24,27,34.344,14.31
10,1,28,16.95,5.65
10,2,28,17.124,5.708
10,3,28,17.386,5.795
10,4,28,17.771,5.924
10,5,28,18.316,6.105
10,6,28,19.064,6.355
10,7,28,20.056,6.685
10,8,28,21.33,7.11
10,9,28,22.908,7.636
10,10,28,24.791,8.264
10,11,28,26.953,8.984
10,12,28,29.334,9.778
10,13,28,31.84,10.613
10,14,28,34.344,11.448
10,15,28,36.697,12.232
10,16,28,38.741,12.914
10,17,28,40.329,13.443
10,18,28,41.335,13.778
10,19,28,41.68,13.893
10,20,28,41.335,13.778
10,21,28,40.329,13.443
10,22,28,38.741,12.914
10,23,28,36.697,12.232
10,24,28,34.344,11.448
10,1,29,33.9,19.775
10,2,29,34.247,19.978
10,3,29,34.773,20.284
10,4,29,35.542,20.733
10,5,29,36.631,21.368
10,6,29,38.127,22.241
10,7,29,40.113,23.399
10,8,29,42.66,24.885
10,9,29,45.816,26.726
10,10,29,49.582,28.923
10,11,29,53.906,31.445
10,12,29,58.669,34.223
10,13,29,63.68,37.147
10,14,29,68.688,40.068
10,15,29,73.394,42.813
10,16,29,77.483,45.198
10,17,29,80.657,47.05
10,18,29,82.67,48.224
10,19,29,83.36,48.627
10,20,29,82.67,48.224
10,21,29,80.657,47.05
10,22,29,77.483,45.198
10,23,29,73.394,42.813
10,24,29,68.688,40.068
10,1,30,56.499,169.498
10,2,30,57.079,171.237
10,3,30,57.954,173.863
10,4,30,59.236,177.708
10,5,30,61.052,183.157
10,6,30,63.545,190.636
10,7,30,66.855,200.564
10,8,30,71.101,213.302
10,9,30,76.359,229.078
10,10,30,82.636,247.909
10,11,30,89.844,269.531
10,12,30,97.781,293.344
10,13,30,106.134,318.401
10,14,30,114.479,343.438
10,15,30,122.323,366.968
10,16,30,129.138,387.414
10,17,30,134.428,403.285
10,18,30,137.783,413.35
10,19,30,138.933,416.8
10,20,30,137.783,413.35
10,21,30,134.428,403.285
10,22,30,129.138,387.414
10,23,30,122.323,366.968
10,24,30,114.479,343.438
10,1,31,42.374,19.775
10,2,31,42.809,19.978
10,3,31,43.466,20.284
10,4,31,44.427,20.733
10,5,31,45.789,21.368
10,6,31,47.659,22.241
10,7,31,50.141,23.399
10,8,31,53.326,24.885
10,9,31,57.269,26.726
10,10,31,61.977,28.923
10,11,31,67.383,31.445
10,12,31,73.336,34.223
10,13,31,79.6,37.147
10,14,31,85.86,40.068
10,15,31,91.742,42.813
10,16,31,96.854,45.198
10,17,31,100.821,47.05
10,18,31,103.338,48.224
10,19,31,104.2,48.627
10,20,31,103.338,48.224
10,21,31,100.821,47.05
10,22,31,96.854,45.198
10,23,31,91.742,42.813
10,24,31,85.86,40.068
10,1,32,59.324,28.25
10,2,32,59.933,28.54
10,3,32,60.852,28.977
10,4,32,62.198,29.618
10,5,32,64.105,30.526
10,6,32,66.723,31.773
10,7,32,70.198,33.427
10,8,32,74.656,35.55
10,9,32,80.177,38.18
10,10,32,86.768,41.318
10,11,32,94.336,44.922
10,12,32,102.67,48.891
10,13,32,111.44,53.067
10,14,32,120.203,57.24
10,15,32,128.439,61.161
10,16,32,135.595,64.569
10,17,32,141.15,67.214
10,18,32,144.673,68.892
10,19,32,145.88,69.467
10,20,32,144.673,68.892
10,21,32,141.15,67.214
10,22,32,135.595,64.569
10,23,32,128.439,61.161
10,24,32,120.203,57.24
10,1,33,16.95,11.3
10,2,33,17.124,11.416
10,3,33,17.386,11.591
10,4,33,17.771,11.847
10,5,33,18.316,12.21
10,6,33,19.064,12.709
10,7,33,20.056,13.371
10,8,33,21.33,14.22
10,9,33,22.908,15.272
10,10,33,24.791,16.527
10,11,33,26.953,17.969
10,12,33,29.334,19.556
10,13,33,31.84,21.227
10,14,33,34.344,22.896
10,15,33,36.697,24.465
10,16,33,38.741,25.828
10,17,33,40.329,26.886
10,18,33,41.335,27.557
10,19,33,41.68,27.787
10,20,33,41.335,27.557
10,21,33,40.329,26.886
10,22,33,38.741,25.828
10,23,33,36.697,24.465
10,24,33,34.344,22.896
