run_id,A,B,K,iteration,violation,master_solve_seconds,separation_solve_seconds,cut_generation_seconds,separation_mip_gap,separation_node_count,total_cut_count_after,first_stage_plan_changed,repeated_cut_signature_flag,repeated_outage_flag,selected_outage_active_lines
full_benders_A10_B005_K02_top003,10,5,2,0,53631.87490599591,2.9163813750000003,2.0250551660000005,0.2985782499999994,4.968028210669134e-15,674.0,4,True,False,False,line_03_23;line_06_07
full_benders_A10_B005_K02_top003,10,5,2,1,42043.43667399994,2.879644959000001,3.0453201250000017,0.28650195800000056,0.01095658657899577,1185.0,7,True,False,False,line_01_02;line_03_23
full_benders_A10_B005_K02_top003,10,5,2,2,31640.47813600104,2.317493917,2.7399796669999983,0.3255307080000023,8.158739698539895e-14,1497.0,10,False,False,False,line_02_03;line_02_19
full_benders_A10_B005_K02_top003,10,5,2,3,27033.68433399673,2.577737625000001,3.1641019160000035,0.2831568329999996,3.732011220145025e-14,1519.0,13,True,False,False,line_10_11;line_17_18
full_benders_A10_B005_K02_top003,10,5,2,4,31212.265695999027,4.791497749999998,2.6869367919999974,0.2810744170000028,1.564667946068217e-13,1539.0,16,True,False,False,line_06_26;line_31_32
full_benders_A10_B005_K02_top003,10,5,2,5,26438.3169399997,5.553043833,2.688969249000003,0.2880023749999978,6.378984535735131e-14,1223.0,19,False,False,False,line_06_07;line_08_09
full_benders_A10_B005_K02_top003,10,5,2,6,23543.445853851445,13.098698749999997,2.285201585000003,0.28856616699999904,2.9050123757536416e-14,1196.0,22,True,False,False,line_02_03;line_16_17
full_benders_A10_B005_K02_top003,10,5,2,7,20416.75639716105,9.147582666999995,3.724385249000008,0.28969537499999376,4.5615599094133234e-14,1522.0,25,False,False,False,line_28_29;line_31_32
full_benders_A10_B005_K02_top003,10,5,2,8,17130.1676960013,3.175626541999989,3.5509108749999996,0.2853610410000016,0.0,1431.0,28,False,False,False,line_03_23;line_04_05
full_benders_A10_B005_K02_top003,10,5,2,9,15795.59992799908,2.6748802080000047,3.688799623999998,0.3357689999999991,1.1194422734296605e-13,1668.0,31,False,False,False,line_14_15;line_20_21
full_benders_A10_B005_K02_top003,10,5,2,10,14125.581949999207,2.523711375000005,3.082876374999998,0.29430254199999695,9.889743777411566e-14,1536.0,34,False,False,False,line_05_06;line_15_16
full_benders_A10_B005_K02_top003,10,5,2,11,13017.39055799949,3.8498162500000035,3.4469267920000135,0.28269712499999855,1.553856902219152e-13,1753.0,37,False,False,False,line_06_26;line_15_16
full_benders_A10_B005_K02_top003,10,5,2,12,12119.294325999392,9.115761417000002,3.7442214170000057,0.33825162499999806,1.2066590987641626e-13,1719.0,40,True,False,False,line_05_06;line_16_17
full_benders_A10_B005_K02_top003,10,5,2,13,22223.578708120156,5.7570313330000005,2.535020043000003,0.2811590830000057,2.46259120711443e-14,1276.0,43,True,False,False,line_19_20;line_23_24
full_benders_A10_B005_K02_top003,10,5,2,14,13887.273869999568,5.084371916999999,3.334410584000011,0.2798091249999999,0.0,1577.0,46,False,False,False,line_28_29;line_29_30
full_benders_A10_B005_K02_top003,10,5,2,15,10935.977980002528,4.039100999999988,3.3020683739999868,0.28207741700001066,8.691521387551834e-14,1781.0,49,False,False,False,line_06_07;line_24_25
full_benders_A10_B005_K02_top003,10,5,2,16,10341.03583385609,4.3499911250000025,3.1842947499999923,0.3355633339999997,1.7701735137153308e-13,1707.0,52,True,False,False,line_08_09;line_13_14
full_benders_A10_B005_K02_top003,10,5,2,17,17877.56140399794,8.818410041999982,2.7603176659999917,0.30368670799998654,0.0020145544104181266,1190.0,55,False,False,False,line_12_13;line_16_17
full_benders_A10_B005_K02_top003,10,5,2,18,13489.368168835179,2.371257958000001,2.8873582089999843,0.34266720899998404,2.563069358819422e-13,1305.0,58,False,False,False,line_03_04;line_05_06
full_benders_A10_B005_K02_top003,10,5,2,19,11074.080344240647,2.3990884579999943,2.967782999000036,0.2802667089999886,8.375476407751144e-14,1445.0,61,False,False,False,line_03_23;line_20_21
full_benders_A10_B005_K02_top003,10,5,2,20,8955.92130199974,2.2218133750000106,2.969397791000006,0.29094079199998646,3.5746421192042766e-14,1625.0,64,False,False,False,line_20_21;line_24_25
full_benders_A10_B005_K02_top003,10,5,2,21,7826.255720000481,3.7196622079999884,3.1181830829999626,0.34498758399999474,1.5113442480899137e-14,1558.0,67,False,False,True,line_06_26;line_31_32
full_benders_A10_B005_K02_top003,10,5,2,22,7099.937864000065,4.300758374999987,2.8097412079999913,0.2958656659999974,1.0121991787045468e-10,1578.0,70,False,False,False,line_17_18;line_24_25
full_benders_A10_B005_K02_top003,10,5,2,23,6325.216238000285,6.084074291000007,3.1849239589999456,0.33908862499998804,0.0,1709.0,73,False,False,False,line_26_27;line_31_32
full_benders_A10_B005_K02_top003,10,5,2,24,4224.238731999998,7.079654457999993,2.7536507089999986,0.28389254100000016,3.0142533679180805e-14,1861.0,76,False,False,False,line_17_18;line_20_21
full_benders_A10_B005_K02_top003,10,5,2,25,3257.4464680001547,7.339879083,2.687064375999995,0.2891044169999759,7.52282465385244e-14,1993.0,79,False,False,False,line_29_30;line_30_31
full_benders_A10_B005_K02_top003,10,5,2,26,2304.81607853435,7.850061917000005,3.190490583000013,0.2906637920000037,0.0,2036.0,82,False,False,True,line_02_03;line_19_20
full_benders_A10_B005_K02_top003,10,5,2,27,1556.7871477033477,7.875657791000009,3.0993831659999955,0.29810279100001935,2.2016675366440542e-13,2041.0,85,False,False,False,line_02_19;line_05_06
full_benders_A10_B005_K02_top003,10,5,2,28,1154.9639084749506,6.186371041000001,2.9638092500000255,0.29907504199999835,0.0,2030.0,88,False,False,True,line_02_03;line_02_19
full_benders_A10_B005_K02_top003,10,5,2,29,588.216133001406,6.3751167499999895,3.028674749000004,0.29288754200001677,0.0,2196.0,91,False,False,True,line_05_06;line_23_24
full_benders_A10_B005_K02_top003,10,5,2,30,92.87930249865167,6.339270417000023,1.0114062910000143,0.0,1.6607607644655588e-11,762.0,91,,False,True,line_03_23;line_05_06
full_benders_A10_B010_K01_top003,10,10,1,0,33393.04866599897,2.7432865840019076,2.8657194590014115,0.571533709000505,0.015970700202906196,107.0,4,True,False,False,line_06_07
full_benders_A10_B010_K01_top003,10,10,1,1,26808.00810000577,2.7381587919990125,4.171598582001025,0.56741620899993,0.008883293866037418,117.0,7,True,False,False,line_12_13
full_benders_A10_B010_K01_top003,10,10,1,2,20464.573594000685,2.5789380409987643,3.8103122919965244,0.5714298749990121,0.01622969959357558,133.0,10,True,False,False,line_03_23
full_benders_A10_B010_K01_top003,10,10,1,3,14655.655723000767,2.9383999160017993,4.489643957000226,0.5887765840016073,0.0,157.0,13,False,False,False,line_03_04
full_benders_A10_B010_K01_top003,10,10,1,4,10243.594072000786,2.227835834000871,4.339493583000149,0.5940140410020831,0.0,165.0,16,True,False,False,line_05_06
full_benders_A10_B010_K01_top003,10,10,1,5,9374.993756000804,3.4462607090026722,4.422996917001001,0.5983814579994942,1.6001739830271452e-14,156.0,19,True,False,True,line_03_04
full_benders_A10_B010_K01_top003,10,10,1,6,6370.712920974533,2.0910316669978783,4.990599415999895,0.5831590829984634,0.0059903221063237,165.0,22,True,False,True,line_05_06
full_benders_A10_B010_K01_top003,10,10,1,7,3810.2661739997493,2.1729379589996825,4.4645094579973374,0.5916082500007178,2.7211326261040535e-14,164.0,25,True,False,True,line_03_23
full_benders_A10_B010_K01_top003,10,10,1,8,2355.7774760000466,2.065082290999271,4.807102708000457,0.5845939999999246,0.0,169.0,28,False,False,True,line_13_14
full_benders_A10_B010_K01_top003,10,10,1,9,1383.3472680000268,2.078476624999894,5.839695168000617,0.5856580409999879,0.0,175.0,31,False,False,False,line_32_33
full_benders_A10_B010_K01_top003,10,10,1,10,612.725098999952,2.037502749997657,5.937605541999801,0.584672083001351,0.0,177.0,34,False,False,False,line_20_21
full_benders_A10_B010_K01_top003,10,10,1,11,274.41614400001345,2.1124619580004946,4.991398416997981,0.5863334169989685,0.0,177.0,37,False,False,True,line_07_08
full_benders_A10_B010_K01_top003,10,10,1,12,240.8201010000048,2.1503737090024515,3.521446165999805,0.18810237499928917,0.0,120.0,38,False,False,False,line_28_29
full_benders_A10_B010_K01_top003,10,10,1,13,67.37313800000265,2.145965959000023,1.8489320420012518,0.0,0.0,59.0,38,,False,False,line_30_31
full_benders_A10_B010_K02_top003,10,10,2,0,53857.62225999747,2.8945435419999512,4.668252874999951,0.6220377909999684,0.0,665.0,4,True,False,False,line_03_23;line_06_07
full_benders_A10_B010_K02_top003,10,10,2,1,42396.514890997205,3.052283083999953,5.280657875999964,0.6153490840000018,4.5409520676738455e-14,1466.0,7,True,False,False,line_06_07;line_17_18
full_benders_A10_B010_K02_top003,10,10,2,2,41150.52932899856,4.9267700409999975,6.187591166000004,0.6384166250000476,6.008967285053198e-14,1679.0,10,True,False,False,line_01_02;line_19_20
full_benders_A10_B010_K02_top003,10,10,2,3,34656.756994997326,6.107595665999952,6.401179458999991,0.6001822500000458,5.2065964757693825e-14,1691.0,13,True,False,False,line_06_07;line_11_12
full_benders_A10_B010_K02_top003,10,10,2,4,32183.23991703044,2.3845834580000087,5.6827137920000155,0.6383709169999747,5.57604319827615e-14,1576.0,16,True,False,False,line_06_26;line_31_32
full_benders_A10_B010_K02_top003,10,10,2,5,28925.95668999554,3.539343334000023,8.761728291000054,0.6409937910000281,5.4550501503749405e-14,1027.0,19,True,False,False,line_06_07;line_09_10
full_benders_A10_B010_K02_top003,10,10,2,6,22105.13766100054,3.441819083999974,9.099153457999932,0.6605976250000367,0.0,1062.0,22,False,False,False,line_03_04;line_03_23
full_benders_A10_B010_K02_top003,10,10,2,7,17176.047509000156,2.872468083000001,8.227192540999965,0.662852541999996,9.107630182262276e-15,1204.0,25,False,False,False,line_04_05;line_23_24
full_benders_A10_B010_K02_top003,10,10,2,8,14781.71499300067,2.6809012919999873,7.560810582999977,0.6461039170000049,0.0,1302.0,28,True,False,False,line_28_29;line_29_30
full_benders_A10_B010_K02_top003,10,10,2,9,25880.14911778597,5.676570083999991,3.819779459000017,0.624138333000019,0.0,804.0,31,False,False,False,line_02_19;line_14_15
full_benders_A10_B010_K02_top003,10,10,2,10,21061.725450196944,2.3187727499999937,4.4968584169999986,0.6281792080000059,0.0,1067.0,34,False,False,False,line_03_23;line_14_15
full_benders_A10_B010_K02_top003,10,10,2,11,16391.98240980049,2.2403687920000266,4.498209958000075,0.6495979169999941,2.2726295119952215e-13,1257.0,37,False,False,False,line_01_02;line_15_16
full_benders_A10_B010_K02_top003,10,10,2,12,14999.267956428346,2.815678708000007,4.855941834000021,0.6019687499999691,2.566371071998527e-13,1067.0,40,True,False,False,line_03_04;line_05_06
full_benders_A10_B010_K02_top003,10,10,2,13,24811.47432499955,4.50776237499997,6.173580332999961,0.5859404999999924,0.0,1481.0,43,True,False,False,line_12_13;line_17_18
full_benders_A10_B010_K02_top003,10,10,2,14,17547.358929998823,7.948724667000022,6.7994652090000045,0.6464681669999663,0.0,1187.0,46,False,False,False,line_11_12;line_15_16
full_benders_A10_B010_K02_top003,10,10,2,15,16514.01981000007,2.5342536250000194,6.431301501000007,0.6435346250000293,0.0,1329.0,49,False,False,False,line_05_06;line_23_24
full_benders_A10_B010_K02_top003,10,10,2,16,15678.959783999846,5.561618292000048,7.064699082000004,0.6517904579999936,4.250536232642069e-14,1255.0,52,False,False,False,line_02_19;line_03_04
full_benders_A10_B010_K02_top003,10,10,2,17,12489.136829007795,5.172397125000032,6.989546917999974,0.6533700840000165,6.425176643782146e-14,1228.0,55,False,False,True,line_03_23;line_04_05
full_benders_A10_B010_K02_top003,10,10,2,18,14088.177884000106,4.981453915999964,7.356646375000025,0.6310948750000307,0.0,1335.0,58,True,False,False,line_20_21;line_23_24
full_benders_A10_B010_K02_top003,10,10,2,19,10806.581051345507,6.860614708000014,9.009190000000046,0.6432187080000062,0.0,1810.0,61,False,False,False,line_03_23;line_24_25
full_benders_A10_B010_K02_top003,10,10,2,20,8747.222154998788,5.746882165999978,9.271862250000027,0.6449843330000249,7.270283143400838e-14,1805.0,64,True,False,False,line_14_15;line_29_30
full_benders_A10_B010_K02_top003,10,10,2,21,14047.047028739646,11.228010208,7.18420925099997,0.6452769999999646,1.1748680967416416e-13,1589.0,67,False,False,False,line_06_07;line_14_15
full_benders_A10_B010_K02_top003,10,10,2,22,11047.356782269897,5.154980625000007,8.04945429199995,0.6477869999999939,6.384786604253008e-14,1958.0,70,True,False,False,line_02_19;line_20_21
full_benders_A10_B010_K02_top003,10,10,2,23,13445.787512849012,7.398511875000054,9.159794166999973,0.664323708999973,2.6515510731839973e-14,1298.0,73,False,False,False,line_02_03;line_20_21
full_benders_A10_B010_K02_top003,10,10,2,24,9862.255934000248,5.599152957999991,8.593299709000007,0.627280040999949,1.12166122512831e-13,1547.0,76,True,False,False,line_10_11;line_13_14
full_benders_A10_B010_K02_top003,10,10,2,25,22475.659054999065,14.302950499999952,7.754616374000079,0.6371931250000671,1.0373444249303993e-12,1439.0,79,False,False,False,line_07_08;line_08_09
full_benders_A10_B010_K02_top003,10,10,2,26,13043.069725103742,3.861380792000091,6.167814666999902,0.6629173329999958,1.032270619443885e-11,1248.0,82,False,False,False,line_01_02
full_benders_A10_B010_K02_top003,10,10,2,27,9870.88600799907,6.890420875000018,7.752876749000052,0.640231209000035,2.2405322707286666e-14,1559.0,85,True,False,False,line_14_15;line_17_18
full_benders_A10_B010_K02_top003,10,10,2,28,8220.519019,11.084666875000039,8.113405416999967,0.6613295839999864,2.6552913255354976e-14,1657.0,88,True,False,False,line_26_27;line_31_32
full_benders_A10_B010_K02_top003,10,10,2,29,12609.44079299987,10.231457083999999,7.7165448329999435,0.6433067919999758,9.271608862949753e-13,1429.0,91,False,False,False,line_06_07;line_19_20
full_benders_A10_B010_K02_top003,10,10,2,30,9761.826344016474,2.6304305840000097,7.7912698329998875,0.6479458750000049,0.0,1585.0,94,False,False,False,line_08_09;line_13_14
full_benders_A10_B010_K02_top003,10,10,2,31,8069.410202001047,4.313857417000008,7.601456749000022,0.6434245839999448,0.0,1693.0,97,True,False,True,line_06_26;line_27_28
full_benders_A10_B010_K02_top003,10,10,2,32,5721.099156195385,4.762822832999973,8.18975050000006,0.6569421250000005,3.1919364749764585e-14,1809.0,100,False,False,False,line_17_18;line_20_21
full_benders_A10_B010_K02_top003,10,10,2,33,6418.2823863022495,6.2648480839999365,7.311390667000069,0.6337931250000111,3.518848168322669e-13,1703.0,103,False,False,False,line_17_18;line_19_20
full_benders_A10_B010_K02_top003,10,10,2,34,6943.497167804657,6.675316834,7.089481624999962,0.660185166999895,1.1243761365984984e-12,1666.0,106,False,False,True,line_03_04;line_23_24
full_benders_A10_B010_K02_top003,10,10,2,35,3977.8098609997833,9.378864000000021,7.593649624000022,0.6490204589999848,1.9388847985549433e-13,1948.0,109,False,False,False,line_16_17;line_21_22
full_benders_A10_B010_K02_top003,10,10,2,36,3535.5130330000684,7.0638900420000255,7.578348417000029,0.6380203339999753,3.1271510877674587e-12,1850.0,112,True,False,False,line_30_31;line_31_32
full_benders_A10_B010_K02_top003,10,10,2,37,6445.878906000929,10.742596750000075,7.876882624999894,0.6441192909999245,0.0,1876.0,115,False,False,True,line_09_10;line_11_12
full_benders_A10_B010_K02_top003,10,10,2,38,5054.306058998292,5.617986500000029,7.160063917000002,0.6534341249999898,0.0,1940.0,118,False,False,False,line_20_21;line_24_25
full_benders_A10_B010_K02_top003,10,10,2,39,3324.2893379468005,4.886757125000031,7.31379629200012,0.6452536660000305,0.0,1987.0,121,False,False,True,line_26_27;line_29_30
full_benders_A10_B010_K02_top003,10,10,2,40,3111.567347999895,6.243045499999994,8.429331666999929,0.6432193329999336,0.0,2103.0,124,False,False,False,line_26_27;line_28_29
full_benders_A10_B010_K02_top003,10,10,2,41,2275.265953408023,6.554140708999967,7.7005277909998995,0.6765321670000048,0.0,2184.0,127,False,False,True,line_05_06;line_19_20
full_benders_A10_B010_K02_top003,10,10,2,42,2063.3806580004384,7.328092583000057,7.589105791999941,0.6622632090000025,1.450602113400333e-13,2063.0,130,False,False,False,line_07_08;line_27_28
full_benders_A10_B010_K02_top003,10,10,2,43,1681.6744979991781,7.176414125000065,7.685603416000049,0.5760655420000376,0.0,2149.0,133,False,False,False,line_27_28;line_32_33
full_benders_A10_B010_K02_top003,10,10,2,44,1367.0343026337796,6.825892457999998,7.4474548749999485,0.6391165000000001,0.0,2179.0,136,False,False,True,line_03_23;line_23_24
full_benders_A10_B010_K02_top003,10,10,2,45,963.558334999645,7.637883959000078,7.3820460840000806,0.6445763339999075,2.567385387023066e-13,2223.0,139,False,False,False,line_26_27;line_27_28
full_benders_A10_B010_K02_top003,10,10,2,46,517.553815000123,7.987038041999995,7.398534958999903,0.6708867080000118,5.39750919790521e-13,2359.0,142,False,False,True,line_04_05;line_23_24
full_benders_A10_B010_K02_top003,10,10,2,47,368.7729259999833,7.334938374999979,7.869996333999893,0.6476089169999568,0.0,2350.0,145,False,False,False,line_10_11;line_30_31
full_benders_A10_B010_K02_top003,10,10,2,48,33.14022600073076,6.98999641599994,2.5585800000000063,0.0,4.994776913079076e-12,793.0,145,,False,True,line_03_04;line_03_23
full_benders_A10_B010_K03_top003,10,10,3,0,60604.62179199746,2.797219124997355,6.63720491600543,0.5700001670011261,8.884155160599803e-14,2967.0,4,False,False,False,line_03_23;line_06_07;line_19_20
full_benders_A10_B010_K03_top003,10,10,3,1,57523.279644004884,2.8166545420026523,5.606882250001945,0.5298733329982497,9.599059997662393e-14,3295.0,7,True,False,False,line_06_07;line_06_26;line_29_30
full_benders_A10_B010_K03_top003,10,10,3,2,54008.46693799499,2.9777304170020216,11.229660873996181,0.6060302920013783,0.0,4658.0,10,True,False,False,line_01_02;line_10_11;line_17_18
full_benders_A10_B010_K03_top003,10,10,3,3,54545.38413899293,12.454294708000816,11.516768334000517,0.6213582499985932,1.2084450334790644e-13,3427.0,13,True,False,False,line_01_02;line_06_07;line_11_12
full_benders_A10_B010_K03_top003,10,10,3,4,55896.32714858232,11.446113458998298,5.581814542001666,0.5937190420008847,7.793772079309102e-14,2529.0,16,True,False,False,line_01_02;line_02_03;line_03_23
full_benders_A10_B010_K03_top003,10,10,3,5,50129.24232599221,5.752778250000119,9.644085001000349,0.6059908330025792,7.54748682370095e-14,6092.0,19,True,False,False,line_01_02;line_06_07;line_08_09
full_benders_A10_B010_K03_top003,10,10,3,6,55374.43015992548,8.269188957998267,6.437864958999853,0.6141261670018139,1.694307525906345e-13,2646.0,22,True,False,False,line_01_02;line_02_19;line_05_06
full_benders_A10_B010_K03_top003,10,10,3,7,55557.7275913168,7.351581374998204,6.5089368329972785,0.6112755840003956,0.0,1862.0,25,True,False,False,line_01_02;line_12_13;line_19_20
full_benders_A10_B010_K03_top003,10,10,3,8,48286.79732963722,11.016072624999651,6.937097292000544,0.582131915998616,0.0,2552.0,28,True,False,False,line_12_13;line_28_29;line_31_32
full_benders_A10_B010_K03_top003,10,10,3,9,47617.67869467975,7.704661374998977,11.178917000001093,0.5445860830004676,1.3935314626911265e-13,4413.0,31,True,False,False,line_01_02;line_02_03;line_20_21
full_benders_A10_B010_K03_top003,10,10,3,10,43183.66680899274,5.086976375001541,6.985212624997075,0.6038690000023053,0.01922092539684242,4506.0,34,True,False,False,line_02_03;line_14_15;line_19_20
full_benders_A10_B010_K03_top003,10,10,3,11,44233.34817767801,5.174893666997377,15.102175916003034,0.6144212079998397,7.606032415371698e-13,6082.0,37,True,False,False,line_01_02;line_08_09;line_16_17
full_benders_A10_B010_K03_top003,10,10,3,12,35083.07276100217,10.059479624997039,13.744574166001257,0.6075687500015192,1.1152719393873913e-13,4555.0,40,True,False,False,line_02_03;line_02_19;line_15_16
full_benders_A10_B010_K03_top003,10,10,3,13,51804.644317569095,11.531728875001136,8.294053875000827,0.617964375000156,2.363330331167025e-13,3647.0,43,True,False,False,line_02_03;line_05_06;line_19_20
full_benders_A10_B010_K03_top003,10,10,3,14,34423.295038642245,3.6577333329987596,14.238898250001512,0.6026876249998168,2.7254816463102434e-13,5155.0,46,True,False,False,line_03_23;line_28_29;line_29_30
full_benders_A10_B010_K03_top003,10,10,3,15,34391.18760469137,12.010447999997268,8.10917654199875,0.6060830830028863,1.5359456203581835e-12,2925.0,49,True,False,False,line_02_03;line_05_06;line_23_24
full_benders_A10_B010_K03_top003,10,10,3,16,29887.047972049448,3.9449036669975612,12.887643915004446,0.6237510829996609,2.9762865260741715e-14,3300.0,52,True,False,False,line_01_02;line_02_03;line_02_19
full_benders_A10_B010_K03_top003,10,10,3,17,27525.486168997304,9.832064374997572,16.130335668000043,0.6279574170002888,9.47798983080228e-14,3503.0,55,True,False,False,line_02_19;line_03_04;line_03_23
full_benders_A10_B010_K03_top003,10,10,3,18,30737.35949118971,7.042765374997543,9.693874917000358,0.6198052500003541,0.014105287035404975,3230.0,58,False,False,False,line_02_03;line_13_14;line_16_17
full_benders_A10_B010_K03_top003,10,10,3,19,25931.00444264512,8.49872995899932,8.431996998999239,0.5960932499983755,2.2817506915094305e-12,3216.0,61,True,False,False,line_01_02;line_06_26;line_26_27
full_benders_A10_B010_K03_top003,10,10,3,20,34262.25480756769,5.710073207999812,9.793223625001701,0.6207183340011397,1.601757730370832e-13,1337.0,64,True,False,False,line_01_02;line_19_20;line_20_21
full_benders_A10_B010_K03_top003,10,10,3,21,27504.40665535,3.5040802080002322,9.26904016700064,0.6336964160000207,6.348909283103481e-14,2535.0,67,True,False,False,line_01_02;line_10_11;line_13_14
full_benders_A10_B010_K03_top003,10,10,3,22,27492.193338002486,4.329493707999063,10.76865658299721,0.615702291001071,0.0,4662.0,70,True,False,True,line_02_03;line_15_16;line_19_20
full_benders_A10_B010_K03_top003,10,10,3,23,23897.806283638172,4.6394753329987,10.106512750004185,0.6211392909972346,5.236734680941718e-14,2693.0,73,True,False,False,line_02_03;line_14_15;line_17_18
full_benders_A10_B010_K03_top003,10,10,3,24,38006.015665181796,5.044753375001164,7.59676470800332,0.6019775000022491,1.2558612396923812e-13,2413.0,76,False,False,False,line_03_23;line_06_07;line_13_14
full_benders_A10_B010_K03_top003,10,10,3,25,28256.81239200174,3.3841305839996494,8.621476582997275,0.5941236250000657,0.0,3123.0,79,False,False,False,line_06_07;line_13_14;line_23_24
full_benders_A10_B010_K03_top003,10,10,3,26,24828.495974181045,3.2172839590020885,8.600131582999893,0.6078104999978677,1.9749746669618942e-13,4062.0,82,True,False,False,line_02_03;line_07_08;line_12_13
full_benders_A10_B010_K03_top003,10,10,3,27,30277.90924644179,4.6216911250012345,8.865877084001113,0.6026544170017587,2.337299013951332e-13,2573.0,85,False,False,False,line_03_23;line_06_07;line_09_10
full_benders_A10_B010_K03_top003,10,10,3,28,22319.913675995427,3.2063005000018165,11.552404375004699,0.6381793330001528,6.258912477003184e-14,4052.0,88,False,False,False,line_06_07;line_09_10;line_23_24
full_benders_A10_B010_K03_top003,10,10,3,29,20072.193710015912,4.353335374999006,10.247951124998508,0.5945790420009871,1.404844850847446e-13,4339.0,91,True,False,False,line_06_26;line_23_24;line_28_29
full_benders_A10_B010_K03_top003,10,10,3,30,26564.550080045432,4.360976208001375,8.756379166999977,0.6348617500007094,0.016413588921857014,1712.0,94,False,False,False,line_01_02;line_13_14;line_14_15
full_benders_A10_B010_K03_top003,10,10,3,31,21769.87876899932,7.401763000001665,10.23964295800397,0.6310917500013602,8.752046784628049e-14,3984.0,97,True,False,False,line_04_05;line_19_20;line_23_24
full_benders_A10_B010_K03_top003,10,10,3,32,20694.148767999504,6.8516547919971345,10.319023750002088,0.575622750002367,0.014379631519614494,3198.0,100,True,False,False,line_05_06;line_19_20;line_23_24
full_benders_A10_B010_K03_top003,10,10,3,33,25225.738210315118,6.935923624998395,8.633064583005762,0.6055292499986535,2.8895721934900243e-13,6618.0,103,True,False,False,line_03_04;line_05_06;line_14_15
full_benders_A10_B010_K03_top003,10,10,3,34,21324.26342299918,10.524239917001978,7.785303875003592,0.5450451670003531,0.0,4529.0,106,False,False,False,line_03_04;line_05_06;line_24_25
full_benders_A10_B010_K03_top003,10,10,3,35,20004.065873180167,4.905377374998352,6.794594499999221,0.5367507920018397,3.782728954565171e-14,3923.0,109,False,False,False,line_06_26;line_24_25;line_29_30
full_benders_A10_B010_K03_top003,10,10,3,36,22621.130320458644,4.97260941699642,7.149689792000572,0.615619667001738,8.06759583801866e-14,3524.0,112,False,False,False,line_03_04;line_19_20;line_23_24
full_benders_A10_B010_K03_top003,10,10,3,37,14371.771022000816,5.262313208000705,10.414134500002547,0.5941636249990552,0.0,7775.0,115,False,False,False,line_08_09;line_13_14;line_24_25
full_benders_A10_B010_K03_top003,10,10,3,38,9365.218182002252,6.719893000001321,10.90044683400265,0.5867114999964542,0.0,7905.0,118,False,False,False,line_09_10;line_12_13;line_20_21
full_benders_A10_B010_K03_top003,10,10,3,39,9994.22761584213,7.6347860419991775,11.198040916999162,0.5860105829997337,2.0384448006187258e-14,8721.0,121,False,False,False,line_08_09;line_12_13;line_23_24
full_benders_A10_B010_K03_top003,10,10,3,40,7997.127442001016,8.102047874999698,11.849417916997481,0.5850913750000473,0.0,8841.0,124,False,False,False,line_09_10;line_11_12;line_21_22
full_benders_A10_B010_K03_top003,10,10,3,41,6793.560096999412,9.69375349999973,10.933231583003362,0.5919669169998087,6.961552384453186e-14,8232.0,127,False,False,False,line_17_18;line_26_27;line_31_32
full_benders_A10_B010_K03_top003,10,10,3,42,5589.674833002515,10.422118417001911,12.404233542001748,0.5555048339992936,2.877361896983472e-14,9323.0,130,True,False,False,line_06_07;line_07_08;line_26_27
full_benders_A10_B010_K03_top003,10,10,3,43,40874.83691488905,7.8581316669988155,7.437806248995912,0.5385591660015052,0.0,2950.0,133,True,False,False,line_11_12;line_28_29;line_29_30
full_benders_A10_B010_K03_top003,10,10,3,44,20485.009037666023,11.817820791999111,7.3662737920021755,0.5968342079977447,1.6907237262620166e-13,3288.0,136,False,False,False,line_04_05;line_05_06;line_14_15
full_benders_A10_B010_K03_top003,10,10,3,45,18003.70398629573,11.552025291002792,7.414043584001774,0.587761540999054,0.0,4408.0,139,True,False,False,line_03_23;line_14_15;line_24_25
full_benders_A10_B010_K03_top003,10,10,3,46,33660.079400468734,17.85186291699938,5.83140087600259,0.5499485000000277,0.0,3229.0,142,False,False,False,line_19_20;line_27_28;line_31_32
full_benders_A10_B010_K03_top003,10,10,3,47,32222.091844584094,11.568681959000969,5.903304750001553,0.5365925000005518,0.0,2519.0,145,False,False,False,line_19_20;line_28_29;line_31_32
full_benders_A10_B010_K03_top003,10,10,3,48,22054.39612922957,12.234378000001016,6.344269791999977,0.6187509170013072,0.0,3191.0,148,True,False,False,line_19_20;line_28_29;line_30_31
full_benders_A10_B010_K03_top003,10,10,3,49,20106.626212514006,7.287056041997857,7.453204792003817,0.5398645419991226,0.0,4497.0,151,False,False,False,line_06_26;line_08_09;line_17_18
full_benders_A10_B010_K03_top003,10,10,3,50,17186.213422623696,7.617076250000537,8.397734249992936,0.5951222500007134,0.0,4373.0,154,False,False,False,line_09_10;line_17_18;line_30_31
full_benders_A10_B010_K03_top003,10,10,3,51,15874.840359162365,11.323824041999615,7.130260667003313,0.6076504579978064,1.3887479226366876e-13,5275.0,157,True,False,False,line_06_26;line_09_10;line_29_30
full_benders_A10_B010_K03_top003,10,10,3,52,14526.852104588936,19.78449208299935,10.209077082996373,0.591105666000658,2.1079295281918053e-14,6071.0,160,False,False,False,line_03_23;line_29_30;line_31_32
full_benders_A10_B010_K03_top003,10,10,3,53,11866.264450440125,10.4020214580014,9.3275810419982,0.6057730829998036,6.640558306340781e-13,5678.0,163,True,False,True,line_02_19;line_03_23;line_05_06
full_benders_A10_B010_K03_top003,10,10,3,54,12729.51147133502,16.499098917000083,13.047375624999404,0.6266869999999471,1.5775658838414303e-13,4553.0,166,True,False,False,line_02_19;line_05_06;line_21_22
full_benders_A10_B010_K03_top003,10,10,3,55,27774.4820220049,16.81348933299887,6.421879458001058,0.5761452919978183,0.0,2665.0,169,False,False,False,line_14_15;line_27_28;line_29_30
full_benders_A10_B010_K03_top003,10,10,3,56,22878.300167820416,10.7580468749984,6.798684541994589,0.5352175410007476,1.8604682922572204e-14,3108.0,172,True,False,False,line_02_19;line_15_16;line_23_24
full_benders_A10_B010_K03_top003,10,10,3,57,32133.07571322017,19.195936291998805,4.928291833002731,0.5976967919996241,0.0,1409.0,175,False,False,False,line_06_26;line_13_14;line_28_29
full_benders_A10_B010_K03_top003,10,10,3,58,20517.46848454862,6.966439290998096,6.841065332999278,0.6107833750029386,0.0,3876.0,178,True,False,False,line_03_04;line_14_15;line_24_25
full_benders_A10_B010_K03_top003,10,10,3,59,19687.953679000842,11.554197000001295,7.883983626001282,0.5968797500026994,1.9238866011089382e-13,3364.0,181,False,False,False,line_24_25;line_28_29;line_29_30
full_benders_A10_B010_K03_top003,10,10,3,60,11813.254160998913,9.688107833000686,9.590224708001188,0.5952159590015071,0.0,4113.0,184,True,False,False,line_10_11;line_12_13;line_24_25
full_benders_A10_B010_K03_top003,10,10,3,61,20428.948125099647,11.02746812499754,6.586600832997647,0.5437284170002386,1.937346056965516e-13,4408.0,187,True,False,False,line_12_13;line_16_17;line_19_20
full_benders_A10_B010_K03_top003,10,10,3,62,23986.14417999785,15.18402391699783,10.70492266599831,0.5456283339990478,1.456032127798357e-14,5065.0,190,False,False,False,line_11_12;line_16_17;line_24_25
full_benders_A10_B010_K03_top003,10,10,3,63,19543.892704999365,9.264460292000877,9.414609833998838,0.5948156250015018,4.919639895494051e-14,5217.0,193,False,False,False,line_11_12;line_16_17;line_17_18
full_benders_A10_B010_K03_top003,10,10,3,64,18068.72626182926,11.338630750000448,9.189621833000274,0.5946989160001976,0.0,4487.0,196,False,False,False,line_12_13;line_15_16;line_24_25
full_benders_A10_B010_K03_top003,10,10,3,65,17041.166571001,11.104302415998973,10.550677333001659,0.591642999999749,0.0,4726.0,199,True,False,False,line_12_13;line_14_15;line_24_25
full_benders_A10_B010_K03_top003,10,10,3,66,10764.165041435044,11.56084591599938,8.532382417997724,0.5886638339979982,2.9673879769876614e-13,5333.0,202,False,False,False,line_10_11;line_13_14;line_19_20
full_benders_A10_B010_K03_top003,10,10,3,67,8357.085587390728,10.54969641599746,9.100184790997446,0.6057656670018332,0.018582855577631768,6527.0,205,False,True,True,line_02_03;line_02_19;line_15_16
full_benders_A10_B010_K03_top003,10,10,3,68,7240.243564445176,11.0108384999985,9.085012457999255,0.5913171250031155,9.446367510229648e-14,7234.0,208,True,False,False,line_16_17;line_30_31;line_31_32
full_benders_A10_B010_K03_top003,10,10,3,69,9074.010949713062,10.850557249999838,10.049355582999851,0.6096894580005028,0.0,5686.0,211,False,False,False,line_04_05;line_10_11;line_12_13
full_benders_A10_B010_K03_top003,10,10,3,70,4845.535910529623,9.384749624998221,10.780127583999274,0.6002687500003958,6.013594801657233e-14,7884.0,214,False,False,False,line_21_22;line_30_31;line_31_32
full_benders_A10_B010_K03_top003,10,10,3,71,3488.1122737564147,10.739261083999736,12.110115999999834,0.5376721250031551,5.552858158479826e-13,8724.0,217,False,False,False,line_06_26;line_07_08;line_27_28
full_benders_A10_B010_K03_top003,10,10,3,72,1755.8667434939125,11.244589833997452,15.711944333994325,0.6150889999989886,7.968109736283113e-11,9971.0,220,False,False,False,line_01_02
full_benders_A10_B010_K03_top003,10,10,3,73,3437.8259058491676,9.133468291998724,13.108097501000884,0.5990039169992087,2.4974010377120967e-13,8987.0,223,False,False,False,line_10_11;line_13_14;line_17_18
full_benders_A10_B010_K03_top003,10,10,3,74,2435.4932555147097,9.409653290997085,13.739932917997066,0.5464995000002091,1.105472738574267e-12,9095.0,226,False,False,False,line_10_11;line_11_12;line_24_25
full_benders_A10_B010_K03_top003,10,10,3,75,1685.8842913435656,10.41703045900067,14.90878137600157,0.5415489589977369,1.0190358637909352e-12,10306.0,229,False,False,False,line_06_26;line_10_11;line_26_27
full_benders_A10_B010_K03_top003,10,10,3,76,1352.860180692951,11.509091957999772,15.835766333002539,0.5973162500013132,1.2751024921112698e-10,10075.0,232,False,True,False,line_14_15;line_15_16;line_30_31
full_benders_A10_B010_K03_top003,10,10,3,77,1061.1906355621759,11.66445629199734,14.645719959000417,0.5629889160009043,1.3458741876324065e-13,11072.0,235,False,False,False,line_04_05;line_19_20;line_20_21
full_benders_A10_B010_K03_top003,10,10,3,78,1587.2003092263185,10.656886207998468,13.152512917000422,0.6146193339991441,1.0257026203367316e-12,9750.0,238,False,False,True,line_02_19;line_03_04;line_23_24
full_benders_A10_B010_K03_top003,10,10,3,79,966.328100726208,11.167672292001953,13.910338667003089,0.6502484170014213,8.325592209966724e-11,10255.0,241,True,False,True,line_02_03;line_02_19
full_benders_A10_B010_K03_top003,10,10,3,80,14009.67297561618,7.772331500000291,12.479481165006291,0.5507317919982597,2.5967621181619378e-14,5571.0,244,False,False,False,line_03_23;line_24_25;line_30_31
full_benders_A10_B010_K03_top003,10,10,3,81,8021.282948477834,10.10149354099849,14.627219624006102,0.6321850419990369,3.066972092172944e-11,6613.0,247,False,False,False,line_03_23;line_04_05;line_24_25
full_benders_A10_B010_K03_top003,10,10,3,82,7159.723068999185,10.830879082997853,15.712155334000272,0.6276881250014412,1.247695786912519e-13,8099.0,250,False,False,False,line_07_08;line_23_24;line_26_27
full_benders_A10_B010_K03_top003,10,10,3,83,4859.201855989595,14.540462125001795,15.239636458005407,0.6306302080010937,1.0263605716393192e-13,9092.0,253,True,False,False,line_08_09;line_13_14;line_31_32
full_benders_A10_B010_K03_top003,10,10,3,84,18333.948962147,18.061763541998516,11.293414957995992,0.6143801250000251,1.4921826544741275e-13,3753.0,256,True,False,False,line_11_12;line_14_15;line_19_20
full_benders_A10_B010_K03_top003,10,10,3,85,21982.66141977068,20.346344916997623,9.528924000002007,0.5975998750000144,0.0,3860.0,259,True,False,False,line_24_25;line_27_28;line_30_31
full_benders_A10_B010_K03_top003,10,10,3,86,8648.043462975533,12.093539249999594,11.155038750996027,0.5825166659997194,4.94708785340428e-13,5900.0,262,True,False,False,line_15_16;line_26_27;line_29_30
full_benders_A10_B010_K03_top003,10,10,3,87,11992.037918692396,18.413376666998374,5.821620541999437,0.6301660419994732,4.695169840215863e-14,3259.0,265,False,False,False,line_02_03;line_05_06;line_21_22
full_benders_A10_B010_K03_top003,10,10,3,88,9041.292040000073,7.7777471669978695,6.548760832996777,0.5928863339977397,2.0847701845154428e-14,4586.0,268,False,False,False,line_17_18;line_21_22;line_24_25
full_benders_A10_B010_K03_top003,10,10,3,89,4679.715437999868,9.897098334000475,8.524418541997875,0.6047813330005738,3.3039209616446375e-14,6328.0,271,False,False,False,line_11_12;line_13_14;line_17_18
full_benders_A10_B010_K03_top003,10,10,3,90,4070.6877090382623,10.273490999999922,6.841914375003398,0.6132481669992558,4.270736353639142e-11,6633.0,274,False,False,False,line_01_02;line_03_04;line_19_20
full_benders_A10_B010_K03_top003,10,10,3,91,3149.0976023343974,9.864698707999196,7.628359750000527,0.6191243749999558,2.505785404178837e-13,7930.0,277,False,False,False,line_07_08;line_26_27;line_28_29
full_benders_A10_B010_K03_top003,10,10,3,92,1667.5827590002737,9.924123458000395,9.966309499006456,0.5505479999992531,0.0,9494.0,280,False,False,False,line_11_12;line_12_13;line_16_17
full_benders_A10_B010_K03_top003,10,10,3,93,1635.4861989996134,9.941594250001799,9.436873915998149,0.6164383750001434,0.0,9348.0,283,False,False,False,line_09_10;line_10_11;line_27_28
full_benders_A10_B010_K03_top003,10,10,3,94,975.5255746478651,12.292672999999922,9.415035374997387,0.6622578329988755,5.431652711748798e-12,8103.0,286,False,False,True,line_02_03;line_02_19;line_30_31
full_benders_A10_B010_K03_top003,10,10,3,95,671.8280969998304,12.613874375001615,9.281474501000048,0.5478703750013665,4.268871360488117e-13,8722.0,289,False,False,False,line_11_12;line_12_13;line_15_16
full_benders_A10_B010_K03_top003,10,10,3,96,2076.465481528954,13.347277583001414,9.87209808300031,0.6094936249974126,1.3402841569874414e-13,7880.0,292,False,False,False,line_03_23;line_14_15;line_16_17
full_benders_A10_B010_K03_top003,10,10,3,97,1845.15065337345,12.446570959000383,10.732398834003106,0.6233682919992134,7.086085794184556e-12,8306.0,295,False,False,False,line_02_19;line_03_04;line_30_31
full_benders_A10_B010_K03_top003,10,10,3,98,644.2981860078871,13.092918541999097,10.45991791599954,0.6155237089988077,3.327464303125769e-11,9060.0,298,False,True,False,line_06_26;line_27_28;line_30_31
full_benders_A10_B010_K03_top003,10,10,3,99,811.5601386756753,10.954053875000682,4.0765777499982505,0.0,4.1464954181351747e-13,3459.0,298,,False,False,line_06_07;line_07_08;line_27_28
full_benders_A10_B010_K05_top003,10,10,5,0,84734.85277001024,2.849325625000347,8.973196959002962,0.5723529169990798,0.01960811927237551,10760.0,4,True,False,False,line_03_23;line_06_07;line_06_26;line_19_20;line_29_30
full_benders_A10_B010_K05_top003,10,10,5,1,91170.82973506302,5.018638375000592,5.236732541001402,0.5670415830027196,0.006675801396686161,5211.0,7,False,False,False,line_02_19;line_03_23;line_06_26;line_12_13;line_31_32
full_benders_A10_B010_K05_top003,10,10,5,2,89031.41130400542,2.3353042079979787,4.595577708998462,0.5954024589991604,0.01666886038246162,3875.0,10,True,False,False,line_01_02;line_02_03;line_06_26;line_12_13;line_31_32
full_benders_A10_B010_K05_top003,10,10,5,3,66767.60022000049,3.176836792001268,12.279540916999395,0.6010527500002354,6.5384625988135055e-15,7340.0,13,True,False,False,line_01_02;line_10_11;line_28_29;line_29_30;line_31_32
full_benders_A10_B010_K05_top003,10,10,5,4,90648.20177499205,5.25757108399921,9.258104583001113,0.6127627080022648,0.01363590925132187,14979.0,16,True,False,False,line_01_02;line_05_06;line_06_26;line_21_22;line_31_32
full_benders_A10_B010_K05_top003,10,10,5,5,69119.23360900849,4.668224584002019,30.260071207998408,0.6066648329979216,0.0,25554.0,19,True,False,False,line_01_02;line_07_08;line_09_10;line_12_13;line_17_18
full_benders_A10_B010_K05_top003,10,10,5,6,78268.60176300944,7.761758459000703,7.312391999992542,0.6118237920018146,0.0065554535718647215,3964.0,22,True,False,False,line_01_02;line_02_03;line_03_23;line_07_08;line_09_10
full_benders_A10_B010_K05_top003,10,10,5,7,68796.95521099912,5.47758070800046,13.463215166000737,0.6136353330002748,0.010515131312158796,13418.0,25,True,False,False,line_01_02;line_02_03;line_03_23;line_06_26;line_31_32
full_benders_A10_B010_K05_top003,10,10,5,8,66737.58114087593,12.460162749997835,11.320333251002012,0.6140142499971262,3.5111780737953216e-13,7970.0,28,True,False,False,line_02_03;line_05_06;line_19_20;line_28_29;line_31_32
full_benders_A10_B010_K05_top003,10,10,5,9,56462.500772014144,6.024152250000043,18.478421042000264,0.6074900409985275,0.019671890901289076,10690.0,31,True,False,False,line_01_02;line_02_03;line_02_19;line_03_23;line_14_15
full_benders_A10_B010_K05_top003,10,10,5,10,64397.65365803242,13.903231249998498,23.04655774999992,0.6077471669996157,0.019735358988670185,33927.0,34,True,False,False,line_06_07;line_06_26;line_13_14;line_14_15;line_31_32
full_benders_A10_B010_K05_top003,10,10,5,11,69284.33692753222,9.98610354199991,9.338641581998672,0.5860918750004203,0.00985063369805873,5795.0,37,False,False,False,line_03_23;line_06_26;line_12_13;line_17_18;line_29_30
full_benders_A10_B010_K05_top003,10,10,5,12,55818.22942532424,4.495981332998781,10.746643040998606,0.5980804999999236,7.117160286603042e-14,8474.0,40,True,False,False,line_01_02;line_06_26;line_13_14;line_17_18;line_29_30
full_benders_A10_B010_K05_top003,10,10,5,13,66402.83867101616,6.486918582999351,18.23977037399891,0.6269114999995509,0.004223466580489372,17509.0,43,False,False,False,line_01_02;line_02_03;line_08_09;line_16_17;line_21_22
full_benders_A10_B010_K05_top003,10,10,5,14,66074.70976901485,3.226370874999702,14.83676820799883,0.643324250002479,0.014656999107226794,11093.0,46,False,False,False,line_01_02;line_02_03;line_08_09;line_15_16;line_21_22
full_benders_A10_B010_K05_top003,10,10,5,15,65563.80354100873,3.5246805409988156,13.687107333000313,0.6141563339988352,7.027451264234473e-13,10722.0,49,True,False,False,line_01_02;line_02_03;line_08_09;line_15_16;line_20_21
full_benders_A10_B010_K05_top003,10,10,5,16,68300.24870400317,6.34099170799891,15.202120417001424,0.6118846249992203,0.011924589446592889,10303.0,52,True,False,False,line_01_02;line_06_07;line_06_26;line_08_09;line_30_31
full_benders_A10_B010_K05_top003,10,10,5,17,51467.006757006864,5.968556708001415,27.340925625998352,0.6126954579995072,0.0,17900.0,55,False,False,False,line_01_02;line_03_23;line_12_13;line_16_17;line_24_25
full_benders_A10_B010_K05_top003,10,10,5,18,50514.708804351045,3.784541083001386,19.874338791003538,0.6109802089995355,0.011742345318888608,14043.0,58,True,False,False,line_01_02;line_02_03;line_02_19;line_13_14;line_15_16
full_benders_A10_B010_K05_top003,10,10,5,19,61036.05215896899,9.573041333002038,19.290438625994284,0.6035515420007869,0.009116256311887241,17370.0,61,True,False,False,line_02_03;line_02_19;line_06_07;line_13_14;line_21_22
full_benders_A10_B010_K05_top003,10,10,5,20,56620.47617500776,10.770259332999558,17.710701208005048,0.6120178749988554,2.2228873382149493e-13,12670.0,64,True,False,False,line_01_02;line_02_19;line_12_13;line_14_15;line_15_16
full_benders_A10_B010_K05_top003,10,10,5,21,53780.96351136861,10.82553495799948,41.63383712400537,0.6225720830007049,0.0,18939.0,67,True,False,False,line_01_02;line_11_12;line_14_15;line_28_29;line_31_32
full_benders_A10_B010_K05_top003,10,10,5,22,64302.83051681961,7.785602709001978,13.613374125998234,0.6243702499996289,0.014720842162904386,11547.0,70,True,False,False,line_02_19;line_06_26;line_08_09;line_15_16;line_29_30
full_benders_A10_B010_K05_top003,10,10,5,23,55834.95109587966,7.5487881249973725,18.55839495800319,0.6070053340008599,0.017705366129250652,13840.0,73,False,False,False,line_01_02;line_02_19;line_14_15;line_28_29;line_29_30
full_benders_A10_B010_K05_top003,10,10,5,24,54816.53205500683,2.3430512500017358,19.049668915999064,0.6207954999990761,4.5972886049250735e-14,15808.0,76,True,False,False,line_01_02;line_02_19;line_03_23;line_14_15;line_24_25
full_benders_A10_B010_K05_top003,10,10,5,25,52469.698693009326,6.460887625002215,10.894649916001072,0.6129276659994503,0.015821836653921284,10468.0,79,True,False,False,line_01_02;line_02_03;line_05_06;line_14_15;line_17_18
full_benders_A10_B010_K05_top003,10,10,5,26,45019.5161405094,5.644152333999955,43.01318524999806,0.6111455419995764,2.650090038769203e-15,23466.0,82,True,False,False,line_02_03;line_19_20;line_20_21;line_28_29;line_29_30
full_benders_A10_B010_K05_top003,10,10,5,27,52628.82267908531,6.1334713750002265,14.833203581994894,0.6155002500017872,0.01777501819309033,7889.0,85,True,False,False,line_01_02;line_08_09;line_14_15;line_15_16;line_17_18
full_benders_A10_B010_K05_top003,10,10,5,28,55125.044843476266,4.846096707999095,11.465498499001114,0.6208320419973461,3.273353325046836e-14,5378.0,88,False,False,False,line_01_02;line_03_23;line_06_26;line_20_21;line_29_30
full_benders_A10_B010_K05_top003,10,10,5,29,50055.747463004314,2.7636374169997,9.848987915996986,0.6158212500013178,1.5526458403292877e-13,5856.0,91,True,False,False,line_01_02;line_02_03;line_03_23;line_19_20;line_20_21
full_benders_A10_B010_K05_top003,10,10,5,30,50522.63998797466,6.184693957999116,15.473025333001715,0.59840712499863,7.159242977461343e-13,12684.0,94,True,False,False,line_02_19;line_03_04;line_05_06;line_14_15;line_23_24
full_benders_A10_B010_K05_top003,10,10,5,31,46409.441566999536,11.228787832998933,21.997163542000635,0.6195869170005608,0.019131412966314234,10492.0,97,True,False,False,line_01_02;line_14_15;line_19_20;line_21_22;line_23_24
full_benders_A10_B010_K05_top003,10,10,5,32,49104.47920404968,17.694095625000045,34.31080762499914,0.5704188339987013,0.01092219176266059,36076.0,100,True,False,False,line_01_02;line_03_04;line_07_08;line_14_15;line_28_29
full_benders_A10_B010_K05_top003,10,10,5,33,58265.53067796666,13.937075707999611,18.101986124001996,0.6185146669995447,6.583454762299209e-13,15697.0,103,True,False,False,line_02_03;line_02_19;line_13_14;line_26_27;line_29_30
full_benders_A10_B010_K05_top003,10,10,5,34,36001.32362899807,9.528282499999477,46.57999295900299,0.5652734579998651,0.010162459351319285,35659.0,106,True,False,False,line_02_03;line_02_19;line_11_12;line_14_15;line_17_18
full_benders_A10_B010_K05_top003,10,10,5,35,48511.628070833394,5.40659450000021,13.673077249997732,0.5679993330013531,0.0,9100.0,109,True,False,False,line_01_02;line_04_05;line_07_08;line_16_17;line_27_28
full_benders_A10_B010_K05_top003,10,10,5,36,61475.15823772212,8.43167800000083,18.960159833000944,0.6320532919999096,0.014396274088953191,9178.0,112,True,False,False,line_01_02;line_06_07;line_10_11;line_28_29;line_29_30
full_benders_A10_B010_K05_top003,10,10,5,37,45148.30641247518,6.571621708000748,16.607868666000286,0.6153484579990618,6.188421993774762e-14,9280.0,115,True,False,False,line_01_02;line_02_19;line_06_26;line_23_24;line_28_29
full_benders_A10_B010_K05_top003,10,10,5,38,57815.30720672838,16.830135125001107,15.916317875002278,0.6289353329993901,0.0,9151.0,118,True,False,False,line_01_02;line_06_07;line_08_09;line_26_27;line_29_30
full_benders_A10_B010_K05_top003,10,10,5,39,55217.88266503636,18.879873165999015,10.86141437400147,0.6153356659997371,0.01966926541018938,5579.0,121,True,False,False,line_01_02;line_03_23;line_06_26;line_24_25;line_31_32
full_benders_A10_B010_K05_top003,10,10,5,40,51944.50232500944,7.977869416998146,30.270186665999063,0.6025837910019618,0.018106467445148943,36128.0,124,True,False,False,line_04_05;line_05_06;line_08_09;line_16_17;line_23_24
full_benders_A10_B010_K05_top003,10,10,5,41,39839.206508885836,10.117692208001245,12.978980291994958,0.6614780000018072,2.6299165778033942e-14,7051.0,127,True,False,False,line_01_02;line_04_05;line_05_06;line_06_26;line_28_29
full_benders_A10_B010_K05_top003,10,10,5,42,57156.883683880325,7.9153715840002405,11.062802793003357,0.5641766660010035,4.3546075509545953e-14,3818.0,130,True,False,False,line_01_02;line_02_03;line_02_19;line_07_08;line_09_10
full_benders_A10_B010_K05_top003,10,10,5,43,40268.06353889138,11.134370292002131,11.826832208003907,0.5695084580002003,0.01991498230350524,9106.0,133,False,False,False,line_01_02;line_08_09;line_13_14;line_16_17;line_23_24
full_benders_A10_B010_K05_top003,10,10,5,44,34071.96565338329,8.348784916001023,17.088743498999975,0.6760774579997815,0.01919552888896791,20373.0,136,True,False,False,line_01_02;line_04_05;line_08_09;line_11_12;line_26_27
full_benders_A10_B010_K05_top003,10,10,5,45,38973.4539900074,13.6282287920003,21.890746332999697,0.6328629999989062,4.306350708706332e-14,15974.0,139,True,False,False,line_02_19;line_03_23;line_04_05;line_05_06;line_23_24
full_benders_A10_B010_K05_top003,10,10,5,46,40457.95120142237,13.273142417001509,12.095160166005371,0.6204385000019101,0.00839381828305666,3620.0,142,True,False,False,line_01_02;line_06_26;line_16_17;line_23_24;line_27_28
full_benders_A10_B010_K05_top003,10,10,5,47,52425.809436577256,14.116429124998831,9.037561500004813,0.6137042910013406,0.011548576556503294,5433.0,145,True,False,False,line_02_03;line_09_10;line_15_16;line_19_20;line_23_24
full_benders_A10_B010_K05_top003,10,10,5,48,42246.54394241527,15.234570457996597,6.803486832999624,0.6243633749982109,0.017946170830546986,2342.0,148,True,False,False,line_01_02;line_09_10;line_11_12;line_19_20;line_20_21
full_benders_A10_B010_K05_top003,10,10,5,49,46273.65614153503,13.351774208000279,21.55135449899899,0.5655111249980109,0.015541876052777964,19961.0,151,False,False,False,line_01_02;line_06_26;line_09_10;line_16_17;line_27_28
full_benders_A10_B010_K05_top003,10,10,5,50,45592.0151519957,8.829524250002578,20.63975954200214,0.6341509590019996,0.0,16634.0,154,True,False,False,line_02_03;line_02_19;line_09_10;line_15_16;line_23_24
full_benders_A10_B010_K05_top003,10,10,5,51,31407.065200771845,8.22467670900005,20.131766167000023,0.6355384159978712,0.01909179269585605,12365.0,157,True,False,False,line_01_02;line_02_03;line_06_07;line_16_17;line_19_20
full_benders_A10_B010_K05_top003,10,10,5,52,37148.52250569675,10.203711084002862,12.757711415997619,0.6207800830015913,2.805099581697824e-13,6348.0,160,True,False,False,line_06_07;line_06_26;line_19_20;line_23_24;line_28_29
full_benders_A10_B010_K05_top003,10,10,5,53,47048.486916440306,23.249865333000344,8.495075375998567,0.6172407920021215,0.012670291235972807,7411.0,163,False,False,False,line_01_02;line_05_06;line_15_16;line_26_27;line_29_30
full_benders_A10_B010_K05_top003,10,10,5,54,35362.57211034838,5.150902833000146,8.288894708999578,0.637566749999678,0.0,7363.0,166,True,False,False,line_03_04;line_05_06;line_14_15;line_20_21;line_23_24
full_benders_A10_B010_K05_top003,10,10,5,55,51898.617694004555,8.364232249998167,9.946614833002968,0.6027735830029997,0.0,8367.0,169,True,False,False,line_04_05;line_06_26;line_07_08;line_11_12;line_23_24
full_benders_A10_B010_K05_top003,10,10,5,56,47413.24978499819,17.986806000000797,9.899239457998192,0.5649931670013757,1.891570025210543e-14,4783.0,172,False,False,False,line_02_03;line_02_19;line_06_26;line_23_24;line_29_30
full_benders_A10_B010_K05_top003,10,10,5,57,31909.085491000616,9.31364462500278,15.594078998998157,0.6248760419985047,0.0007042456277075948,14719.0,175,False,False,False,line_02_19;line_03_04;line_06_26;line_23_24;line_28_29
full_benders_A10_B010_K05_top003,10,10,5,58,31735.194530881825,12.366071874999761,17.29170791600336,0.6322655420008232,2.0175841979637928e-14,23142.0,178,True,False,False,line_02_03;line_03_04;line_09_10;line_13_14;line_19_20
full_benders_A10_B010_K05_top003,10,10,5,59,49938.04083930992,18.03316354100025,6.552295123998192,0.6150875419989461,0.01465361749485874,3345.0,181,False,False,False,line_01_02;line_02_19;line_03_23;line_05_06;line_19_20
full_benders_A10_B010_K05_top003,10,10,5,60,31559.407022983884,5.482969042001059,13.968919750001078,0.6137033340019116,0.0,12056.0,184,False,False,False,line_01_02;line_03_04;line_05_06;line_26_27;line_29_30
full_benders_A10_B010_K05_top003,10,10,5,61,28280.43436699739,6.604750334001437,11.76280016599776,0.6183237500008545,9.545045312359717e-14,13155.0,187,False,False,False,line_02_03;line_04_05;line_20_21;line_26_27;line_31_32
full_benders_A10_B010_K05_top003,10,10,5,62,22245.795285715838,13.128525374999299,6.744804833000671,0.6103706659996533,0.004497351291256655,4950.0,190,True,False,False,line_01_02;line_02_03;line_02_19;line_20_21;line_26_27
full_benders_A10_B010_K05_top003,10,10,5,63,37344.83248385845,10.73742408399994,9.704362917000253,0.6222162920021219,0.0,3088.0,193,True,False,False,line_03_04;line_16_17;line_23_24;line_28_29;line_29_30
full_benders_A10_B010_K05_top003,10,10,5,64,54700.852788197226,18.279051459001494,8.838304459000938,0.5983190419974562,7.210223352447848e-13,2946.0,196,True,False,False,line_03_23;line_06_07;line_09_10;line_10_11;line_13_14
full_benders_A10_B010_K05_top003,10,10,5,65,54306.28458899865,49.63722783299818,20.10886462399867,0.5900318330022856,3.96580887478829e-14,20574.0,199,False,False,False,line_07_08;line_10_11;line_11_12;line_16_17;line_23_24
full_benders_A10_B010_K05_top003,10,10,5,66,52154.061497236136,7.678852749999351,20.858450125000672,0.6058475840000028,5.983212938164424e-13,19674.0,202,True,False,False,line_07_08;line_10_11;line_11_12;line_15_16;line_23_24
full_benders_A10_B010_K05_top003,10,10,5,67,57425.67138905532,23.978010458002245,3.063569916997949,0.6252161659976991,0.016667087906515714,1251.0,205,True,False,False,line_01_02;line_03_04;line_11_12;line_19_20;line_20_21
full_benders_A10_B010_K05_top003,10,10,5,68,53346.894025248825,18.328266958000313,4.605452166997566,0.5408641670001089,0.011395964377975357,3122.0,208,False,False,False,line_03_23;line_06_07;line_07_08;line_11_12;line_20_21
full_benders_A10_B010_K05_top003,10,10,5,69,44698.25422095606,7.458577792000142,4.907039625002653,0.610723333000351,1.3198918688605774e-14,3830.0,211,True,False,False,line_06_07;line_07_08;line_11_12;line_21_22;line_23_24
full_benders_A10_B010_K05_top003,10,10,5,70,40663.01289841754,14.236723166999582,26.45886445799988,0.6354299159975199,1.6435558458556306e-12,18719.0,214,True,False,False,line_01_02;line_02_19;line_11_12;line_15_16;line_21_22
full_benders_A10_B010_K05_top003,10,10,5,71,45543.1031548006,22.9161732499997,13.19561300100031,0.5413958340031968,8.636107001387745e-14,12999.0,217,False,False,False,line_11_12;line_16_17;line_23_24;line_26_27;line_29_30
full_benders_A10_B010_K05_top003,10,10,5,72,35108.92367656238,8.040117542001099,20.311829375001253,0.6190152909985045,0.014795632343995167,13759.0,220,True,False,False,line_02_03;line_03_04;line_11_12;line_15_16;line_19_20
full_benders_A10_B010_K05_top003,10,10,5,73,61285.53042416915,52.47723662499993,12.27040791699983,0.6108640000020387,2.5788183033634055e-14,13577.0,223,True,False,False,line_04_05;line_06_26;line_11_12;line_15_16;line_23_24
full_benders_A10_B010_K05_top003,10,10,5,74,37361.330288830504,20.33282587499707,11.985334416000114,0.6290453750007146,7.542708279389719e-14,11017.0,226,False,False,False,line_02_19;line_03_04;line_23_24;line_26_27;line_29_30
full_benders_A10_B010_K05_top003,10,10,5,75,24952.453988139285,8.226134583997919,14.992403208001633,0.5523202500007756,0.005366902621314874,14860.0,229,False,False,False,line_03_04;line_03_23;line_08_09;line_12_13;line_19_20
full_benders_A10_B010_K05_top003,10,10,5,76,27622.15447599755,9.499947999996948,14.282907541004533,0.6173550420026004,0.013993111945297884,15961.0,232,False,False,False,line_13_14;line_16_17;line_23_24;line_26_27;line_29_30
full_benders_A10_B010_K05_top003,10,10,5,77,23837.05163100286,22.846738708001794,14.205394208001962,0.5593206249977811,3.7238952311360705e-14,14895.0,235,True,False,False,line_03_04;line_09_10;line_12_13;line_19_20;line_24_25
full_benders_A10_B010_K05_top003,10,10,5,78,26948.206134275533,23.881764542002202,13.369126666002558,0.618227000002662,5.507956061704373e-14,15810.0,238,False,False,False,line_02_03;line_05_06;line_06_26;line_20_21;line_27_28
full_benders_A10_B010_K05_top003,10,10,5,79,24648.814912218368,10.005357499998354,9.594312417000765,0.6035192499984987,0.0,10905.0,241,True,False,False,line_02_19;line_03_23;line_10_11;line_13_14;line_30_31
full_benders_A10_B010_K05_top003,10,10,5,80,58405.291624999954,22.53614000000016,7.072620626000571,0.4734471250012575,0.01212179733991929,3748.0,244,True,False,False,line_03_04;line_03_23;line_15_16;line_24_25;line_30_31
full_benders_A10_B010_K05_top003,10,10,5,81,33946.486157685926,26.510968334001518,9.533705667003233,0.5685941669980821,0.014166487074896754,8927.0,247,True,False,False,line_01_02;line_04_05;line_15_16;line_30_31;line_31_32
full_benders_A10_B010_K05_top003,10,10,5,82,39583.29409812932,24.527341000000888,14.860881790998974,0.5716946250031469,0.007166789784916406,11706.0,250,False,False,False,line_02_03;line_02_19;line_11_12;line_15_16;line_23_24
full_benders_A10_B010_K05_top003,10,10,5,83,42905.712190995924,15.1190527079998,9.061317956999119,0.5691987909995078,0.019330864292643777,4765.0,253,True,False,False,line_01_02;line_11_12;line_14_15;line_20_21;line_30_31
full_benders_A10_B010_K05_top003,10,10,5,84,58553.69702038239,22.922245084002498,7.294533000000229,0.619913667000219,0.0,5467.0,256,True,False,False,line_03_23;line_06_07;line_08_09;line_10_11;line_15_16
full_benders_A10_B010_K05_top003,10,10,5,85,23071.14767848444,19.9878027090017,11.29774687600002,0.6151251250012137,8.565368559942505e-14,10538.0,259,True,False,False,line_05_06;line_08_09;line_11_12;line_21_22;line_23_24
full_benders_A10_B010_K05_top003,10,10,5,86,25167.442491047026,9.50880904099904,12.198940541999036,0.6133825420001813,6.412496160167838e-15,9835.0,262,True,False,False,line_02_19;line_06_07;line_07_08;line_24_25;line_30_31
full_benders_A10_B010_K05_top003,10,10,5,87,49271.21683912026,46.4695040000006,13.111581250002928,0.6036424160010938,0.017124667413079143,11022.0,265,False,False,False,line_06_07;line_10_11;line_19_20;line_21_22;line_23_24
full_benders_A10_B010_K05_top003,10,10,5,88,44202.99425844813,15.329028791999008,8.71904008400088,0.5738159579996136,0.0,5802.0,268,True,False,False,line_02_19;line_03_04;line_03_23;line_07_08;line_10_11
full_benders_A10_B010_K05_top003,10,10,5,89,32728.444439695682,10.411377665997861,8.02183012399837,0.616917374998593,1.9047590170844146e-12,4238.0,271,False,False,False,line_03_04;line_03_23;line_05_06;line_19_20;line_21_22
full_benders_A10_B010_K05_top003,10,10,5,90,22955.8029252697,10.57156166599816,10.292216042005748,0.6479307919980783,0.01730960477152528,5030.0,274,True,False,False,line_02_19;line_03_04;line_19_20;line_21_22;line_23_24
full_benders_A10_B010_K05_top003,10,10,5,91,25450.988709470083,21.823755208002694,9.130100667000079,0.6286681249985122,0.01783851587224246,5213.0,277,False,False,False,line_03_04;line_03_23;line_06_07;line_07_08;line_19_20
full_benders_A10_B010_K05_top003,10,10,5,92,23335.162351997424,6.999037749999843,9.980760624002869,0.5663405830018746,0.014320895679885854,6079.0,280,False,False,False,line_02_19;line_05_06;line_06_07;line_07_08;line_23_24
full_benders_A10_B010_K05_top003,10,10,5,93,23905.53680847076,8.161863041998004,10.635917998002697,0.6282395410016761,6.889365894980145e-14,5178.0,283,False,False,False,line_03_04;line_06_07;line_07_08;line_19_20;line_23_24
full_benders_A10_B010_K05_top003,10,10,5,94,20034.957931914658,12.544732708000083,11.491271415998199,0.6282792919992062,0.0,8125.0,286,False,False,False,line_02_03;line_04_05;line_05_06;line_17_18;line_20_21
full_benders_A10_B010_K05_top003,10,10,5,95,18989.904745000946,11.47916233399883,10.395925666001858,0.6496550830015622,0.0,8209.0,289,False,False,False,line_01_02;line_05_06;line_17_18;line_21_22;line_30_31
full_benders_A10_B010_K05_top003,10,10,5,96,18835.193848006835,11.473055249996833,17.664526750999357,0.6344390000012936,1.1260524641528494e-13,14331.0,292,False,False,False,line_06_07;line_06_26;line_07_08;line_19_20;line_23_24
full_benders_A10_B010_K05_top003,10,10,5,97,14310.55246096282,11.590507207998598,18.297756874999322,0.6214026249981544,9.88139602698056e-13,14214.0,295,False,False,False,line_06_07;line_06_26;line_07_08;line_20_21;line_24_25
full_benders_A10_B010_K05_top003,10,10,5,98,18208.66806929506,14.66089012500015,18.190662332999636,0.5925494160001108,7.07270017120107e-14,16552.0,298,True,False,False,line_02_03;line_06_26;line_07_08;line_17_18;line_21_22
full_benders_A10_B010_K05_top003,10,10,5,99,36744.81264199689,16.82480625000244,2.6056849589986086,0.0,4.752316590691218e-15,1662.0,298,,False,False,line_02_19;line_06_07;line_13_14;line_26_27;line_30_31
full_benders_A10_B010_K07_top003,10,10,7,0,106360.69029300916,2.836837791997823,5.094034540998109,0.5722432080001454,0.018239532588231095,5671.0,4,True,False,False,line_03_23;line_06_07;line_06_26;line_09_10;line_12_13;line_19_20;line_29_30
full_benders_A10_B010_K07_top003,10,10,7,1,103250.17256400688,2.9561773749992426,5.341495208998822,0.5765641660000256,0.011253590347199801,6496.0,7,True,False,False,line_03_23;line_06_07;line_19_20;line_21_22;line_23_24;line_28_29;line_29_30
full_benders_A10_B010_K07_top003,10,10,7,2,85376.9585209894,3.08207316699918,11.208373707999272,0.6019895839999663,1.6384998687319933e-14,14634.0,10,True,False,False,line_01_02;line_02_03;line_06_26;line_12_13;line_17_18;line_21_22;line_29_30
full_benders_A10_B010_K07_top003,10,10,7,3,114001.63038599887,4.601931958000932,2.8456244170010905,0.590152708999085,0.01022513339430737,1720.0,13,True,False,False,line_01_02;line_02_19;line_05_06;line_10_11;line_19_20;line_28_29;line_31_32
full_benders_A10_B010_K07_top003,10,10,7,4,134173.6716180127,13.593739624997397,2.3513434170017717,0.5917550840022159,0.009709825480259712,2737.0,16,True,False,False,line_03_23;line_04_05;line_09_10;line_10_11;line_17_18;line_19_20;line_31_32
full_benders_A10_B010_K07_top003,10,10,7,5,86762.48865750013,10.076864874998137,6.001155708003353,0.6095665829998325,0.014528636825679198,6743.0,19,True,False,False,line_01_02;line_02_19;line_05_06;line_12_13;line_24_25;line_26_27;line_29_30
full_benders_A10_B010_K07_top003,10,10,7,6,90140.37032600632,10.574806500000705,36.04152704200533,0.5888887080000131,0.0,61474.0,22,True,False,False,line_06_07;line_09_10;line_10_11;line_15_16;line_19_20;line_26_27;line_31_32
full_benders_A10_B010_K07_top003,10,10,7,7,82525.5185080159,8.634964584001864,31.934656542001903,0.6138727079996897,0.019239774926158446,29644.0,25,True,False,False,line_01_02;line_02_19;line_05_06;line_07_08;line_09_10;line_19_20;line_23_24
full_benders_A10_B010_K07_top003,10,10,7,8,79851.63051803946,12.66982608300168,9.788223875002586,0.6056544579987531,4.926950706265696e-13,14097.0,28,False,False,False,line_01_02;line_02_03;line_03_23;line_06_26;line_14_15;line_19_20;line_31_32
full_benders_A10_B010_K07_top003,10,10,7,9,70407.16174999648,3.5311626250004338,14.293370249997679,0.6014408330011065,0.01762397793650869,25090.0,31,True,False,False,line_01_02;line_02_03;line_06_26;line_14_15;line_19_20;line_23_24;line_31_32
full_benders_A10_B010_K07_top003,10,10,7,10,96220.29962324258,11.647105042000476,5.93669554099688,0.6005383749979956,0.018881932258671272,4620.0,34,True,False,False,line_03_23;line_04_05;line_06_26;line_09_10;line_10_11;line_28_29;line_29_30
full_benders_A10_B010_K07_top003,10,10,7,11,89167.2399315238,14.01800804099912,5.9897009180022,0.6014879579997796,0.01801789929480753,3957.0,37,False,False,False,line_01_02;line_02_03;line_03_23;line_08_09;line_14_15;line_28_29;line_29_30
full_benders_A10_B010_K07_top003,10,10,7,12,84144.09238500148,4.1034984170000826,5.969913207998616,0.6037404160015285,0.014391688058564004,4332.0,40,False,False,False,line_01_02;line_02_03;line_08_09;line_14_15;line_15_16;line_28_29;line_29_30
full_benders_A10_B010_K07_top003,10,10,7,13,80141.2524660069,4.334454042000289,5.322778916997777,0.6070461249983055,0.016988050903482082,3952.0,43,True,False,False,line_01_02;line_02_03;line_03_23;line_08_09;line_14_15;line_15_16;line_32_33
full_benders_A10_B010_K07_top003,10,10,7,14,86014.339883012,7.949919624999893,14.447106333002012,0.6371270420022483,0.014368391339019121,14229.0,46,True,False,False,line_01_02;line_02_03;line_02_19;line_06_07;line_08_09;line_09_10;line_23_24
full_benders_A10_B010_K07_top003,10,10,7,15,93209.23997886619,11.933401333997608,10.625255709001067,0.6482305829995312,0.0,13389.0,49,True,False,False,line_03_04;line_05_06;line_06_07;line_06_26;line_15_16;line_23_24;line_31_32
full_benders_A10_B010_K07_top003,10,10,7,16,89349.51099401759,12.419500667001557,15.766217542004597,0.587752791998355,0.010254120615820907,19638.0,52,True,False,False,line_02_19;line_03_23;line_06_07;line_13_14;line_21_22;line_26_27;line_29_30
full_benders_A10_B010_K07_top003,10,10,7,17,77357.48426401359,9.239448083000752,8.384355541998957,0.6020100839996303,0.0,9438.0,55,False,False,False,line_01_02;line_02_03;line_02_19;line_03_23;line_06_26;line_19_20;line_29_30
full_benders_A10_B010_K07_top003,10,10,7,18,68514.21301400336,5.1204442499984,11.866279832996952,0.6421103329994367,0.014792582007709087,9639.0,58,False,False,False,line_01_02;line_02_03;line_02_19;line_06_26;line_19_20;line_23_24;line_29_30
full_benders_A10_B010_K07_top003,10,10,7,19,56719.32598600886,9.017152749998786,24.508691209000972,0.6461261250005919,0.005988701119291564,29928.0,61,True,False,False,line_01_02;line_02_03;line_02_19;line_04_05;line_05_06;line_06_07;line_19_20
full_benders_A10_B010_K07_top003,10,10,7,20,75360.26531000622,11.230073250000714,8.849135415999626,0.6283783749968279,0.018405259211000263,10383.0,64,False,False,False,line_01_02;line_02_03;line_03_23;line_08_09;line_17_18;line_19_20;line_20_21
full_benders_A10_B010_K07_top003,10,10,7,21,70476.36890498921,4.849014249997708,7.045236082001793,0.634822374999203,0.01057652320743421,5275.0,67,True,False,False,line_01_02;line_02_03;line_06_26;line_10_11;line_17_18;line_19_20;line_28_29
full_benders_A10_B010_K07_top003,10,10,7,22,75688.9339360001,15.459433708998404,33.49083462499766,0.6406275000008463,0.01359833959306673,52466.0,70,False,False,False,line_01_02;line_02_03;line_03_23;line_12_13;line_21_22;line_28_29;line_31_32
full_benders_A10_B010_K07_top003,10,10,7,23,74068.26879699784,4.688159458000882,34.844724792001216,0.6235832500024117,0.018347862419646782,63584.0,73,False,False,False,line_01_02;line_02_03;line_12_13;line_16_17;line_21_22;line_28_29;line_31_32
full_benders_A10_B010_K07_top003,10,10,7,24,70963.26816802938,5.1482912080027745,22.54690625099829,0.6323818749988277,0.0,26269.0,76,False,False,False,line_01_02;line_02_03;line_03_23;line_12_13;line_16_17;line_21_22;line_29_30
full_benders_A10_B010_K07_top003,10,10,7,25,70451.84007199295,4.542540292000922,30.90797800099972,0.6348460840017651,0.0,36910.0,79,True,False,False,line_01_02;line_02_03;line_12_13;line_16_17;line_20_21;line_28_29;line_31_32
full_benders_A10_B010_K07_top003,10,10,7,26,80008.59441197803,10.371533000001364,6.53745070900186,0.6173430000017106,0.016873225748474923,6744.0,82,True,False,False,line_02_03;line_05_06;line_06_26;line_08_09;line_19_20;line_21_22;line_23_24
full_benders_A10_B010_K07_top003,10,10,7,27,101289.40702038514,11.19062466700052,2.6974200410004414,0.6091366660002677,0.018699937231452766,2343.0,85,False,False,False,line_03_04;line_03_23;line_07_08;line_08_09;line_11_12;line_12_13;line_31_32
full_benders_A10_B010_K07_top003,10,10,7,28,92645.12558598677,6.403821833002439,2.4971237080026185,0.6240709580015391,0.013421692405084734,1866.0,88,True,False,False,line_03_04;line_07_08;line_08_09;line_11_12;line_12_13;line_23_24;line_31_32
full_benders_A10_B010_K07_top003,10,10,7,29,75186.28767126659,8.218979124998441,16.615026750998368,0.6192025409982307,0.011282649081780146,20522.0,91,True,False,False,line_03_04;line_03_23;line_05_06;line_12_13;line_24_25;line_28_29;line_31_32
full_benders_A10_B010_K07_top003,10,10,7,30,106542.24288900872,18.707859874997666,10.801852541004337,0.624944040999253,3.4127984049153134e-13,27141.0,94,True,False,False,line_02_03;line_05_06;line_06_07;line_06_26;line_09_10;line_10_11;line_16_17
full_benders_A10_B010_K07_top003,10,10,7,31,104217.84092800785,16.032904875002714,7.488605958002154,0.6196075000007113,0.01684279340775651,8492.0,97,False,False,False,line_03_23;line_06_07;line_06_26;line_11_12;line_12_13;line_17_18;line_29_30
full_benders_A10_B010_K07_top003,10,10,7,32,93949.95665299031,2.7934705000006943,8.739705708998372,0.5763195830004406,0.013614709798289637,10775.0,100,True,False,False,line_06_07;line_06_26;line_11_12;line_12_13;line_17_18;line_23_24;line_29_30
full_benders_A10_B010_K07_top003,10,10,7,33,100824.82484304043,19.194548584000586,6.990579751003679,0.622344666000572,0.009528652009525001,11010.0,103,False,False,False,line_03_23;line_06_07;line_06_26;line_10_11;line_11_12;line_20_21;line_29_30
full_benders_A10_B010_K07_top003,10,10,7,34,91626.06382150063,5.014828583000053,10.311606958002812,0.5612153750007565,0.014646825056451028,16221.0,106,True,False,False,line_06_07;line_06_26;line_10_11;line_11_12;line_20_21;line_23_24;line_29_30
full_benders_A10_B010_K07_top003,10,10,7,35,82671.42269920022,14.47819704200083,5.854630167999858,0.5607817920026719,0.019145332208023134,4645.0,109,True,False,False,line_03_23;line_04_05;line_05_06;line_08_09;line_24_25;line_26_27;line_31_32
full_benders_A10_B010_K07_top003,10,10,7,36,101554.57932712603,20.487456208000367,4.527787667004304,0.6650430830013647,0.0,4106.0,112,True,False,False,line_03_04;line_03_23;line_05_06;line_06_07;line_06_26;line_14_15;line_29_30
full_benders_A10_B010_K07_top003,10,10,7,37,71947.30408652802,12.596174083002552,20.59281537499919,0.6365938749986526,0.01819622438122551,19532.0,115,False,False,False,line_01_02;line_03_04;line_07_08;line_13_14;line_26_27;line_27_28;line_29_30
full_benders_A10_B010_K07_top003,10,10,7,38,61625.945819004904,16.458470334000594,36.67973808200259,0.6320357090007747,4.525710937464056e-13,34994.0,118,True,False,False,line_01_02;line_03_04;line_07_08;line_14_15;line_26_27;line_27_28;line_29_30
full_benders_A10_B010_K07_top003,10,10,7,39,73622.13100606622,36.38664575000075,25.730018334001215,0.6193878340018273,1.9988261650456985e-14,40756.0,121,False,False,False,line_02_19;line_03_04;line_03_23;line_07_08;line_11_12;line_14_15;line_21_22
full_benders_A10_B010_K07_top003,10,10,7,40,72044.97995700897,9.048174707997532,24.390643457001715,0.6118074580008397,0.019764967985107414,35597.0,124,True,False,False,line_02_03;line_02_19;line_07_08;line_11_12;line_14_15;line_21_22;line_31_32
full_benders_A10_B010_K07_top003,10,10,7,41,74309.08973922208,16.421157499997207,8.874916875000054,0.613918916998955,7.4963549802153e-13,11158.0,127,False,False,False,line_01_02;line_02_03;line_03_04;line_03_23;line_05_06;line_12_13;line_19_20
full_benders_A10_B010_K07_top003,10,10,7,42,66782.00014100806,4.573014292000153,15.964480999999068,0.5614567089978664,0.0,22193.0,130,True,False,False,line_01_02;line_02_03;line_03_04;line_05_06;line_12_13;line_19_20;line_29_30
full_benders_A10_B010_K07_top003,10,10,7,43,95848.5587766848,18.1045875000018,2.796200708999095,0.547664708999946,0.015900281045820905,1941.0,133,True,False,False,line_02_19;line_03_04;line_03_23;line_05_06;line_08_09;line_26_27;line_29_30
full_benders_A10_B010_K07_top003,10,10,7,44,91113.50877384399,40.22571125000104,18.514625918000092,0.6272534579984494,2.858843722441985e-14,16757.0,136,True,False,False,line_02_03;line_03_04;line_06_07;line_06_26;line_09_10;line_16_17;line_31_32
full_benders_A10_B010_K07_top003,10,10,7,45,104450.36991527956,16.278061290999176,8.002885125999455,0.6186189580002974,0.019872163085515794,10488.0,139,True,False,False,line_02_03;line_05_06;line_06_07;line_10_11;line_11_12;line_28_29;line_29_30
full_benders_A10_B010_K07_top003,10,10,7,46,100354.75053099636,18.17315179200159,6.286153208002361,0.6190351670011296,0.018005294588298686,8390.0,142,True,False,False,line_02_19;line_07_08;line_09_10;line_10_11;line_23_24;line_26_27;line_29_30
full_benders_A10_B010_K07_top003,10,10,7,47,67564.65910246642,11.789635791999899,13.61177683400092,0.5619489999990037,0.00638515652123583,8246.0,145,True,False,False,line_01_02;line_02_03;line_02_19;line_08_09;line_14_15;line_28_29;line_29_30
full_benders_A10_B010_K07_top003,10,10,7,48,74504.86886700313,14.137765457999194,4.889298999001767,0.6431720830005361,0.018170765723337354,4207.0,148,True,False,False,line_02_19;line_04_05;line_05_06;line_06_26;line_10_11;line_23_24;line_27_28
full_benders_A10_B010_K07_top003,10,10,7,49,72512.17882067198,33.02160025000194,30.3914474589983,0.5656886659999145,0.0192073416783102,38419.0,151,False,False,False,line_02_19;line_03_04;line_03_23;line_05_06;line_06_07;line_09_10;line_21_22
full_benders_A10_B010_K07_top003,10,10,7,50,64316.217511007795,6.398169625001174,58.71545908299959,0.633727666001505,0.0,87683.0,154,True,False,False,line_01_02;line_02_19;line_06_07;line_09_10;line_14_15;line_17_18;line_21_22
full_benders_A10_B010_K07_top003,10,10,7,51,99023.91534033488,12.950261709000188,6.495668666000711,0.6151682089985115,0.011755378528714902,6957.0,157,True,False,False,line_03_04;line_03_23;line_13_14;line_14_15;line_27_28;line_28_29;line_29_30
full_benders_A10_B010_K07_top003,10,10,7,52,86932.33853528323,13.957971416002692,2.8821702920067764,0.620014625001204,0.005883164919142042,2467.0,160,False,False,False,line_03_04;line_03_23;line_05_06;line_06_26;line_08_09;line_20_21;line_29_30
full_benders_A10_B010_K07_top003,10,10,7,53,83247.01673047268,5.153316208998149,3.50786974899529,0.6154920000008133,0.008779211552623598,2423.0,163,True,False,False,line_03_04;line_05_06;line_06_26;line_08_09;line_20_21;line_23_24;line_29_30
full_benders_A10_B010_K07_top003,10,10,7,54,50202.457685979665,14.700435291000758,48.117091083997366,0.575680583002395,0.014915768076350677,47408.0,166,True,False,False,line_01_02;line_03_04;line_05_06;line_06_26;line_14_15;line_23_24;line_27_28
full_benders_A10_B010_K07_top003,10,10,7,55,95484.60638299049,18.192658749998373,8.871768791999784,0.6098724589974154,0.018702070990947346,12485.0,169,True,False,False,line_06_26;line_07_08;line_09_10;line_12_13;line_19_20;line_21_22;line_23_24
full_benders_A10_B010_K07_top003,10,10,7,56,108841.51046700659,20.19271979199766,9.237901125001372,0.5555158749994007,0.009343828294911436,18509.0,172,True,False,False,line_03_23;line_04_05;line_13_14;line_14_15;line_26_27;line_27_28;line_31_32
full_benders_A10_B010_K07_top003,10,10,7,57,79014.89707132918,16.96988891699948,29.1368713319971,0.6266055420019256,0.0,39942.0,175,True,False,False,line_01_02;line_06_07;line_09_10;line_12_13;line_19_20;line_21_22;line_23_24
full_benders_A10_B010_K07_top003,10,10,7,58,99726.426521988,16.406177958000626,1.4513874590011255,0.6239297080028336,0.017762784131819385,440.0,178,True,False,False,line_02_03;line_05_06;line_07_08;line_20_21;line_30_31;line_31_32;line_32_33
full_benders_A10_B010_K07_top003,10,10,7,59,56649.67393326759,16.121461292001186,8.49885904099574,0.6486954579995654,0.018195107180924836,4470.0,181,True,False,False,line_01_02;line_02_03;line_02_19;line_03_23;line_14_15;line_17_18;line_20_21
full_benders_A10_B010_K07_top003,10,10,7,60,101253.38899000641,14.73486100000082,3.995645083999989,0.6514733330004674,0.01058918623386639,4783.0,184,True,False,False,line_02_03;line_05_06;line_06_07;line_13_14;line_19_20;line_26_27;line_29_30
full_benders_A10_B010_K07_top003,10,10,7,61,85913.76348948875,13.425946166997164,5.030571833001886,0.6412177500023972,0.004184445442294838,4245.0,187,True,False,False,line_03_23;line_07_08;line_11_12;line_14_15;line_19_20;line_26_27;line_29_30
full_benders_A10_B010_K07_top003,10,10,7,62,79392.28974384442,15.99161366699991,7.247708874005184,0.5933210000002873,0.01873647116249711,7261.0,190,True,False,False,line_01_02;line_02_19;line_03_04;line_06_07;line_11_12;line_28_29;line_31_32
full_benders_A10_B010_K07_top003,10,10,7,63,105640.52243102761,15.378264916998887,4.04033258400159,0.6323353340012545,0.01876985812030187,3286.0,193,True,False,False,line_03_23;line_04_05;line_16_17;line_19_20;line_21_22;line_27_28;line_31_32
full_benders_A10_B010_K07_top003,10,10,7,64,90237.88452099892,15.43172629199762,11.619712540999899,0.6471301669989771,0.0,17029.0,196,True,False,False,line_01_02;line_02_03;line_05_06;line_07_08;line_09_10;line_10_11;line_17_18
full_benders_A10_B010_K07_top003,10,10,7,65,99821.98604101548,16.691097250000894,4.088865458001237,0.6283905409982253,0.01871939169677708,4359.0,199,True,False,False,line_02_03;line_05_06;line_06_07;line_16_17;line_17_18;line_19_20;line_21_22
full_benders_A10_B010_K07_top003,10,10,7,66,78453.87011199049,16.860398417000397,57.78324408399931,0.6489077499973064,0.011649021629662647,39169.0,202,True,False,False,line_01_02;line_07_08;line_11_12;line_12_13;line_14_15;line_27_28;line_31_32
full_benders_A10_B010_K07_top003,10,10,7,67,80410.8333849858,15.08658637500048,7.261247667000134,0.6346577080003044,0.006045014341326116,7990.0,205,True,False,False,line_02_19;line_03_04;line_05_06;line_12_13;line_23_24;line_26_27;line_29_30
full_benders_A10_B010_K07_top003,10,10,7,68,81957.0980340133,50.008443999999145,27.91787795899654,0.6279687080022995,0.019155846264099847,31561.0,208,True,False,False,line_03_04;line_03_23;line_06_26;line_09_10;line_12_13;line_16_17;line_20_21
full_benders_A10_B010_K07_top003,10,10,7,69,83783.4452844339,21.955749332999403,6.886460499998066,0.623797458003537,0.017439419811132596,7758.0,211,False,False,False,line_02_19;line_03_23;line_08_09;line_15_16;line_16_17;line_26_27;line_29_30
full_benders_A10_B010_K07_top003,10,10,7,70,75860.26783698774,7.276002083999629,12.562600665998616,0.6318057499993301,0.01868973153441226,18232.0,214,True,False,False,line_01_02;line_02_19;line_03_23;line_08_09;line_15_16;line_26_27;line_29_30
full_benders_A10_B010_K07_top003,10,10,7,71,82131.48240163573,9.82609337499889,7.604591166997125,0.5615436250009225,0.018272618928380727,6114.0,217,True,False,False,line_03_23;line_06_07;line_06_26;line_08_09;line_19_20;line_21_22;line_31_32
full_benders_A10_B010_K07_top003,10,10,7,72,62931.694366084645,23.088243375001184,14.505824290998135,0.6356539579974196,0.01915048895766172,10569.0,220,True,False,False,line_02_03;line_05_06;line_16_17;line_19_20;line_21_22;line_26_27;line_31_32
full_benders_A10_B010_K07_top003,10,10,7,73,82802.91108610341,19.070069665998744,8.294697790999635,0.6354305829991063,1.3788329526662313e-13,6406.0,223,True,False,False,line_01_02;line_02_19;line_04_05;line_08_09;line_20_21;line_24_25;line_29_30
full_benders_A10_B010_K07_top003,10,10,7,74,58797.93817659374,41.943373207999684,16.321384748996934,0.6490657920003287,0.006768944758566434,19382.0,226,True,False,False,line_01_02;line_02_19;line_05_06;line_06_07;line_10_11;line_28_29;line_29_30
full_benders_A10_B010_K07_top003,10,10,7,75,100239.55893098935,24.440499125001224,3.6990646249978454,0.553071792000992,0.013827302923767085,3894.0,229,True,False,False,line_02_03;line_05_06;line_06_26;line_08_09;line_17_18;line_31_32;line_32_33
full_benders_A10_B010_K07_top003,10,10,7,76,58189.29338578135,18.298183667000558,60.45050100000299,0.6455558339985146,0.010621684709203378,52561.0,232,True,False,False,line_01_02;line_02_19;line_12_13;line_15_16;line_16_17;line_21_22;line_23_24
full_benders_A10_B010_K07_top003,10,10,7,77,75832.50431499328,38.50583441600247,7.492143124996801,0.5659878750011558,0.019953750475011526,6725.0,235,True,False,False,line_02_03;line_04_05;line_06_26;line_12_13;line_16_17;line_20_21;line_30_31
full_benders_A10_B010_K07_top003,10,10,7,78,56270.646256940905,9.745595708998735,145.6783146659982,0.6377744999990682,0.010931896522875259,50592.0,238,True,False,False,line_02_03;line_03_04;line_12_13;line_15_16;line_19_20;line_21_22;line_24_25
full_benders_A10_B010_K07_top003,10,10,7,79,61079.64320963854,25.696421874999942,31.627723832996708,0.6417386249995616,0.0,35401.0,241,True,False,False,line_01_02;line_02_19;line_06_26;line_13_14;line_14_15;line_20_21;line_29_30
full_benders_A10_B010_K07_top003,10,10,7,80,73935.02646021778,22.568370875000255,7.350519043000531,0.5110391249982058,0.01687982059638866,8191.0,244,False,False,False,line_02_19;line_03_23;line_06_26;line_08_09;line_13_14;line_14_15;line_29_30
full_benders_A10_B010_K07_top003,10,10,7,81,72580.12836821703,5.399103332998493,6.763432790998195,0.6222308750002412,0.01709522346343641,7716.0,247,False,False,False,line_02_19;line_03_23;line_06_26;line_08_09;line_12_13;line_14_15;line_29_30
full_benders_A10_B010_K07_top003,10,10,7,82,71014.11861499608,6.880097583998577,9.639504667000438,0.6206679160022759,0.01918900546245417,12161.0,250,True,False,False,line_02_19;line_06_26;line_08_09;line_13_14;line_14_15;line_23_24;line_29_30
full_benders_A10_B010_K07_top003,10,10,7,83,86145.53810929647,21.101838416998362,8.93602600000304,0.6428717499984486,0.01430840239690975,8632.0,253,True,False,False,line_06_07;line_06_26;line_08_09;line_09_10;line_16_17;line_23_24;line_29_30
full_benders_A10_B010_K07_top003,10,10,7,84,70954.64066698286,23.7899538749989,10.911394960006874,0.6437286250002217,0.01820884642071822,8797.0,256,True,False,False,line_01_02;line_02_03;line_05_06;line_13_14;line_16_17;line_28_29;line_29_30
full_benders_A10_B010_K07_top003,10,10,7,85,67097.69650000148,19.27909454100154,7.186694290998275,0.6415870829987398,5.800661105947989e-06,2977.0,259,True,False,False,line_01_02;line_02_03;line_05_06;line_19_20;line_20_21;line_28_29;line_29_30
full_benders_A10_B010_K07_top003,10,10,7,86,90063.75258046458,23.675526209000964,9.633481749995553,0.6420680410010391,0.01797695254089243,13498.0,262,True,False,False,line_02_03;line_05_06;line_06_07;line_13_14;line_14_15;line_19_20;line_24_25
full_benders_A10_B010_K07_top003,10,10,7,87,76896.25168498047,13.049383207999199,14.779577376000816,0.6566776250001567,0.015594135683680668,12275.0,265,True,False,False,line_01_02;line_07_08;line_08_09;line_14_15;line_19_20;line_26_27;line_29_30
full_benders_A10_B010_K07_top003,10,10,7,88,89074.14257903257,23.734367875000316,9.679616166002234,0.6501041250012349,0.01295865077649925,15111.0,268,True,False,False,line_06_07;line_06_26;line_08_09;line_11_12;line_17_18;line_20_21;line_31_32
full_benders_A10_B010_K07_top003,10,10,7,89,58376.61011670646,19.73192295899935,23.824044874996616,0.6701101250000647,0.01726595180420862,31276.0,271,True,False,False,line_01_02;line_02_19;line_04_05;line_11_12;line_17_18;line_24_25;line_29_30
full_benders_A10_B010_K07_top003,10,10,7,90,74181.33857867634,25.208598375000292,7.7959128330039675,0.64102987500155,0.019611718650974823,9560.0,274,False,False,False,line_02_19;line_03_04;line_03_23;line_05_06;line_08_09;line_17_18;line_32_33
full_benders_A10_B010_K07_top003,10,10,7,91,71434.40510976594,8.638967833998322,7.688299209003162,0.6396564999995462,0.0169577742376491,8658.0,277,True,False,False,line_01_02;line_02_19;line_03_04;line_05_06;line_08_09;line_17_18;line_23_24
full_benders_A10_B010_K07_top003,10,10,7,92,55222.63441835507,15.436500583000452,14.475482751000527,0.5810550419992069,0.019701132307878618,8901.0,280,True,False,False,line_01_02;line_02_19;line_03_04;line_06_26;line_24_25;line_28_29;line_31_32
full_benders_A10_B010_K07_top003,10,10,7,93,62440.74847399467,14.811741958998027,26.54352787500102,0.6469520409991674,0.012362529198203746,33147.0,283,True,False,False,line_06_07;line_06_26;line_13_14;line_14_15;line_19_20;line_21_22;line_31_32
full_benders_A10_B010_K07_top003,10,10,7,94,85742.58482229011,24.853292542000418,7.062157874999684,0.6400455000002694,0.018847510341109354,10844.0,286,False,False,False,line_03_23;line_04_05;line_06_26;line_07_08;line_12_13;line_26_27;line_31_32
full_benders_A10_B010_K07_top003,10,10,7,95,74677.74060399807,38.38406566699996,12.733172499003558,0.6307878750012605,0.017252127710296564,18520.0,289,True,False,False,line_08_09;line_11_12;line_12_13;line_20_21;line_23_24;line_26_27;line_31_32
full_benders_A10_B010_K07_top003,10,10,7,96,61160.289852856426,22.647751166998205,13.745768582997698,0.6413517500004673,0.015951521176176337,20254.0,292,True,False,False,line_02_19;line_03_04;line_03_23;line_05_06;line_08_09;line_13_14;line_14_15
full_benders_A10_B010_K07_top003,10,10,7,97,71233.6587314785,19.263571041999967,32.59898874999999,0.6379420000012033,0.01937453070210695,24905.0,295,True,False,False,line_03_23;line_06_07;line_06_26;line_09_10;line_12_13;line_15_16;line_28_29
full_benders_A10_B010_K07_top003,10,10,7,98,41570.91266633384,16.988361624997196,22.39232337499925,0.659330582999246,0.013795255904040982,24447.0,298,True,False,False,line_01_02;line_02_03;line_06_26;line_08_09;line_13_14;line_19_20;line_28_29
full_benders_A10_B010_K07_top003,10,10,7,99,67772.68470952567,19.095241917002568,21.36677108400181,0.0,0.014520003244218925,21816.0,298,,False,False,line_01_02;line_03_23;line_06_07;line_10_11;line_11_12;line_15_16;line_23_24
full_benders_A10_B020_K02_top003,10,20,2,0,53639.89566300146,2.938559416999965,11.33888054199997,1.2519474160000073,0.003932678839508561,799.0,4,True,False,False,line_03_23;line_06_07
full_benders_A10_B020_K02_top003,10,20,2,1,49361.96148450137,3.7258152080000855,9.511998707999965,1.2480352499999299,1.9316530890346128e-13,1115.0,7,True,False,False,line_01_02;line_02_03
full_benders_A10_B020_K02_top003,10,20,2,2,41007.13364199872,3.536506374999931,19.656843916999946,1.3298943330000839,2.23103976378886e-13,872.0,10,True,False,False,line_01_02;line_03_23
full_benders_A10_B020_K02_top003,10,20,2,3,31510.911670496716,5.663760666999906,15.279456750000008,1.2395711249999977,1.0437893127148242e-13,1757.0,13,True,False,False,line_06_26;line_31_32
full_benders_A10_B020_K02_top003,10,20,2,4,31460.151308999346,7.765174000000002,15.187174583999877,1.2758233749998453,2.659666564895832e-14,852.0,16,False,False,True,line_01_02;line_02_03
full_benders_A10_B020_K02_top003,10,20,2,5,32736.439478054468,2.2258932500001265,15.845384790999788,1.254339125000115,2.0678807981452735e-13,967.0,19,False,False,False,line_06_07;line_13_14
full_benders_A10_B020_K02_top003,10,20,2,6,26955.00634399813,3.239882333999958,19.13312999999971,1.3307003750001059,4.8047492135464644e-14,1003.0,22,True,False,False,line_02_03;line_19_20
full_benders_A10_B020_K02_top003,10,20,2,7,24171.413039501174,5.620937665999918,19.699267374999863,1.297426749999886,0.0,1565.0,25,True,False,False,line_03_04;line_19_20
full_benders_A10_B020_K02_top003,10,20,2,8,28667.017048843292,8.525110333999919,16.336821041999883,1.3451019169999654,1.1747583358322146e-13,1286.0,28,False,False,False,line_06_07;line_09_10
full_benders_A10_B020_K02_top003,10,20,2,9,23518.205634998827,8.740990540999974,20.7346840419998,1.2932893750000858,1.5112995224598396e-13,1598.0,31,True,False,False,line_07_08;line_08_09
full_benders_A10_B020_K02_top003,10,20,2,10,24290.58288354712,5.340320292000115,14.21958983400009,1.337190666999959,7.847900991323117e-14,1149.0,34,False,False,False,line_03_23;line_08_09
full_benders_A10_B020_K02_top003,10,20,2,11,22360.384685000565,2.4283917090001523,16.03771620800012,1.2784409589999086,4.430463530821079e-14,1390.0,37,False,False,False,line_08_09;line_23_24
full_benders_A10_B020_K02_top003,10,20,2,12,16943.430822001406,3.6324939169999197,16.032292583999833,1.3357149170001321,6.245727831224622e-14,1779.0,40,True,False,False,line_08_09;line_24_25
full_benders_A10_B020_K02_top003,10,20,2,13,21195.284802007984,8.107943624999962,16.433479999999918,1.2214779170001293,1.694962764679684e-14,1391.0,43,False,False,False,line_02_19;line_16_17
full_benders_A10_B020_K02_top003,10,20,2,14,17661.586432998913,2.651367917000016,18.995207166999762,1.30141975000015,1.174763456970252e-13,1591.0,46,True,False,False,line_11_12;line_15_16
full_benders_A10_B020_K02_top003,10,20,2,15,26876.554591623863,10.474281458000178,15.761988415999895,1.2949768329999642,2.4766556668037635e-13,1093.0,49,True,False,False,line_03_23;line_19_20
full_benders_A10_B020_K02_top003,10,20,2,16,16355.920687999169,3.512114582999857,17.545196292000128,1.2313514170000417,1.5658776592575123e-13,1200.0,52,True,False,False,line_13_14;line_16_17
full_benders_A10_B020_K02_top003,10,20,2,17,14156.858422999598,7.665531207999948,18.561983833000113,1.2142807500001709,8.428826601725511e-14,1246.0,55,False,False,False,line_20_21;line_23_24
full_benders_A10_B020_K02_top003,10,20,2,18,9035.965364498436,10.79210354199995,21.086324584000295,1.3035221659999934,1.7835666102413023e-13,1701.0,58,True,False,False,line_08_09;line_12_13
full_benders_A10_B020_K02_top003,10,20,2,19,24212.155557963357,5.917253040999867,15.273788917000275,1.290661875000069,0.0,972.0,61,False,False,False,line_02_19;line_14_15
full_benders_A10_B020_K02_top003,10,20,2,20,15362.099849001504,7.313170833999948,17.271421208999527,1.3125467499999104,0.0,1447.0,64,True,False,False,line_03_23;line_24_25
full_benders_A10_B020_K02_top003,10,20,2,21,17223.510633498023,8.532191000000012,21.971272124999814,1.3152072920001956,1.7001132315577513e-13,1620.0,67,False,False,False,line_03_23;line_15_16
full_benders_A10_B020_K02_top003,10,20,2,22,14128.879980365338,7.261000374999867,19.068849540999963,1.304741083999943,1.8165704951389514e-13,1725.0,70,True,False,False,line_15_16;line_23_24
full_benders_A10_B020_K02_top003,10,20,2,23,18905.927410016855,11.806580624999924,14.673363415999802,1.313629125000034,0.0,1179.0,73,False,False,False,line_02_19;line_05_06
full_benders_A10_B020_K02_top003,10,20,2,24,13386.624992073863,2.641340166999953,18.930533749999995,1.3434803749998991,2.3265641148376897e-13,1393.0,76,False,False,True,line_03_04;line_23_24
full_benders_A10_B020_K02_top003,10,20,2,25,11594.84874245865,4.9521675420000975,21.203736542000115,1.326892707999832,3.212883911819856e-13,1445.0,79,False,False,False,line_06_26;line_19_20
full_benders_A10_B020_K02_top003,10,20,2,26,9874.925923000672,9.445192832999965,20.871450375999984,1.3414160830000128,1.3446807347644192e-13,1610.0,82,True,False,False,line_14_15;line_17_18
full_benders_A10_B020_K02_top003,10,20,2,27,14113.073482165579,9.787501457999952,22.279914540999926,1.268913750000138,9.779600582538792e-13,1514.0,85,False,False,False,line_16_17;line_24_25
full_benders_A10_B020_K02_top003,10,20,2,28,10073.686493116285,2.74092629200004,24.382235749999836,1.284961249999924,4.971762157098673e-13,1796.0,88,False,False,False,line_02_19;line_20_21
full_benders_A10_B020_K02_top003,10,20,2,29,9007.416405171374,3.929701583999986,24.827430082999854,1.3047915419999754,7.17829638832958e-13,1828.0,91,False,False,False,line_09_10;line_24_25
full_benders_A10_B020_K02_top003,10,20,2,30,7689.600471665501,6.057249416999866,21.04809554099984,1.3117380830001366,8.367692453544072e-13,1805.0,94,False,False,True,line_14_15;line_24_25
full_benders_A10_B020_K02_top003,10,20,2,31,7508.543606499996,4.706237915999964,25.29901783299988,1.3195845840000402,8.946097288240008e-13,1943.0,97,False,False,False,line_06_26;line_26_27
full_benders_A10_B020_K02_top003,10,20,2,32,7697.496102997538,4.589142457999969,23.470265834999736,1.3113005000000157,5.217277179861949e-13,1908.0,100,False,False,False,line_08_09;line_11_12
full_benders_A10_B020_K02_top003,10,20,2,33,5373.632635748974,5.994196542000054,22.064310000000205,1.316049208000095,9.74887908667374e-14,1808.0,103,False,False,False,line_04_05;line_23_24
full_benders_A10_B020_K02_top003,10,20,2,34,5209.648853500075,6.004934832999879,22.09333175000006,1.3285364999999274,1.350634602159584e-12,1881.0,106,False,False,False,line_06_07;line_26_27
full_benders_A10_B020_K02_top003,10,20,2,35,4597.073209247392,8.302326374999893,24.081673582999883,1.2072639590001017,6.10145092887679e-13,1957.0,109,False,False,False,line_03_23;line_21_22
full_benders_A10_B020_K02_top003,10,20,2,36,4589.415023749898,6.893304458000102,24.985080832999984,1.3093898749998516,6.373219562335533e-13,1890.0,112,False,False,False,line_17_18;line_24_25
full_benders_A10_B020_K02_top003,10,20,2,37,5803.234200998304,6.446502542000189,22.47579079099978,1.3443652920000204,1.1519069929800643e-13,1924.0,115,False,False,False,line_03_04;line_21_22
full_benders_A10_B020_K02_top003,10,20,2,38,3997.750296000595,6.818041583999957,23.531668540999817,1.3012874579999334,0.0,2026.0,118,False,False,False,line_16_17;line_21_22
full_benders_A10_B020_K02_top003,10,20,2,39,3542.410906999983,8.317052500000045,24.48494695699992,1.239190041000029,4.284284062902058e-14,2188.0,121,False,False,False,line_30_31;line_31_32
full_benders_A10_B020_K02_top003,10,20,2,40,2808.0382560001963,7.814706291999983,26.85702145900018,1.251010707999967,0.0,2234.0,124,False,False,False,line_15_16;line_32_33
full_benders_A10_B020_K02_top003,10,20,2,41,1960.9613819999613,7.110497832999954,27.060373125000297,1.3510503749998861,3.7660593656689985e-13,2272.0,127,False,False,False,line_04_05;line_15_16
full_benders_A10_B020_K02_top003,10,20,2,42,1548.7521075000477,7.292020583000067,24.679896500999803,1.244988291000027,1.4248511869006065e-12,2227.0,130,False,False,True,line_15_16;line_30_31
full_benders_A10_B020_K02_top003,10,20,2,43,472.30957950119046,7.602629125000021,27.716026124999644,1.2382379999999102,1.2092972438048111e-12,2430.0,133,False,False,False,line_16_17
full_benders_A10_B020_K02_top003,10,20,2,44,290.7841129999033,6.65685591700003,28.792058623999765,1.3822984579996955,6.5029369724311074e-12,2449.0,136,True,False,False,line_02_03;line_29_30
full_benders_A10_B020_K02_top003,10,20,2,45,7314.110922877211,7.995088042000134,29.58831208299989,1.3347727909999776,0.0,1410.0,139,False,False,False,line_02_19;line_21_22
full_benders_A10_B020_K02_top003,10,20,2,46,5867.659430500025,8.433510917000149,23.538694792000115,1.3634722079996209,7.905700688976527e-14,1500.0,142,False,False,False,line_06_26;line_12_13
full_benders_A10_B020_K02_top003,10,20,2,47,4474.839805499876,8.757413499999984,27.305790042999888,1.3380379999998695,4.7560520151405375e-14,1713.0,145,True,False,False,line_14_15;line_29_30
full_benders_A10_B020_K02_top003,10,20,2,48,20927.884920904122,9.44185812500018,14.39508962400032,1.240585750000264,7.056543272383565e-14,968.0,148,False,False,False,line_26_27;line_30_31
full_benders_A10_B020_K02_top003,10,20,2,49,9088.309449345208,6.577818917000059,18.13610129299923,1.3235286250001081,0.0,1671.0,151,False,False,False,line_02_19;line_32_33
full_benders_A10_B020_K02_top003,10,20,2,50,7867.600952518085,8.804246000000148,17.226985457999945,1.354359999999815,4.208916400809989e-13,1623.0,154,False,False,True,line_02_03;line_19_20
full_benders_A10_B020_K02_top003,10,20,2,51,6344.357105498755,12.68257500000027,17.805405543000234,1.324867667000035,4.0366229054422194e-12,1927.0,157,True,False,True,line_09_10;line_11_12
full_benders_A10_B020_K02_top003,10,20,2,52,7656.362717678072,12.06307979200028,17.621029375000035,1.2584419170002548,4.3286855854021853e-13,1325.0,160,True,False,True,line_06_07;line_08_09
full_benders_A10_B020_K02_top003,10,20,2,53,6891.804172500008,7.0201849580003,20.743957750999925,1.2563204160001078,2.5469742472166125e-14,1482.0,163,False,False,False,line_24_25;line_26_27
full_benders_A10_B020_K02_top003,10,20,2,54,5633.85792351549,8.94592049999983,20.300922874000207,1.3426023749998421,0.0,1528.0,166,True,False,True,line_26_27;line_30_31
full_benders_A10_B020_K02_top003,10,20,2,55,4648.126641500829,11.03590691599993,23.469254374999764,1.2394279159998405,5.362945155298788e-13,1569.0,169,False,False,False,line_11_12;line_16_17
full_benders_A10_B020_K02_top003,10,20,2,56,2830.1305891967518,10.326520915999936,19.749979623999934,1.2275365420000526,1.3099156255579006e-10,1603.0,172,True,False,False,line_23_24;line_26_27
full_benders_A10_B020_K02_top003,10,20,2,57,14614.872898641683,7.444773040999735,18.592279249000057,1.2467704169998797,8.200638226149e-14,1299.0,175,False,False,False,line_12_13;line_14_15
full_benders_A10_B020_K02_top003,10,20,2,58,8103.3010534052155,11.08000154199999,15.739480166000249,1.2640144169999985,7.127084774705697e-14,1381.0,178,False,False,False,line_07_08;line_20_21
full_benders_A10_B020_K02_top003,10,20,2,59,3899.4114854994914,9.85184554200032,20.648769458999595,1.2496781670001837,1.6387375696020033e-13,2008.0,181,True,False,False,line_08_09;line_10_11
full_benders_A10_B020_K02_top003,10,20,2,60,9274.99448719641,11.328726749999987,20.758040501000323,1.3529327910000575,1.13470148578657e-12,1294.0,184,True,False,False,line_01_02;line_05_06
full_benders_A10_B020_K02_top003,10,20,2,61,3979.044293758372,9.582146749999993,28.85750999999982,1.324101791999965,5.792907045013362e-12,1829.0,187,False,False,False,line_10_11;line_13_14
full_benders_A10_B020_K02_top003,10,20,2,62,3484.7174653970987,7.178904458000034,25.490297499000462,1.3363509589999012,3.0484245056284e-13,1771.0,190,False,False,True,line_06_26;line_28_29
full_benders_A10_B020_K02_top003,10,20,2,63,4495.012642499874,8.855735457999799,24.661573582999154,1.3262564159999783,6.015973174291004e-13,1855.0,193,False,False,False,line_29_30;line_31_32
full_benders_A10_B020_K02_top003,10,20,2,64,1830.887174998723,9.628265582999575,28.51488537499972,1.2494274999999107,2.363264138538281e-13,1955.0,196,False,False,False,line_11_12;line_13_14
full_benders_A10_B020_K02_top003,10,20,2,65,1481.9487784999947,9.89501566600029,26.436569749000228,1.2387757080000483,1.6256137406054181e-13,1987.0,199,False,False,False,line_08_09;line_09_10
full_benders_A10_B020_K02_top003,10,20,2,66,992.518817132237,8.750309624999772,27.28717770900039,1.3469795420000992,1.35499137080584e-13,2002.0,202,False,False,False,line_11_12;line_26_27
full_benders_A10_B020_K02_top003,10,20,2,67,728.5967030752836,8.875287792000108,27.82264712399956,1.2241102080001838,2.1969776535688734e-13,2105.0,205,False,False,False,line_12_13;line_24_25
full_benders_A10_B020_K02_top003,10,20,2,68,574.5534211778613,9.577296583000134,27.359487541999442,1.3342022080000788,0.0,2070.0,208,False,False,True,line_07_08;line_26_27
full_benders_A10_B020_K02_top003,10,20,2,69,333.7041447872907,9.420704208000188,28.137359208999897,1.2987888749999001,3.0892248046376563e-12,2095.0,211,False,False,True,line_03_23;line_05_06
full_benders_A10_B020_K02_top003,10,20,2,70,260.7474299989153,9.28926862499975,25.93440054199982,1.248233750000054,1.8277274055241767e-12,2121.0,214,False,False,True,line_05_06;line_23_24
full_benders_A10_B020_K02_top003,10,20,2,71,231.11727274806253,9.01525570800004,27.386951040999975,1.3287684590000026,2.3191011810748673e-12,2240.0,217,False,False,True,line_24_25;line_32_33
full_benders_A10_B020_K02_top003,10,20,2,72,260.367116172185,9.09555383299994,29.162463792999915,1.2824124590001702,2.02085129689172e-12,2191.0,220,False,False,True,line_15_16;line_30_31
full_benders_A10_B020_K02_top003,10,20,2,73,156.81836882253992,10.398900041999696,24.921321291000368,0.7639632079999501,0.0,2162.0,222,False,False,True,line_19_20;line_21_22
full_benders_A10_B020_K02_top003,10,20,2,74,68.72124008608625,9.471951083000022,8.07377145800001,0.0,0.0,725.0,222,,False,True,line_15_16;line_32_33
full_benders_A10_B050_K02_top003,10,50,2,0,53299.507593205606,2.89075637499991,69.33623487600016,2.905708499999946,7.917813171835085e-14,1019.0,4,True,False,False,line_03_23;line_06_07
full_benders_A10_B050_K02_top003,10,50,2,1,49192.05661878524,3.8565305419997458,54.52651279199972,3.0430137499997727,4.455025026449414e-13,1110.0,7,True,False,False,line_01_02;line_02_03
full_benders_A10_B050_K02_top003,10,50,2,2,40854.580313318904,3.900202541999988,93.66294537399972,3.239791083,2.588418903181512e-12,833.0,10,True,False,False,line_01_02;line_03_23
full_benders_A10_B050_K02_top003,10,50,2,3,35406.22116240152,5.350056000000222,113.83702108300031,3.088797916999738,0.0,1417.0,13,False,False,False,line_02_03;line_19_20
full_benders_A10_B050_K02_top003,10,50,2,4,28166.471451198566,2.362976208999953,89.33662458299978,3.160033709000345,0.0,1330.0,16,True,False,False,line_06_26;line_30_31
full_benders_A10_B050_K02_top003,10,50,2,5,27190.311781003023,6.4162384579999525,146.91482662599992,3.273037624999688,0.0,1366.0,19,True,False,True,line_02_03;line_19_20
full_benders_A10_B050_K02_top003,10,50,2,6,23867.938199395692,5.34689891700009,98.47346958299977,3.295456040999852,1.0974323459461412e-13,1433.0,22,False,False,False,line_06_26;line_29_30
full_benders_A10_B050_K02_top003,10,50,2,7,16228.157422600856,2.4698229589998846,96.2065720419996,3.2962472920003165,7.014831431999753e-12,1688.0,25,False,False,False,line_04_05;line_23_24
full_benders_A10_B050_K02_top003,10,50,2,8,15266.574403397433,2.443051374999868,79.50504037500014,3.2992694169997776,2.9960320287174733e-12,1924.0,28,False,False,False,line_14_15;line_19_20
full_benders_A10_B050_K02_top003,10,50,2,9,13966.810031006018,3.49916525000026,98.40060158299912,3.232889709000119,0.0,1722.0,31,True,False,False,line_05_06;line_15_16
full_benders_A10_B050_K02_top003,10,50,2,10,34859.20653433344,7.161164166999697,28.521976500001074,3.3390494590003073,0.01747115553341835,649.0,34,False,False,False,line_01_02;line_05_06
full_benders_A10_B050_K02_top003,10,50,2,11,30514.125641811945,3.776789333999659,42.424873332999596,3.19225379099953,8.584039968416724e-14,771.0,37,True,False,False,line_02_19;line_03_23
full_benders_A10_B050_K02_top003,10,50,2,12,22608.116674040444,5.824603874999411,49.001619624999876,3.182218791000196,2.3075171119229544e-13,864.0,40,False,False,False,line_02_19;line_15_16
full_benders_A10_B050_K02_top003,10,50,2,13,14541.780655404444,3.289122375000261,66.16065366699968,3.160026083000048,2.645366853537379e-13,1152.0,43,False,False,False,line_01_02;line_16_17
full_benders_A10_B050_K02_top003,10,50,2,14,13326.791482702189,2.7146909169996434,67.13788466700044,3.299933499999497,5.559285481624456e-13,1195.0,46,False,False,False,line_03_04;line_05_06
full_benders_A10_B050_K02_top003,10,50,2,15,9733.368885201562,3.5883036659997742,80.56053012499979,3.19580945800044,0.0,1518.0,49,False,False,False,line_06_26;line_28_29
full_benders_A10_B050_K02_top003,10,50,2,16,13397.760972297976,4.1791226249997635,70.27431250099926,3.056010834000517,1.3304792468516406e-13,1201.0,52,True,False,False,line_15_16;line_23_24
full_benders_A10_B050_K02_top003,10,50,2,17,20168.66244538786,4.4969504589998905,100.30841979199977,3.228510500000084,3.701210269121214e-13,1617.0,55,False,False,True,line_03_23;line_06_07
full_benders_A10_B050_K02_top003,10,50,2,18,16484.471388397345,2.67625445900012,103.59157337400029,3.223256207999839,4.318928012753618e-13,1630.0,58,False,False,False,line_12_13;line_15_16
full_benders_A10_B050_K02_top003,10,50,2,19,14722.035882786091,8.137928375000229,93.86780737499976,3.238336082999922,3.405191263003121e-13,1492.0,61,True,False,False,line_13_14;line_14_15
full_benders_A10_B050_K02_top003,10,50,2,20,23956.519260540605,10.125699750000422,103.42562762600028,3.2390737089999675,1.6983750659274851e-12,1145.0,64,False,False,False,line_08_09;line_14_15
full_benders_A10_B050_K02_top003,10,50,2,21,15283.625702398946,2.5321508329998323,111.49409175000073,3.2301409580004474,9.802347705721958e-13,1444.0,67,False,False,False,line_27_28;line_29_30
full_benders_A10_B050_K02_top003,10,50,2,22,10771.625616386304,3.8193911670005036,96.73559512599968,3.421229582999331,4.202348479576898e-12,1666.0,70,False,False,False,line_01_02;line_17_18
full_benders_A10_B050_K02_top003,10,50,2,23,10959.986704598094,4.379036083000756,107.30892154199864,3.1133065829999396,1.2455470648989134e-13,1553.0,73,False,False,False,line_03_23;line_21_22
full_benders_A10_B050_K02_top003,10,50,2,24,9721.395701635694,5.889747374999388,125.20420287399975,3.234842374999971,1.6834463040063751e-12,1791.0,76,True,False,False,line_21_22;line_23_24
full_benders_A10_B050_K02_top003,10,50,2,25,22376.047370802582,12.267057041000044,81.52604162399984,3.255026999999245,0.0,1562.0,79,False,False,False,line_07_08;line_08_09
full_benders_A10_B050_K02_top003,10,50,2,26,9438.63665739911,5.422045792000063,108.8366322919992,3.0765127499998925,1.5299771475534292e-13,1641.0,82,False,False,False,line_06_26;line_27_28
full_benders_A10_B050_K02_top003,10,50,2,27,8278.41092780897,7.609657916999822,106.09488104200045,3.325115791999451,0.0,1789.0,85,False,False,True,line_04_05;line_23_24
full_benders_A10_B050_K02_top003,10,50,2,28,7856.473073184625,14.358998624999913,90.76146920800056,3.363259540999934,4.1688456015507987e-14,1890.0,88,True,False,True,line_05_06;line_23_24
full_benders_A10_B050_K02_top003,10,50,2,29,21205.206610399764,10.732933125000272,81.72259083399877,3.2486287080000693,8.003501080009875e-14,1275.0,91,True,False,False,line_26_27;line_30_31
full_benders_A10_B050_K02_top003,10,50,2,30,8598.367721418199,13.737482832999376,141.85757750000084,3.388378833000388,0.0,1488.0,94,False,False,False,line_02_19;line_05_06
full_benders_A10_B050_K02_top003,10,50,2,31,8344.62859200871,4.781413790999977,138.4228611239996,2.8923792920004416,2.2757453089290137e-13,1704.0,97,False,False,False,line_08_09;line_11_12
full_benders_A10_B050_K02_top003,10,50,2,32,7015.477660208038,8.979924749999554,125.83475641700079,2.9917029999996885,3.02841763062297e-13,1761.0,100,False,False,False,line_09_10;line_11_12
full_benders_A10_B050_K02_top003,10,50,2,33,5626.468098798105,10.576076416999967,123.46985658499943,3.0983275409998896,0.0,1748.0,103,True,False,False,line_14_15;line_21_22
full_benders_A10_B050_K02_top003,10,50,2,34,4613.318895603752,10.657233083999927,113.95126058199912,3.122722874999454,4.033869096413653e-14,1837.0,106,True,False,False,line_12_13;line_26_27
full_benders_A10_B050_K02_top003,10,50,2,35,15900.845290746074,17.183327707999524,96.89009833300042,3.0504578340005537,1.528798116329917e-13,1425.0,109,False,False,False,line_28_29;line_31_32
full_benders_A10_B050_K02_top003,10,50,2,36,8631.12768699821,4.827289542000472,108.85286862499925,2.910493082999892,2.4932907155154685e-12,1624.0,112,False,False,True,line_06_26;line_27_28
full_benders_A10_B050_K02_top003,10,50,2,37,4397.394464400684,6.015012041999398,111.96715537499949,2.9959004170004846,0.0,1912.0,115,False,False,False,line_06_07;line_07_08
full_benders_A10_B050_K02_top003,10,50,2,38,3428.885667600105,7.653302374999839,100.98520358299902,2.806124749999981,0.0,1916.0,118,False,False,False,line_17_18;line_32_33
full_benders_A10_B050_K02_top003,10,50,2,39,2680.1779075997474,8.2967444169999,106.0121996250009,2.8823829589991874,2.194600566996077e-12,1986.0,121,False,False,False,line_08_09;line_10_11
full_benders_A10_B050_K02_top003,10,50,2,40,2082.647315199868,8.935218958000405,109.70023920800031,2.999451915999998,1.236982343389823e-13,2013.0,124,False,False,False,line_07_08;line_26_27
full_benders_A10_B050_K02_top003,10,50,2,41,1311.3111981565453,10.766062874999989,99.09629870800109,2.86705237499973,4.341789226769681e-12,2007.0,127,False,False,False,line_19_20;line_20_21
full_benders_A10_B050_K02_top003,10,50,2,42,782.157955584491,8.16301787500015,111.0550765830003,3.0378012500004843,7.946311096287572e-11,2103.0,130,False,False,False,line_02_03;line_21_22
full_benders_A10_B050_K02_top003,10,50,2,43,505.93974342720867,8.008081291999588,113.04207850000057,2.8662560840002698,0.0,2117.0,133,False,False,True,line_05_06;line_23_24
full_benders_A10_B050_K02_top003,10,50,2,44,491.0348970708801,7.466225832999953,106.5379622090004,3.3162435829999595,0.0,2120.0,136,False,False,True,line_03_23;line_04_05
full_benders_A10_B050_K02_top003,10,50,2,45,387.40324309919015,8.161031499999808,69.4128940419996,0.9892362499995215,0.0,1480.0,137,False,False,True,line_03_04;line_23_24
full_benders_A10_B050_K02_top003,10,50,2,46,74.06617260000758,7.543333874999917,40.02297858400016,0.0,0.0,732.0,137,,False,False,line_09_10;line_30_31
full_benders_A10_B100_K02_top003,10,100,2,0,53670.71492049047,2.8801894589996664,193.8920015829999,5.772359291999237,2.9607750619527957e-13,1175.0,4,True,False,False,line_03_23;line_06_07
full_benders_A10_B100_K02_top003,10,100,2,1,40610.86600328915,2.9061841660004575,262.61201354199875,5.748457083000176,1.7540040893756504e-13,1287.0,7,True,False,False,line_01_02;line_03_23
full_benders_A10_B100_K02_top003,10,100,2,2,30002.064973400782,2.8592945829987,245.41767487499965,6.209704082999451,6.418166576870009e-13,1757.0,10,True,False,False,line_02_03;line_02_19
full_benders_A10_B100_K02_top003,10,100,2,3,36011.27974002063,3.768826749999789,318.5891262919995,5.891461665998577,5.172393657426544e-13,1532.0,13,True,False,False,line_02_03;line_19_20
full_benders_A10_B100_K02_top003,10,100,2,4,25366.93339088869,4.63380991700069,403.0931865829989,5.700352083000325,6.086499230862027e-13,1720.0,16,False,False,False,line_08_09;line_15_16
full_benders_A10_B100_K02_top003,10,100,2,5,21417.195827379823,3.5590604589997383,375.07484558399847,5.738923790999252,6.435751073764806e-12,1322.0,19,True,False,False,line_06_07;line_14_15
full_benders_A10_B100_K02_top003,10,100,2,6,24913.953044728136,4.781474249999519,367.6673784589984,5.754081249999217,1.9028293790332175e-12,1624.0,22,False,False,False,line_06_07;line_08_09
full_benders_A10_B100_K02_top003,10,100,2,7,22643.874144905036,6.939724040999863,297.23041583300073,6.211154791999434,7.605594418947818e-14,1553.0,25,True,False,False,line_07_08;line_08_09
full_benders_A10_B100_K02_top003,10,100,2,8,21989.76987730315,5.2159437499994965,244.59323358300026,5.988184958998318,3.39946929247625e-14,1694.0,28,True,False,False,line_28_29;line_31_32
full_benders_A10_B100_K02_top003,10,100,2,9,16787.21011523116,3.7592957919987384,246.520375418002,5.995407083000828,8.224195371443316e-13,1725.0,31,False,False,False,line_14_15;line_24_25
full_benders_A10_B100_K02_top003,10,100,2,10,16641.568220100155,5.27357958399989,272.6620409999996,6.041257958000642,1.6032389494023557e-13,1672.0,34,False,False,False,line_03_04;line_23_24
full_benders_A10_B100_K02_top003,10,100,2,11,16238.503687282748,4.208056082999974,233.3207699589966,5.8292898340005195,2.8550676500691465e-13,1606.0,37,True,False,True,line_06_07;line_15_16
full_benders_A10_B100_K02_top003,10,100,2,12,30406.532031260547,10.381864916000268,286.74034704100086,5.618256334000762,3.0904204347095956e-13,1240.0,40,True,False,False,line_02_19;line_03_23
full_benders_A10_B100_K02_top003,10,100,2,13,17017.297353454684,9.320419040999695,149.9346030430006,5.518460249999407,4.93033491379806e-13,1419.0,43,False,False,False,line_02_19;line_14_15
full_benders_A10_B100_K02_top003,10,100,2,14,13437.548455999782,4.899722666999878,241.6360463330002,5.590020334000656,5.1520513240854974e-14,1751.0,46,False,False,False,line_05_06;line_23_24
full_benders_A10_B100_K02_top003,10,100,2,15,10551.377776261797,7.589373124999838,182.8698994159986,5.879939874999764,2.893416165351143e-13,1986.0,49,True,False,False,line_08_09;line_13_14
full_benders_A10_B100_K02_top003,10,100,2,16,19026.108460394826,8.021477624999534,372.337800416999,6.221136666999882,1.2616280577262416e-13,1800.0,52,False,False,False,line_11_12;line_16_17
full_benders_A10_B100_K02_top003,10,100,2,17,15917.851247109473,2.8386007080007403,340.16979133399764,5.753158999999869,8.425160448021027e-12,1572.0,55,True,False,False,line_12_13;line_14_15
full_benders_A10_B100_K02_top003,10,100,2,18,19162.048812599423,14.856420624999373,264.0533305829995,5.339014667000811,1.2394993691537166e-12,1198.0,58,False,False,False,line_03_23;line_19_20
full_benders_A10_B100_K02_top003,10,100,2,19,17738.213314243665,2.3431139160002203,224.94194641799913,5.539390541998728,3.9573812909419963e-13,1197.0,61,True,False,False,line_19_20;line_23_24
full_benders_A10_B100_K02_top003,10,100,2,20,16801.71236992919,2.598068792000049,215.93919350000215,5.844146292000005,1.552912193114262e-12,1485.0,64,False,False,False,line_26_27;line_29_30
full_benders_A10_B100_K02_top003,10,100,2,21,9110.985723501035,4.333047375001115,283.03893241600053,5.8676888329991925,2.2678435972717657e-13,1695.0,67,False,False,False,line_05_06;line_24_25
full_benders_A10_B100_K02_top003,10,100,2,22,9025.746274919919,4.8332409169997845,269.3603021250001,6.362731291999808,2.29478127238308e-13,1999.0,70,False,False,False,line_08_09;line_12_13
full_benders_A10_B100_K02_top003,10,100,2,23,9055.526455938816,5.496496207999371,255.33099399999992,5.813655707999715,1.7278089053871516e-11,2021.0,73,True,False,False,line_09_10;line_13_14
full_benders_A10_B100_K02_top003,10,100,2,24,6544.503477900467,6.786253541999031,258.9138510419998,6.065465207999296,4.130888078888346e-13,1785.0,76,True,False,False,line_26_27;line_31_32
full_benders_A10_B100_K02_top003,10,100,2,25,5418.462028451264,7.619688791000954,280.79907691600056,5.923201792000327,1.7302123989865903e-11,1922.0,79,False,False,False,line_20_21;line_32_33
full_benders_A10_B100_K02_top003,10,100,2,26,5891.8649611507335,13.839965790999486,271.7576135420004,6.145618583001124,4.1213675151941784e-13,1727.0,82,True,False,False,line_01_02;line_21_22
full_benders_A10_B100_K02_top003,10,100,2,27,11752.113116605135,12.839303708000443,335.8403230819986,5.758386833000259,0.0,1472.0,85,False,False,False,line_19_20;line_21_22
full_benders_A10_B100_K02_top003,10,100,2,28,7396.747393718953,4.406822709001062,271.56202824900174,5.802958332998969,4.207647907659796e-13,1422.0,88,False,False,False,line_03_23;line_32_33
full_benders_A10_B100_K02_top003,10,100,2,29,3946.143235895972,6.054026292000344,289.82357200000115,5.768458582999301,1.7710215466035418e-13,2055.0,91,False,False,False,line_07_08;line_10_11
full_benders_A10_B100_K02_top003,10,100,2,30,2893.100558932987,6.553971375000401,354.697374708001,5.862561208999978,2.6313128070416635e-11,2076.0,94,False,False,False,line_26_27;line_28_29
full_benders_A10_B100_K02_top003,10,100,2,31,2308.5873886300888,6.7686512079999375,418.43335833400124,5.933079750000616,3.619173963492265e-11,2156.0,97,False,False,False,line_30_31;line_31_32
full_benders_A10_B100_K02_top003,10,100,2,32,1636.3536877855222,6.50596645800033,400.29396724899925,5.755482000000484,5.177115187603586e-12,2174.0,100,False,False,False,line_26_27;line_27_28
full_benders_A10_B100_K02_top003,10,100,2,33,1337.5103909006903,6.463556916998641,395.01448929099934,5.968022834000294,3.951914035254313e-11,2264.0,103,False,False,False,line_06_26;line_12_13
full_benders_A10_B100_K02_top003,10,100,2,34,627.4192688651383,6.01965404099974,353.37166254100157,5.735112165999453,6.465128793926962e-12,2272.0,106,False,False,False,line_23_24;line_30_31
full_benders_A10_B100_K02_top003,10,100,2,35,598.2994253440338,6.85086829100328,377.30478554199726,5.721070542000234,2.2345955135046773e-13,2204.0,109,False,False,True,line_11_12;line_15_16
full_benders_A10_B100_K02_top003,10,100,2,36,570.8823567489708,7.182531125003152,359.69328566699915,5.731239707998611,4.655150903094164e-12,2270.0,112,False,False,False,line_03_23
full_benders_A10_B100_K02_top003,10,100,2,37,482.21342454799196,6.909026999997877,418.9152159590012,5.651433625000209,2.4387057463087237e-12,2429.0,115,False,False,False,line_12_13;line_15_16
full_benders_A10_B100_K02_top003,10,100,2,38,144.11123630338625,6.4561844160016335,256.7523604579983,1.9484069169993745,4.549362473579472e-12,1651.0,116,False,False,True,line_02_03;line_20_21
full_benders_A10_B100_K02_top003,10,100,2,39,68.27164079785416,6.580550665999908,95.95139787500011,0.0,3.696773313084344e-12,860.0,116,,False,False,line_11_12;line_13_14
full_benders_completion_A10_B010_K07_top003_max300,10,10,7,0,106360.69029300916,2.9040213339976617,5.237815209002292,0.5867400409988477,0.018239532588231095,5671.0,4,True,False,False,line_03_23;line_06_07;line_06_26;line_09_10;line_12_13;line_19_20;line_29_30
full_benders_completion_A10_B010_K07_top003_max300,10,10,7,1,103250.17256400688,3.039224333002494,5.518784915999277,0.5900578330001736,0.011253590347199801,6496.0,7,True,False,False,line_03_23;line_06_07;line_19_20;line_21_22;line_23_24;line_28_29;line_29_30
full_benders_completion_A10_B010_K07_top003_max300,10,10,7,2,85376.9585209894,3.1868246249978256,11.707947124003113,0.6223806669986516,1.6384998687319933e-14,14634.0,10,True,False,False,line_01_02;line_02_03;line_06_26;line_12_13;line_17_18;line_21_22;line_29_30
full_benders_completion_A10_B010_K07_top003_max300,10,10,7,3,114001.63038599887,4.727415375000419,2.873540166998282,0.6144179170005373,0.01022513339430737,1720.0,13,True,False,False,line_01_02;line_02_19;line_05_06;line_10_11;line_19_20;line_28_29;line_31_32
full_benders_completion_A10_B010_K07_top003_max300,10,10,7,4,134173.6716180127,13.764805291997618,2.382735209001112,0.6074748749997525,0.009709825480259712,2737.0,16,True,False,False,line_03_23;line_04_05;line_09_10;line_10_11;line_17_18;line_19_20;line_31_32
full_benders_completion_A10_B010_K07_top003_max300,10,10,7,5,86762.48865750013,10.27919112499876,6.17599474999588,0.6242167919990607,0.014528636825679198,6743.0,19,True,False,False,line_01_02;line_02_19;line_05_06;line_12_13;line_24_25;line_26_27;line_29_30
full_benders_completion_A10_B010_K07_top003_max300,10,10,7,6,90140.37032600632,10.905188083001121,38.3087624999971,0.5970700420002686,0.0,61474.0,22,True,False,False,line_06_07;line_09_10;line_10_11;line_15_16;line_19_20;line_26_27;line_31_32
full_benders_completion_A10_B010_K07_top003_max300,10,10,7,7,82525.5185080159,8.729133707998699,34.04655625000305,0.6239243330019235,0.019239774926158446,29644.0,25,True,False,False,line_01_02;line_02_19;line_05_06;line_07_08;line_09_10;line_19_20;line_23_24
full_benders_completion_A10_B010_K07_top003_max300,10,10,7,8,79851.63051803946,12.73170604200277,10.288898624996364,0.5766090829965833,4.926950706265696e-13,14097.0,28,False,False,False,line_01_02;line_02_03;line_03_23;line_06_26;line_14_15;line_19_20;line_31_32
full_benders_completion_A10_B010_K07_top003_max300,10,10,7,9,70407.16174999648,3.6060598750009376,14.93869337399883,0.6277179169992451,0.01762397793650869,25090.0,31,True,False,False,line_01_02;line_02_03;line_06_26;line_14_15;line_19_20;line_23_24;line_31_32
full_benders_completion_A10_B010_K07_top003_max300,10,10,7,10,96220.29962324258,11.785278041003039,6.120636959003605,0.6263637919983012,0.018881932258671272,4620.0,34,True,False,False,line_03_23;line_04_05;line_06_26;line_09_10;line_10_11;line_28_29;line_29_30
full_benders_completion_A10_B010_K07_top003_max300,10,10,7,11,89167.2399315238,14.116360541000176,6.153411833001883,0.626197958998091,0.01801789929480753,3957.0,37,False,False,False,line_01_02;line_02_03;line_03_23;line_08_09;line_14_15;line_28_29;line_29_30
full_benders_completion_A10_B010_K07_top003_max300,10,10,7,12,84144.09238500148,4.204592207999667,6.2015557089980575,0.6335605840031349,0.014391688058564004,4332.0,40,False,False,False,line_01_02;line_02_03;line_08_09;line_14_15;line_15_16;line_28_29;line_29_30
full_benders_completion_A10_B010_K07_top003_max300,10,10,7,13,80141.2524660069,4.407497791999049,5.432623540997156,0.6355994170007762,0.016988050903482082,3952.0,43,True,False,False,line_01_02;line_02_03;line_03_23;line_08_09;line_14_15;line_15_16;line_32_33
full_benders_completion_A10_B010_K07_top003_max300,10,10,7,14,86014.339883012,8.2992294579999,11.65975554099714,0.6498792500024138,0.014368391339019121,14229.0,46,True,False,False,line_01_02;line_02_03;line_02_19;line_06_07;line_08_09;line_09_10;line_23_24
full_benders_completion_A10_B010_K07_top003_max300,10,10,7,15,93209.23997886619,11.711599041998852,10.364502625005116,0.6251196659977722,0.0,13389.0,49,True,False,False,line_03_04;line_05_06;line_06_07;line_06_26;line_15_16;line_23_24;line_31_32
full_benders_completion_A10_B010_K07_top003_max300,10,10,7,16,89349.51099401759,12.510893458998908,16.024092833002214,0.6248347500004456,0.010254120615820907,19638.0,52,True,False,False,line_02_19;line_03_23;line_06_07;line_13_14;line_21_22;line_26_27;line_29_30
full_benders_completion_A10_B010_K07_top003_max300,10,10,7,17,77357.48426401359,9.367421291997744,8.364923334000196,0.6132530419999966,0.0,9438.0,55,False,False,False,line_01_02;line_02_03;line_02_19;line_03_23;line_06_26;line_19_20;line_29_30
full_benders_completion_A10_B010_K07_top003_max300,10,10,7,18,68514.21301400336,5.158880417002365,11.344117750002624,0.6248327909997897,0.014792582007709087,9639.0,58,False,False,False,line_01_02;line_02_03;line_02_19;line_06_26;line_19_20;line_23_24;line_29_30
full_benders_completion_A10_B010_K07_top003_max300,10,10,7,19,56719.32598600886,9.036282207998738,24.160080958001345,0.6365748339994752,0.005988701119291564,29928.0,61,True,False,False,line_01_02;line_02_03;line_02_19;line_04_05;line_05_06;line_06_07;line_19_20
full_benders_completion_A10_B010_K07_top003_max300,10,10,7,20,75360.26531000622,11.092289707998134,8.844679251000343,0.6331073750006908,0.018405259211000263,10383.0,64,False,False,False,line_01_02;line_02_03;line_03_23;line_08_09;line_17_18;line_19_20;line_20_21
full_benders_completion_A10_B010_K07_top003_max300,10,10,7,21,70476.36890498921,4.828607915998873,7.085644290000346,0.6305159160001494,0.01057652320743421,5275.0,67,True,False,False,line_01_02;line_02_03;line_06_26;line_10_11;line_17_18;line_19_20;line_28_29
full_benders_completion_A10_B010_K07_top003_max300,10,10,7,22,75688.9339360001,15.375923166000575,33.04630266699678,0.6572959580007591,0.01359833959306673,52466.0,70,False,False,False,line_01_02;line_02_03;line_03_23;line_12_13;line_21_22;line_28_29;line_31_32
full_benders_completion_A10_B010_K07_top003_max300,10,10,7,23,74068.26879699784,4.687583832997916,34.336993040997186,0.6318308339978103,0.018347862419646782,63584.0,73,False,False,False,line_01_02;line_02_03;line_12_13;line_16_17;line_21_22;line_28_29;line_31_32
full_benders_completion_A10_B010_K07_top003_max300,10,10,7,24,70963.26816802938,5.244354333000956,22.46312716600005,0.5826133340015076,0.0,26269.0,76,False,False,False,line_01_02;line_02_03;line_03_23;line_12_13;line_16_17;line_21_22;line_29_30
full_benders_completion_A10_B010_K07_top003_max300,10,10,7,25,70451.84007199295,4.6307894160017895,30.75658633400235,0.6362156249997497,0.0,36910.0,79,True,False,False,line_01_02;line_02_03;line_12_13;line_16_17;line_20_21;line_28_29;line_31_32
full_benders_completion_A10_B010_K07_top003_max300,10,10,7,26,80008.59441197803,10.385916499999439,6.607723459001136,0.6422063329991943,0.016873225748474923,6744.0,82,True,False,False,line_02_03;line_05_06;line_06_26;line_08_09;line_19_20;line_21_22;line_23_24
full_benders_completion_A10_B010_K07_top003_max300,10,10,7,27,101289.40702038514,11.542702624999947,2.867725250998774,0.6278605000006792,0.018699937231452766,2343.0,85,False,False,False,line_03_04;line_03_23;line_07_08;line_08_09;line_11_12;line_12_13;line_31_32
full_benders_completion_A10_B010_K07_top003_max300,10,10,7,28,92645.12558598677,6.47686108400012,2.53980950100231,0.6364665420005622,0.013421692405084734,1866.0,88,True,False,False,line_03_04;line_07_08;line_08_09;line_11_12;line_12_13;line_23_24;line_31_32
full_benders_completion_A10_B010_K07_top003_max300,10,10,7,29,75186.28767126659,8.248497499997029,16.61850054200113,0.624956084000587,0.011282649081780146,20522.0,91,True,False,False,line_03_04;line_03_23;line_05_06;line_12_13;line_24_25;line_28_29;line_31_32
full_benders_completion_A10_B010_K07_top003_max300,10,10,7,30,106542.24288900872,18.66092199999912,10.910060250000242,0.6157930409972323,3.4127984049153134e-13,27141.0,94,True,False,False,line_02_03;line_05_06;line_06_07;line_06_26;line_09_10;line_10_11;line_16_17
full_benders_completion_A10_B010_K07_top003_max300,10,10,7,31,104217.84092800785,16.080952625001373,7.488456832998054,0.6314362499979325,0.01684279340775651,8492.0,97,False,False,False,line_03_23;line_06_07;line_06_26;line_11_12;line_12_13;line_17_18;line_29_30
full_benders_completion_A10_B010_K07_top003_max300,10,10,7,32,93949.95665299031,2.8465628329977335,8.797756626001501,0.6361534579991712,0.013614709798289637,10775.0,100,True,False,False,line_06_07;line_06_26;line_11_12;line_12_13;line_17_18;line_23_24;line_29_30
full_benders_completion_A10_B010_K07_top003_max300,10,10,7,33,100824.82484304043,19.058979541001463,7.005360291997931,0.6160262080011307,0.009528652009525001,11010.0,103,False,False,False,line_03_23;line_06_07;line_06_26;line_10_11;line_11_12;line_20_21;line_29_30
full_benders_completion_A10_B010_K07_top003_max300,10,10,7,34,91626.06382150063,5.084391000000323,10.211019458998635,0.6262255420006113,0.014646825056451028,16221.0,106,True,False,False,line_06_07;line_06_26;line_10_11;line_11_12;line_20_21;line_23_24;line_29_30
full_benders_completion_A10_B010_K07_top003_max300,10,10,7,35,82671.42269920022,14.369062459001725,5.945105540999066,0.5610080000005837,0.019145332208023134,4645.0,109,True,False,False,line_03_23;line_04_05;line_05_06;line_08_09;line_24_25;line_26_27;line_31_32
full_benders_completion_A10_B010_K07_top003_max300,10,10,7,36,101554.57932712603,20.547651542001404,4.634145582003839,0.5522752499964554,0.0,4106.0,112,True,False,False,line_03_04;line_03_23;line_05_06;line_06_07;line_06_26;line_14_15;line_29_30
full_benders_completion_A10_B010_K07_top003_max300,10,10,7,37,71947.30408652802,12.604676291000942,20.754778958995303,0.5772533750023285,0.01819622438122551,19532.0,115,False,False,False,line_01_02;line_03_04;line_07_08;line_13_14;line_26_27;line_27_28;line_29_30
full_benders_completion_A10_B010_K07_top003_max300,10,10,7,38,61625.945819004904,16.487571124998794,36.6196839990007,0.5949213749991031,4.525710937464056e-13,34994.0,118,True,False,False,line_01_02;line_03_04;line_07_08;line_14_15;line_26_27;line_27_28;line_29_30
full_benders_completion_A10_B010_K07_top003_max300,10,10,7,39,73622.13100606622,36.74110516699875,25.858267833002174,0.6374263329998939,1.9988261650456985e-14,40756.0,121,False,False,False,line_02_19;line_03_04;line_03_23;line_07_08;line_11_12;line_14_15;line_21_22
full_benders_completion_A10_B010_K07_top003_max300,10,10,7,40,72044.97995700897,9.131843833998573,24.240741499997966,0.6386382919990865,0.019764967985107414,35597.0,124,True,False,False,line_02_03;line_02_19;line_07_08;line_11_12;line_14_15;line_21_22;line_31_32
full_benders_completion_A10_B010_K07_top003_max300,10,10,7,41,74309.08973922208,16.650241583000025,8.95146212599866,0.6404224580001028,7.4963549802153e-13,11158.0,127,False,False,False,line_01_02;line_02_03;line_03_04;line_03_23;line_05_06;line_12_13;line_19_20
full_benders_completion_A10_B010_K07_top003_max300,10,10,7,42,66782.00014100806,4.653278916001,15.870658458003163,0.6305915829980222,0.0,22193.0,130,True,False,False,line_01_02;line_02_03;line_03_04;line_05_06;line_12_13;line_19_20;line_29_30
full_benders_completion_A10_B010_K07_top003_max300,10,10,7,43,95848.5587766848,18.071562083998288,2.8047469579978497,0.614073582997662,0.015900281045820905,1941.0,133,True,False,False,line_02_19;line_03_04;line_03_23;line_05_06;line_08_09;line_26_27;line_29_30
full_benders_completion_A10_B010_K07_top003_max300,10,10,7,44,91113.50877384399,40.493791541000974,18.654187000000093,0.6347161669982597,2.858843722441985e-14,16757.0,136,True,False,False,line_02_03;line_03_04;line_06_07;line_06_26;line_09_10;line_16_17;line_31_32
full_benders_completion_A10_B010_K07_top003_max300,10,10,7,45,104450.36991527956,16.157414291999885,8.06724604199917,0.6219059579998429,0.019872163085515794,10488.0,139,True,False,False,line_02_03;line_05_06;line_06_07;line_10_11;line_11_12;line_28_29;line_29_30
full_benders_completion_A10_B010_K07_top003_max300,10,10,7,46,100354.75053099636,18.13874154199948,6.377246791002108,0.6169676249992335,0.018005294588298686,8390.0,142,True,False,False,line_02_19;line_07_08;line_09_10;line_10_11;line_23_24;line_26_27;line_29_30
full_benders_completion_A10_B010_K07_top003_max300,10,10,7,47,67564.65910246642,11.892817334002757,13.748306293000496,0.6515919589983241,0.00638515652123583,8246.0,145,True,False,False,line_01_02;line_02_03;line_02_19;line_08_09;line_14_15;line_28_29;line_29_30
full_benders_completion_A10_B010_K07_top003_max300,10,10,7,48,74504.86886700313,14.158920875001058,4.978178123994439,0.5661520409994409,0.018170765723337354,4207.0,148,True,False,False,line_02_19;line_04_05;line_05_06;line_06_26;line_10_11;line_23_24;line_27_28
full_benders_completion_A10_B010_K07_top003_max300,10,10,7,49,72512.17882067198,32.95785779200014,30.792067292000866,0.5033657919993857,0.0192073416783102,38419.0,151,False,False,False,line_02_19;line_03_04;line_03_23;line_05_06;line_06_07;line_09_10;line_21_22
full_benders_completion_A10_B010_K07_top003_max300,10,10,7,50,64316.217511007795,6.456376457997976,58.87253166600203,0.5778064170008292,0.0,87683.0,154,True,False,False,line_01_02;line_02_19;line_06_07;line_09_10;line_14_15;line_17_18;line_21_22
full_benders_completion_A10_B010_K07_top003_max300,10,10,7,51,99023.91534033488,12.957753915998182,6.5763028749970545,0.6227831249998417,0.011755378528714902,6957.0,157,True,False,False,line_03_04;line_03_23;line_13_14;line_14_15;line_27_28;line_28_29;line_29_30
full_benders_completion_A10_B010_K07_top003_max300,10,10,7,52,86932.33853528323,13.90358570799799,2.8645890000007057,0.6212680839998939,0.005883164919142042,2467.0,160,False,False,False,line_03_04;line_03_23;line_05_06;line_06_26;line_08_09;line_20_21;line_29_30
full_benders_completion_A10_B010_K07_top003_max300,10,10,7,53,83247.01673047268,5.275543374998961,3.428206708998914,0.6229053749993909,0.008779211552623598,2423.0,163,True,False,False,line_03_04;line_05_06;line_06_26;line_08_09;line_20_21;line_23_24;line_29_30
full_benders_completion_A10_B010_K07_top003_max300,10,10,7,54,50202.457685979665,15.163447832997917,48.04278350000095,0.5805077080003684,0.014915768076350677,47408.0,166,True,False,False,line_01_02;line_03_04;line_05_06;line_06_26;line_14_15;line_23_24;line_27_28
full_benders_completion_A10_B010_K07_top003_max300,10,10,7,55,95484.60638299049,18.366451750000124,8.902082374999736,0.5608409170017694,0.018702070990947346,12485.0,169,True,False,False,line_06_26;line_07_08;line_09_10;line_12_13;line_19_20;line_21_22;line_23_24
full_benders_completion_A10_B010_K07_top003_max300,10,10,7,56,108841.51046700659,20.77472916699844,9.27373537600215,0.6101577080007701,0.009343828294911436,18509.0,172,True,False,False,line_03_23;line_04_05;line_13_14;line_14_15;line_26_27;line_27_28;line_31_32
full_benders_completion_A10_B010_K07_top003_max300,10,10,7,57,79014.89707132918,17.340407207997487,29.113500458002818,0.635875791998842,0.0,39942.0,175,True,False,False,line_01_02;line_06_07;line_09_10;line_12_13;line_19_20;line_21_22;line_23_24
full_benders_completion_A10_B010_K07_top003_max300,10,10,7,58,99726.426521988,16.748369583001477,1.4614335010046489,0.6317583340023702,0.017762784131819385,440.0,178,True,False,False,line_02_03;line_05_06;line_07_08;line_20_21;line_30_31;line_31_32;line_32_33
full_benders_completion_A10_B010_K07_top003_max300,10,10,7,59,56649.67393326759,16.085296666999056,8.525510040995869,0.6392410000007658,0.018195107180924836,4470.0,181,True,False,False,line_01_02;line_02_03;line_02_19;line_03_23;line_14_15;line_17_18;line_20_21
full_benders_completion_A10_B010_K07_top003_max300,10,10,7,60,101253.38899000641,14.676738457997999,4.055081499998778,0.6225232910001068,0.01058918623386639,4783.0,184,True,False,False,line_02_03;line_05_06;line_06_07;line_13_14;line_19_20;line_26_27;line_29_30
full_benders_completion_A10_B010_K07_top003_max300,10,10,7,61,85913.76348948875,13.31621104199803,4.949803875999351,0.6250562499990338,0.004184445442294838,4245.0,187,True,False,False,line_03_23;line_07_08;line_11_12;line_14_15;line_19_20;line_26_27;line_29_30
full_benders_completion_A10_B010_K07_top003_max300,10,10,7,62,79392.28974384442,16.347451833000378,7.392013541997585,0.6626333329986664,0.01873647116249711,7261.0,190,True,False,False,line_01_02;line_02_19;line_03_04;line_06_07;line_11_12;line_28_29;line_31_32
full_benders_completion_A10_B010_K07_top003_max300,10,10,7,63,105640.52243102761,15.34395404099996,4.107975709997845,0.5802547499988577,0.01876985812030187,3286.0,193,True,False,False,line_03_23;line_04_05;line_16_17;line_19_20;line_21_22;line_27_28;line_31_32
full_benders_completion_A10_B010_K07_top003_max300,10,10,7,64,90237.88452099892,15.467138040999998,11.648640793002414,0.6529422079984215,0.0,17029.0,196,True,False,False,line_01_02;line_02_03;line_05_06;line_07_08;line_09_10;line_10_11;line_17_18
full_benders_completion_A10_B010_K07_top003_max300,10,10,7,65,99821.98604101548,16.861707207997824,4.081848833000549,0.6750071659989771,0.01871939169677708,4359.0,199,True,False,False,line_02_03;line_05_06;line_06_07;line_16_17;line_17_18;line_19_20;line_21_22
full_benders_completion_A10_B010_K07_top003_max300,10,10,7,66,78453.87011199049,16.99136558399914,57.805989625998336,0.6472397090001323,0.011649021629662647,39169.0,202,True,False,False,line_01_02;line_07_08;line_11_12;line_12_13;line_14_15;line_27_28;line_31_32
full_benders_completion_A10_B010_K07_top003_max300,10,10,7,67,80410.8333849858,15.059693499999412,7.295084915996995,0.5822721250005998,0.006045014341326116,7990.0,205,True,False,False,line_02_19;line_03_04;line_05_06;line_12_13;line_23_24;line_26_27;line_29_30
full_benders_completion_A10_B010_K07_top003_max300,10,10,7,68,81957.0980340133,50.240377291000186,27.682668583998748,0.6379115420022572,0.019155846264099847,31561.0,208,True,False,False,line_03_04;line_03_23;line_06_26;line_09_10;line_12_13;line_16_17;line_20_21
full_benders_completion_A10_B010_K07_top003_max300,10,10,7,69,83783.4452844339,22.121511209003074,6.838025416003802,0.6207672079981421,0.017439419811132596,7758.0,211,False,False,False,line_02_19;line_03_23;line_08_09;line_15_16;line_16_17;line_26_27;line_29_30
full_benders_completion_A10_B010_K07_top003_max300,10,10,7,70,75860.26783698774,7.321038500002032,12.47378962500079,0.6275746669998625,0.01868973153441226,18232.0,214,True,False,False,line_01_02;line_02_19;line_03_23;line_08_09;line_15_16;line_26_27;line_29_30
full_benders_completion_A10_B010_K07_top003_max300,10,10,7,71,82131.48240163573,9.89455100000123,7.523835209001845,0.6319617920016753,0.018272618928380727,6114.0,217,True,False,False,line_03_23;line_06_07;line_06_26;line_08_09;line_19_20;line_21_22;line_31_32
full_benders_completion_A10_B010_K07_top003_max300,10,10,7,72,62931.694366084645,23.159080000001268,14.51306358399961,0.6302142499989714,0.01915048895766172,10569.0,220,True,False,False,line_02_03;line_05_06;line_16_17;line_19_20;line_21_22;line_26_27;line_31_32
full_benders_completion_A10_B010_K07_top003_max300,10,10,7,73,82802.91108610341,18.90137337500346,8.195538416999625,0.6001286250029807,1.3788329526662313e-13,6406.0,223,True,False,False,line_01_02;line_02_19;line_04_05;line_08_09;line_20_21;line_24_25;line_29_30
full_benders_completion_A10_B010_K07_top003_max300,10,10,7,74,58797.93817659374,41.2931994999999,16.48052458299935,0.5730963749992952,0.006768944758566434,19382.0,226,True,False,False,line_01_02;line_02_19;line_05_06;line_06_07;line_10_11;line_28_29;line_29_30
full_benders_completion_A10_B010_K07_top003_max300,10,10,7,75,100239.55893098935,24.669890832999954,3.5852301669983717,0.6231656670024677,0.013827302923767085,3894.0,229,True,False,False,line_02_03;line_05_06;line_06_26;line_08_09;line_17_18;line_31_32;line_32_33
full_benders_completion_A10_B010_K07_top003_max300,10,10,7,76,58189.29338578135,18.27014758399673,60.603756792999775,0.6372149160015397,0.010621684709203378,52561.0,232,True,False,False,line_01_02;line_02_19;line_12_13;line_15_16;line_16_17;line_21_22;line_23_24
full_benders_completion_A10_B010_K07_top003_max300,10,10,7,77,75832.50431499328,38.60926200000176,7.328994416999194,0.6343589589996554,0.019953750475011526,6725.0,235,True,False,False,line_02_03;line_04_05;line_06_26;line_12_13;line_16_17;line_20_21;line_30_31
full_benders_completion_A10_B010_K07_top003_max300,10,10,7,78,56270.646256940905,9.746682707998843,145.87161370899776,0.6324431250031921,0.010931896522875259,50592.0,238,True,False,False,line_02_03;line_03_04;line_12_13;line_15_16;line_19_20;line_21_22;line_24_25
full_benders_completion_A10_B010_K07_top003_max300,10,10,7,79,61079.64320963854,25.401361167001596,31.736723833000724,0.581407167002908,0.0,35401.0,241,True,False,False,line_01_02;line_02_19;line_06_26;line_13_14;line_14_15;line_20_21;line_29_30
full_benders_completion_A10_B010_K07_top003_max300,10,10,7,80,73935.02646021778,22.624888416998147,7.3838797910029825,0.5617887080006767,0.01687982059638866,8191.0,244,False,False,False,line_02_19;line_03_23;line_06_26;line_08_09;line_13_14;line_14_15;line_29_30
full_benders_completion_A10_B010_K07_top003_max300,10,10,7,81,72580.12836821703,5.332872249997308,6.850159416000679,0.6214632909977809,0.01709522346343641,7716.0,247,False,False,False,line_02_19;line_03_23;line_06_26;line_08_09;line_12_13;line_14_15;line_29_30
full_benders_completion_A10_B010_K07_top003_max300,10,10,7,82,71014.11861499608,7.0569726249996165,9.662260042001435,0.625043584001105,0.01918900546245417,12161.0,250,True,False,False,line_02_19;line_06_26;line_08_09;line_13_14;line_14_15;line_23_24;line_29_30
full_benders_completion_A10_B010_K07_top003_max300,10,10,7,83,86145.53810929647,21.07606562499859,8.987340835003124,0.5538158749986906,0.01430840239690975,8632.0,253,True,False,False,line_06_07;line_06_26;line_08_09;line_09_10;line_16_17;line_23_24;line_29_30
full_benders_completion_A10_B010_K07_top003_max300,10,10,7,84,70954.64066698286,22.9556085410004,10.999403417001304,0.6017066659987904,0.01820884642071822,8797.0,256,True,False,False,line_01_02;line_02_03;line_05_06;line_13_14;line_16_17;line_28_29;line_29_30
full_benders_completion_A10_B010_K07_top003_max300,10,10,7,85,67097.69650000148,19.021796499997436,7.088601082999958,0.652241416999459,5.800661105947989e-06,2977.0,259,True,False,False,line_01_02;line_02_03;line_05_06;line_19_20;line_20_21;line_28_29;line_29_30
full_benders_completion_A10_B010_K07_top003_max300,10,10,7,86,90063.75258046458,22.608613209002215,9.624718958999438,0.4837047500004701,0.01797695254089243,13498.0,262,True,False,False,line_02_03;line_05_06;line_06_07;line_13_14;line_14_15;line_19_20;line_24_25
full_benders_completion_A10_B010_K07_top003_max300,10,10,7,87,76896.25168498047,13.18452787500064,14.503928625003027,0.6757803749969753,0.015594135683680668,12275.0,265,True,False,False,line_01_02;line_07_08;line_08_09;line_14_15;line_19_20;line_26_27;line_29_30
full_benders_completion_A10_B010_K07_top003_max300,10,10,7,88,89074.14257903257,23.7473981669973,9.646810958001879,0.6608111249988724,0.01295865077649925,15111.0,268,True,False,False,line_06_07;line_06_26;line_08_09;line_11_12;line_17_18;line_20_21;line_31_32
full_benders_completion_A10_B010_K07_top003_max300,10,10,7,89,58376.61011670646,19.106712875000085,23.90229591699972,0.511464999999589,0.01726595180420862,31276.0,271,True,False,False,line_01_02;line_02_19;line_04_05;line_11_12;line_17_18;line_24_25;line_29_30
full_benders_completion_A10_B010_K07_top003_max300,10,10,7,90,74181.33857867634,25.3223037079988,7.674397665996366,0.6647595419999561,0.019611718650974823,9560.0,274,False,False,False,line_02_19;line_03_04;line_03_23;line_05_06;line_08_09;line_17_18;line_32_33
full_benders_completion_A10_B010_K07_top003_max300,10,10,7,91,71434.40510976594,8.765092416997504,7.585988291004469,0.656822666998778,0.0169577742376491,8658.0,277,True,False,False,line_01_02;line_02_19;line_03_04;line_05_06;line_08_09;line_17_18;line_23_24
full_benders_completion_A10_B010_K07_top003_max300,10,10,7,92,55222.63441835507,14.918594249997113,14.5460010420029,0.5725114580018271,0.019701132307878618,8901.0,280,True,False,False,line_01_02;line_02_19;line_03_04;line_06_26;line_24_25;line_28_29;line_31_32
full_benders_completion_A10_B010_K07_top003_max300,10,10,7,93,62440.74847399467,14.788401707999583,26.54988170800425,0.6585975000016333,0.012362529198203746,33147.0,283,True,False,False,line_06_07;line_06_26;line_13_14;line_14_15;line_19_20;line_21_22;line_31_32
full_benders_completion_A10_B010_K07_top003_max300,10,10,7,94,85742.58482229011,24.796431375001703,7.092577583000093,0.6568468749974272,0.018847510341109354,10844.0,286,False,False,False,line_03_23;line_04_05;line_06_26;line_07_08;line_12_13;line_26_27;line_31_32
full_benders_completion_A10_B010_K07_top003_max300,10,10,7,95,74677.74060399807,38.51491404199987,12.797254626002541,0.5587107499995909,0.017252127710296564,18520.0,289,True,False,False,line_08_09;line_11_12;line_12_13;line_20_21;line_23_24;line_26_27;line_31_32
full_benders_completion_A10_B010_K07_top003_max300,10,10,7,96,61160.289852856426,22.594402749997244,13.534076666001056,0.6421590840000135,0.015951521176176337,20254.0,292,True,False,False,line_02_19;line_03_04;line_03_23;line_05_06;line_08_09;line_13_14;line_14_15
full_benders_completion_A10_B010_K07_top003_max300,10,10,7,97,71233.6587314785,19.44430279199878,32.3739793340028,0.6345909170013329,0.01937453070210695,24905.0,295,True,False,False,line_03_23;line_06_07;line_06_26;line_09_10;line_12_13;line_15_16;line_28_29
full_benders_completion_A10_B010_K07_top003_max300,10,10,7,98,41570.91266633384,16.931982291000168,22.70528366700455,0.580064041998412,0.013795255904040982,24447.0,298,True,False,False,line_01_02;line_02_03;line_06_26;line_08_09;line_13_14;line_19_20;line_28_29
full_benders_completion_A10_B010_K07_top003_max300,10,10,7,99,67772.68470952567,19.17213754200202,64.88244550000309,0.5824790000006033,0.014520003244218925,55553.0,301,True,False,False,line_01_02;line_03_23;line_06_07;line_10_11;line_11_12;line_15_16;line_23_24
full_benders_completion_A10_B010_K07_top003_max300,10,10,7,100,83684.34787392663,19.337822917001176,12.267000458999973,0.6316937080009666,0.0,13932.0,304,True,False,False,line_02_19;line_06_07;line_08_09;line_09_10;line_17_18;line_24_25;line_29_30
full_benders_completion_A10_B010_K07_top003_max300,10,10,7,101,61420.88162800856,24.10038058400096,22.976238208000723,0.6484410829980334,0.015030170212186073,16968.0,307,True,False,False,line_02_03;line_02_19;line_04_05;line_13_14;line_15_16;line_28_29;line_29_30
full_benders_completion_A10_B010_K07_top003_max300,10,10,7,102,59178.76475500013,49.28235170800326,19.067484958999557,0.655324749997817,0.01786204029683269,7717.0,310,True,False,False,line_01_02;line_02_03;line_13_14;line_15_16;line_16_17;line_19_20;line_23_24
full_benders_completion_A10_B010_K07_top003_max300,10,10,7,103,73110.77265282604,21.591778041998623,18.23869112599641,0.561105041000701,0.01707552794981603,29721.0,313,True,False,False,line_03_04;line_03_23;line_05_06;line_06_07;line_13_14;line_14_15;line_32_33
full_benders_completion_A10_B010_K07_top003_max300,10,10,7,104,97303.68732508691,25.788155666999955,4.148475916997995,0.5079194999998435,0.016429339047139176,4005.0,316,True,False,False,line_02_19;line_03_23;line_06_07;line_08_09;line_14_15;line_28_29;line_31_32
full_benders_completion_A10_B010_K07_top003_max300,10,10,7,105,75088.74777199933,23.332337291998556,19.387485999995988,0.6435338750015944,0.0,24968.0,319,True,False,False,line_02_19;line_06_07;line_08_09;line_14_15;line_21_22;line_28_29;line_31_32
full_benders_completion_A10_B010_K07_top003_max300,10,10,7,106,71504.86929585738,21.730279208000866,18.48620724999637,0.647999708999123,0.010211756651961747,22480.0,322,False,False,False,line_03_04;line_03_23;line_05_06;line_06_07;line_13_14;line_14_15;line_24_25
full_benders_completion_A10_B010_K07_top003_max300,10,10,7,107,70373.80261301412,23.38573816599819,13.072551416000351,0.6358507500008272,0.005578324395619065,14292.0,325,True,False,False,line_01_02;line_03_23;line_07_08;line_12_13;line_14_15;line_20_21;line_24_25
full_benders_completion_A10_B010_K07_top003_max300,10,10,7,108,73781.6118999885,24.539575624999998,11.465605125005823,0.5837071249989094,0.017691297353283224,11389.0,328,False,False,False,line_01_02;line_02_19;line_03_23;line_06_26;line_16_17;line_23_24;line_31_32
full_benders_completion_A10_B010_K07_top003_max300,10,10,7,109,71353.13752699504,9.842410541998106,9.834502749996318,0.6706584999992629,0.015387210607909804,8792.0,331,False,False,False,line_02_19;line_03_04;line_03_23;line_05_06;line_06_26;line_23_24;line_31_32
full_benders_completion_A10_B010_K07_top003_max300,10,10,7,110,69653.7993640108,11.948647040997457,8.365124416995968,0.5842721660010284,0.018707974431041587,7887.0,334,True,False,False,line_02_19;line_03_04;line_05_06;line_06_26;line_16_17;line_24_25;line_31_32
full_benders_completion_A10_B010_K07_top003_max300,10,10,7,111,42106.94837936526,17.654790625001624,32.9601822500008,0.5883294579980429,0.019870744344789505,32633.0,337,True,False,False,line_01_02;line_08_09;line_13_14;line_20_21;line_23_24;line_26_27;line_29_30
full_benders_completion_A10_B010_K07_top003_max300,10,10,7,112,69920.75482933014,28.13565133299926,8.717202623996855,0.6504426669998793,0.015592696348255877,9410.0,340,True,False,False,line_02_19;line_03_04;line_05_06;line_06_26;line_17_18;line_23_24;line_31_32
full_benders_completion_A10_B010_K07_top003_max300,10,10,7,113,55756.837531029945,38.72832166599983,78.42987954200362,0.6660301670017361,0.014130788601955052,54473.0,343,True,False,False,line_01_02;line_04_05;line_05_06;line_14_15;line_17_18;line_26_27;line_31_32
full_benders_completion_A10_B010_K07_top003_max300,10,10,7,114,45679.8007038699,21.934545334002905,23.517279792002228,0.6838671670011536,0.009894350506504338,26350.0,346,True,False,False,line_01_02;line_03_23;line_06_26;line_08_09;line_11_12;line_16_17;line_26_27
full_benders_completion_A10_B010_K07_top003_max300,10,10,7,115,67194.71902900632,29.163895166999282,14.761060500000895,0.6053729589984869,4.635598056573777e-13,11074.0,349,True,False,False,line_01_02;line_02_19;line_05_06;line_11_12;line_14_15;line_23_24;line_24_25
full_benders_completion_A10_B010_K07_top003_max300,10,10,7,116,65332.24005394615,28.027047917003074,12.982992541998101,0.6070949589993688,0.01635882918051765,8194.0,352,True,False,False,line_01_02;line_02_03;line_02_19;line_07_08;line_10_11;line_19_20;line_21_22
full_benders_completion_A10_B010_K07_top003_max300,10,10,7,117,57784.549845318776,47.666348499999,23.129436457998963,0.6922228750008799,0.018466155834470286,19388.0,355,False,False,False,line_01_02;line_02_03;line_03_04;line_05_06;line_12_13;line_16_17;line_19_20
full_benders_completion_A10_B010_K07_top003_max300,10,10,7,118,55209.64405884943,32.018652708000445,30.003233248004108,0.6607593330008967,0.006456738592047167,25564.0,358,True,False,False,line_01_02;line_02_03;line_02_19;line_06_26;line_12_13;line_15_16;line_28_29
full_benders_completion_A10_B010_K07_top003_max300,10,10,7,119,58461.487658008,49.294622874997,11.815750875000958,0.621694708999712,0.01301247892659117,3996.0,361,True,False,False,line_01_02;line_02_03;line_03_04;line_05_06;line_19_20;line_28_29;line_29_30
full_benders_completion_A10_B010_K07_top003_max300,10,10,7,120,56969.75790644158,26.09894274999897,12.695113166999363,0.6408039159978216,0.012053284483804735,15075.0,364,False,False,False,line_01_02;line_02_19;line_03_23;line_06_26;line_14_15;line_29_30;line_30_31
full_benders_completion_A10_B010_K07_top003_max300,10,10,7,121,55949.72407096939,7.726708958001836,13.555266999002924,0.6457670829986455,0.01901665870589465,16141.0,367,True,False,False,line_01_02;line_02_19;line_06_26;line_14_15;line_23_24;line_29_30;line_30_31
full_benders_completion_A10_B010_K07_top003_max300,10,10,7,122,47293.37717299617,25.649675833999936,19.282099083000503,0.6538459590010461,0.009738404059741938,21287.0,370,True,False,False,line_01_02;line_02_19;line_10_11;line_13_14;line_23_24;line_29_30;line_31_32
full_benders_completion_A10_B010_K07_top003_max300,10,10,7,123,84749.85298102465,60.743741375001264,9.286425291000342,0.6218527079981868,0.010670785969376196,10980.0,373,True,False,False,line_03_04;line_03_23;line_05_06;line_06_07;line_11_12;line_12_13;line_20_21
full_benders_completion_A10_B010_K07_top003_max300,10,10,7,124,91051.59028780111,27.266768125002272,11.456108083999425,0.6250661669982946,1.0857277395536446e-13,12790.0,376,True,False,False,line_03_23;line_06_07;line_08_09;line_09_10;line_16_17;line_28_29;line_31_32
full_benders_completion_A10_B010_K07_top003_max300,10,10,7,125,108534.96692924993,22.738735499999166,5.168155292998563,0.6357500410013017,0.0137701090103673,4154.0,379,True,False,False,line_03_23;line_06_07;line_11_12;line_12_13;line_20_21;line_24_25;line_30_31
full_benders_completion_A10_B010_K07_top003_max300,10,10,7,126,88290.0243829654,21.764661167002487,17.416736626004422,0.642705083002511,0.0,27066.0,382,False,False,False,line_06_26;line_07_08;line_09_10;line_10_11;line_15_16;line_16_17;line_31_32
full_benders_completion_A10_B010_K07_top003_max300,10,10,7,127,84770.72107301163,12.398801625000488,19.93381554100779,0.655532625001797,0.0,30515.0,385,True,False,False,line_03_23;line_06_26;line_07_08;line_09_10;line_10_11;line_15_16;line_24_25
full_benders_completion_A10_B010_K07_top003_max300,10,10,7,128,79890.07967928506,19.805809541998315,6.414687459000561,0.6587368750042515,0.019754657297861324,8218.0,388,True,False,False,line_06_07;line_11_12;line_12_13;line_20_21;line_23_24;line_29_30;line_31_32
full_benders_completion_A10_B010_K07_top003_max300,10,10,7,129,62206.52977795224,52.165160165997804,6.5724247909965925,0.6378634580032667,0.014182620688238341,2280.0,391,True,False,False,line_01_02;line_02_19;line_04_05;line_14_15;line_23_24;line_28_29;line_29_30
full_benders_completion_A10_B010_K07_top003_max300,10,10,7,130,76323.80758187314,21.820648125001753,12.187594251001428,0.5541633750035544,0.015635165768092978,17435.0,394,True,False,False,line_01_02;line_03_04;line_05_06;line_07_08;line_11_12;line_12_13;line_17_18
full_benders_completion_A10_B010_K07_top003_max300,10,10,7,131,46418.88257019594,20.27020795900171,23.36417395900935,0.525403790998098,0.016704288049357287,25579.0,397,True,False,False,line_01_02;line_03_23;line_09_10;line_16_17;line_20_21;line_26_27;line_31_32
full_benders_completion_A10_B010_K07_top003_max300,10,10,7,132,102880.59963924135,29.166378209003597,6.090126623996184,0.5558540000056382,0.016257896031010743,8258.0,400,True,False,False,line_03_04;line_03_23;line_10_11;line_12_13;line_15_16;line_24_25;line_31_32
full_benders_completion_A10_B010_K07_top003_max300,10,10,7,133,49923.372473518364,37.26510616700398,49.93583375000162,0.6883584589959355,0.014902036936138048,62966.0,403,True,False,False,line_02_03;line_02_19;line_03_23;line_06_26;line_15_16;line_17_18;line_28_29
full_benders_completion_A10_B010_K07_top003_max300,10,10,7,134,73136.15672400338,31.62876312500157,34.51646983400133,0.6633118750032736,3.813331092986072e-13,33064.0,406,True,False,False,line_01_02;line_06_07;line_08_09;line_16_17;line_23_24;line_27_28;line_31_32
full_benders_completion_A10_B010_K07_top003_max300,10,10,7,135,88178.52805801132,25.64006670800154,5.678755334003654,0.6550846249956521,0.015479895790619608,6565.0,409,True,False,False,line_02_03;line_03_23;line_05_06;line_06_07;line_15_16;line_19_20;line_23_24
full_benders_completion_A10_B010_K07_top003_max300,10,10,7,136,43559.753397957305,13.0179411670033,20.670603499995195,0.6775877500040224,0.015157033243262775,24521.0,412,True,False,False,line_02_03;line_02_19;line_03_04;line_05_06;line_14_15;line_20_21;line_32_33
full_benders_completion_A10_B010_K07_top003_max300,10,10,7,137,72444.72384400456,22.82444074999512,20.57755637399532,0.5186220420000609,5.135332439269785e-13,11905.0,415,True,False,False,line_01_02;line_03_23;line_06_07;line_08_09;line_09_10;line_14_15;line_23_24
full_benders_completion_A10_B010_K07_top003_max300,10,10,7,138,43490.601598022506,42.91068091699708,56.20899483400717,0.6442916249943664,0.013286984101545482,33968.0,418,True,False,False,line_01_02;line_03_23;line_06_26;line_09_10;line_11_12;line_24_25;line_28_29
full_benders_completion_A10_B010_K07_top003_max300,10,10,7,139,62215.28893211158,22.507462916000804,65.38648012600606,0.6681376249980531,4.244045255609727e-13,51640.0,421,True,False,False,line_02_19;line_03_04;line_05_06;line_06_07;line_09_10;line_20_21;line_23_24
full_benders_completion_A10_B010_K07_top003_max300,10,10,7,140,59475.502237303415,27.541091541999776,28.1168445420044,0.6727166659984505,0.014357793381239702,34071.0,424,False,False,False,line_01_02;line_03_04;line_05_06;line_08_09;line_15_16;line_16_17;line_24_25
full_benders_completion_A10_B010_K07_top003_max300,10,10,7,141,58132.03985578846,6.475327833002666,18.899453082995024,0.5927122909997706,0.018929083408378566,19456.0,427,True,False,False,line_01_02;line_03_04;line_03_23;line_05_06;line_09_10;line_15_16;line_23_24
full_benders_completion_A10_B010_K07_top003_max300,10,10,7,142,44623.1319600516,13.593855958002678,19.27897062500415,0.688553874999343,4.968029825126581e-14,16114.0,430,True,False,False,line_01_02;line_02_03;line_04_05;line_06_26;line_20_21;line_23_24;line_28_29
full_benders_completion_A10_B010_K07_top003_max300,10,10,7,143,66572.31052675564,52.4419198329997,9.967276084011246,0.6489569999976084,0.0033040211053447614,5058.0,433,True,False,False,line_01_02;line_02_03;line_02_19;line_06_07;line_08_09;line_12_13;line_14_15
full_benders_completion_A10_B010_K07_top003_max300,10,10,7,144,57179.48590377369,29.067750082998828,15.967462917004013,0.5833552920012153,0.013854683964637616,21664.0,436,True,False,False,line_01_02;line_02_03;line_02_19;line_06_26;line_14_15;line_19_20;line_27_28
full_benders_completion_A10_B010_K07_top003_max300,10,10,7,145,76249.34819571534,108.81979087500076,7.86319487500441,0.6322422499943059,1.8264002516849878e-13,4741.0,439,True,False,False,line_03_23;line_04_05;line_07_08;line_12_13;line_15_16;line_24_25;line_31_32
full_benders_completion_A10_B010_K07_top003_max300,10,10,7,146,37749.17231999867,35.64983620800194,39.07284862399683,0.5682680410027388,0.018792369929481,26665.0,442,True,False,False,line_01_02;line_10_11;line_11_12;line_17_18;line_20_21;line_23_24;line_30_31
full_benders_completion_A10_B010_K07_top003_max300,10,10,7,147,72291.16604000353,24.66355137500068,12.80041650000203,0.6307827919954434,0.018049118347393745,10647.0,445,False,False,False,line_01_02;line_03_23;line_06_26;line_11_12;line_16_17;line_20_21;line_29_30
full_benders_completion_A10_B010_K07_top003_max300,10,10,7,148,58025.49270041485,10.819891792001727,13.723751667996112,0.6373955409944756,0.0185478781513206,11825.0,448,True,False,False,line_01_02;line_06_26;line_11_12;line_15_16;line_20_21;line_23_24;line_29_30
full_benders_completion_A10_B010_K07_top003_max300,10,10,7,149,75076.99775533145,25.180180207993544,69.62790320800559,0.5730709589988692,0.017893440914669195,82722.0,451,True,False,False,line_01_02;line_06_07;line_10_11;line_12_13;line_16_17;line_27_28;line_31_32
full_benders_completion_A10_B010_K07_top003_max300,10,10,7,150,66963.1082409115,26.12790758299525,6.410562834011216,0.6287255409988575,0.0053554721160145695,3973.0,454,True,False,False,line_02_03;line_03_04;line_06_26;line_11_12;line_19_20;line_23_24;line_26_27
full_benders_completion_A10_B010_K07_top003_max300,10,10,7,151,40061.974342252244,19.50213362499926,68.83144537400221,0.6340597919988795,0.011864810875308104,67719.0,457,True,False,False,line_02_03;line_02_19;line_04_05;line_17_18;line_19_20;line_26_27;line_29_30
full_benders_completion_A10_B010_K07_top003_max300,10,10,7,152,59428.28420939052,28.304115832994285,33.84031412499462,0.6283310829967377,0.003155257844212436,56419.0,460,True,False,False,line_01_02;line_02_19;line_03_04;line_05_06;line_11_12;line_15_16;line_23_24
full_benders_completion_A10_B010_K07_top003_max300,10,10,7,153,75017.84583099512,25.799320375001116,7.3524985409967485,0.5698883329969249,0.004493880192613219,4438.0,463,True,False,False,line_01_02;line_06_26;line_11_12;line_19_20;line_26_27;line_27_28;line_29_30
full_benders_completion_A10_B010_K07_top003_max300,10,10,7,154,60983.5463537561,26.96655379099684,13.985864206995757,0.627591874996142,0.018467383665526683,15214.0,466,True,False,False,line_01_02;line_02_03;line_04_05;line_14_15;line_21_22;line_26_27;line_29_30
full_benders_completion_A10_B010_K07_top003_max300,10,10,7,155,39677.2493571965,42.39781145899906,26.92028762499831,0.6325557920063147,0.018379260687264656,16202.0,469,True,False,False,line_01_02;line_02_03;line_02_19;line_20_21;line_23_24;line_29_30;line_31_32
full_benders_completion_A10_B010_K07_top003_max300,10,10,7,156,71630.5691637164,64.55692170799739,11.804796083008114,0.6189429169971845,0.018973221565678947,12138.0,472,False,False,False,line_03_04;line_03_23;line_05_06;line_06_07;line_06_26;line_10_11;line_29_30
full_benders_completion_A10_B010_K07_top003_max300,10,10,7,157,63503.11866428796,6.316632583999308,12.798728832996858,0.6341789580037585,0.01794376202154349,11884.0,475,False,False,False,line_01_02;line_03_04;line_05_06;line_06_26;line_07_08;line_10_11;line_29_30
full_benders_completion_A10_B010_K07_top003_max300,10,10,7,158,57458.67583628115,12.815750499998103,35.60590483299893,0.5611641669966048,0.014701860365897016,31298.0,478,True,False,False,line_01_02;line_03_04;line_05_06;line_06_26;line_07_08;line_10_11;line_28_29
full_benders_completion_A10_B010_K07_top003_max300,10,10,7,159,36391.747071117046,35.353265167002974,99.26929983399896,0.6689512910015765,0.01009408131408068,66308.0,481,True,False,False,line_01_02;line_03_23;line_04_05;line_05_06;line_12_13;line_15_16;line_23_24
full_benders_completion_A10_B010_K07_top003_max300,10,10,7,160,58275.65225299331,20.057997459000035,8.633044415997574,0.6445720000047004,3.362205047261781e-13,5885.0,484,True,False,False,line_02_03;line_02_19;line_04_05;line_14_15;line_17_18;line_27_28;line_29_30
full_benders_completion_A10_B010_K07_top003_max300,10,10,7,161,59293.06117380352,44.38032100000419,21.07620991600561,0.6374017919952166,0.01974029670518019,12936.0,487,True,False,False,line_01_02;line_11_12;line_14_15;line_15_16;line_23_24;line_28_29;line_29_30
full_benders_completion_A10_B010_K07_top003_max300,10,10,7,162,31744.504164009588,24.670250417002535,285.07370983399596,0.585363165999297,0.018960517325391404,188369.0,490,True,False,False,line_01_02;line_06_07;line_10_11;line_11_12;line_16_17;line_20_21;line_23_24
full_benders_completion_A10_B010_K07_top003_max300,10,10,7,163,50752.176263522124,16.871209334000014,12.93378808399575,0.6498073330003535,0.01844602842109819,6605.0,493,True,False,False,line_02_03;line_02_19;line_03_04;line_06_26;line_21_22;line_23_24;line_28_29
full_benders_completion_A10_B010_K07_top003_max300,10,10,7,164,54453.9175096181,30.950953167004627,19.04717695799627,0.6366223330041976,0.018165645574016454,10353.0,496,True,False,False,line_01_02;line_02_19;line_17_18;line_21_22;line_23_24;line_26_27;line_30_31
full_benders_completion_A10_B010_K07_top003_max300,10,10,7,165,46366.38005600311,14.949453833003645,14.27271524900425,0.6475270829978399,0.0,7523.0,499,False,True,False,line_02_03;line_02_19;line_06_26;line_24_25;line_26_27;line_28_29;line_29_30
full_benders_completion_A10_B010_K07_top003_max300,10,10,7,166,40524.865438280394,8.730318083005841,10.291268123990449,0.6626392919934005,0.013911420298582394,3511.0,502,True,False,False,line_01_02;line_03_23;line_06_07;line_06_26;line_09_10;line_23_24;line_26_27
full_benders_completion_A10_B010_K07_top003_max300,10,10,7,167,55900.15109196119,40.68628845800413,16.345298291009385,0.6395685419993242,0.012784575420775062,14808.0,505,True,False,False,line_02_03;line_02_19;line_03_23;line_05_06;line_13_14;line_15_16;line_23_24
full_benders_completion_A10_B010_K07_top003_max300,10,10,7,168,41587.161557623185,12.052501875004964,52.151989917008905,0.5724468330008676,0.019357457745548284,31566.0,508,True,False,False,line_01_02;line_03_04;line_05_06;line_19_20;line_21_22;line_23_24;line_26_27
full_benders_completion_A10_B010_K07_top003_max300,10,10,7,169,50095.138868986454,13.964073666000331,24.954179958003806,0.6091273330021068,0.01800665468548187,26645.0,511,True,False,False,line_02_03;line_02_19;line_07_08;line_10_11;line_20_21;line_23_24;line_26_27
full_benders_completion_A10_B010_K07_top003_max300,10,10,7,170,45166.19276733068,21.322196166998765,29.38422516700666,0.6513996249996126,1.290020779280978e-13,23721.0,514,True,False,False,line_01_02;line_12_13;line_15_16;line_20_21;line_23_24;line_29_30;line_31_32
full_benders_completion_A10_B010_K07_top003_max300,10,10,7,171,55207.85795464611,43.376113083002565,15.398509918006312,0.647007666004356,0.01815432219288561,12906.0,517,True,False,False,line_01_02;line_07_08;line_09_10;line_23_24;line_26_27;line_29_30;line_30_31
full_benders_completion_A10_B010_K07_top003_max300,10,10,7,172,37735.98959940008,20.29627766700287,13.950894792003965,0.637945624999702,0.019751253220641248,11986.0,520,True,False,False,line_02_03;line_02_19;line_03_04;line_05_06;line_16_17;line_26_27;line_31_32
full_benders_completion_A10_B010_K07_top003_max300,10,10,7,173,38458.04913581163,15.495722083003784,9.038999541997327,0.6389603749994421,0.018474327660967613,7959.0,523,True,False,False,line_03_04;line_03_23;line_04_05;line_15_16;line_19_20;line_21_22;line_23_24
full_benders_completion_A10_B010_K07_top003_max300,10,10,7,174,48582.798260011245,18.428294624995033,20.34819316600624,0.6333212909958092,0.0,22029.0,526,True,False,False,line_03_04;line_05_06;line_06_26;line_12_13;line_14_15;line_23_24;line_27_28
full_benders_completion_A10_B010_K07_top003_max300,10,10,7,175,55282.394026747905,12.766739500002586,10.111194043005526,0.6470735420007259,0.019639275218792523,5962.0,529,True,False,False,line_01_02;line_02_03;line_03_04;line_13_14;line_15_16;line_16_17;line_17_18
full_benders_completion_A10_B010_K07_top003_max300,10,10,7,176,60650.37944452092,23.112229625003238,8.716483750002226,0.6527011250000214,0.01598635201012871,5110.0,532,True,False,False,line_02_03;line_03_04;line_05_06;line_06_26;line_19_20;line_20_21;line_30_31
full_benders_completion_A10_B010_K07_top003_max300,10,10,7,177,40723.996040002676,43.84001579199685,11.89625029200397,0.6376304589939537,0.015591253660079714,11685.0,535,True,False,False,line_02_03;line_02_19;line_06_26;line_07_08;line_14_15;line_17_18;line_26_27
full_benders_completion_A10_B010_K07_top003_max300,10,10,7,178,43757.620461724,12.256846417003544,16.174550208001165,0.6459359159998712,0.01757454182061466,6740.0,538,True,False,False,line_01_02;line_16_17;line_19_20;line_20_21;line_23_24;line_26_27;line_30_31
full_benders_completion_A10_B010_K07_top003_max300,10,10,7,179,64923.78288866312,34.30944116700266,13.529862876006518,0.5704627090017311,0.016991980421685392,8915.0,541,True,False,False,line_01_02;line_04_05;line_08_09;line_23_24;line_28_29;line_29_30;line_31_32
full_benders_completion_A10_B010_K07_top003_max300,10,10,7,180,41043.71257052082,10.340209041001799,48.19509745800315,0.6502578749932582,0.019513980751003426,25847.0,544,True,False,False,line_01_02;line_06_07;line_07_08;line_13_14;line_15_16;line_21_22;line_23_24
full_benders_completion_A10_B010_K07_top003_max300,10,10,7,181,48405.49481497158,35.44610245899821,8.697820959001547,0.5744179169996642,0.0048915868201103,5057.0,547,False,False,False,line_01_02;line_04_05;line_05_06;line_06_26;line_19_20;line_20_21;line_26_27
full_benders_completion_A10_B010_K07_top003_max300,10,10,7,182,42596.534954813425,6.55056354199769,14.747461498998746,0.6511981660005404,0.018533640114717278,9312.0,550,True,False,False,line_01_02;line_02_19;line_06_26;line_20_21;line_21_22;line_23_24;line_27_28
full_benders_completion_A10_B010_K07_top003_max300,10,10,7,183,39299.54754700221,10.130903167002543,19.376104083996324,0.6525615000064136,0.019020527909990932,20889.0,553,True,False,False,line_01_02;line_03_04;line_05_06;line_17_18;line_23_24;line_26_27;line_31_32
full_benders_completion_A10_B010_K07_top003_max300,10,10,7,184,62570.8988527793,21.64251679100562,14.35992050099594,0.6187269999936689,0.0,16966.0,556,True,False,False,line_03_23;line_06_07;line_08_09;line_09_10;line_13_14;line_19_20;line_21_22
full_benders_completion_A10_B010_K07_top003_max300,10,10,7,185,74750.74313346762,20.41072300000087,6.73809133299801,0.6437317500021891,0.006455373149178453,3974.0,559,False,False,False,line_02_03;line_04_05;line_06_07;line_08_09;line_20_21;line_28_29;line_31_32
full_benders_completion_A10_B010_K07_top003_max300,10,10,7,186,67603.16733321757,7.313688166002976,9.943494459002977,0.5685774169978686,0.005528766081504519,6217.0,562,False,False,False,line_01_02;line_02_03;line_03_04;line_07_08;line_08_09;line_28_29;line_31_32
full_benders_completion_A10_B010_K07_top003_max300,10,10,7,187,62115.01088621048,8.294540582995978,7.254347875001258,0.5703650409996044,2.2202321898373283e-13,4226.0,565,True,False,False,line_01_02;line_02_03;line_03_04;line_07_08;line_08_09;line_14_15;line_17_18
full_benders_completion_A10_B010_K07_top003_max300,10,10,7,188,39423.69589931442,38.3539810000002,29.731793082995864,0.6587415419999161,0.018501540620901456,22424.0,568,True,False,False,line_01_02;line_02_03;line_03_04;line_06_07;line_07_08;line_30_31;line_31_32
full_benders_completion_A10_B010_K07_top003_max300,10,10,7,189,49930.474380598986,22.404818667004292,7.930196542001795,0.5617172920028679,0.014719703402199988,9422.0,571,True,False,False,line_02_03;line_02_19;line_14_15;line_17_18;line_24_25;line_27_28;line_29_30
full_benders_completion_A10_B010_K07_top003_max300,10,10,7,190,33638.74385132926,23.75980504200561,90.51403995900182,0.6876502500017523,0.01946718815570244,43854.0,574,True,False,False,line_01_02;line_05_06;line_06_26;line_07_08;line_23_24;line_26_27;line_31_32
full_benders_completion_A10_B010_K07_top003_max300,10,10,7,191,41914.15408687282,22.118822707998333,37.88906458299607,0.6490687919940683,0.0025555893150057446,47285.0,577,True,False,False,line_02_03;line_06_07;line_08_09;line_09_10;line_13_14;line_16_17;line_19_20
full_benders_completion_A10_B010_K07_top003_max300,10,10,7,192,41354.71732639556,20.555727165999997,8.84601066599862,0.5646587500013993,0.017318228422361942,7331.0,580,True,False,False,line_02_03;line_08_09;line_12_13;line_15_16;line_19_20;line_20_21;line_24_25
full_benders_completion_A10_B010_K07_top003_max300,10,10,7,193,38851.28433356818,25.99823833299888,16.64851970900054,0.6714329160022317,0.01347998059907363,8585.0,583,True,False,False,line_02_19;line_03_04;line_03_23;line_10_11;line_13_14;line_16_17;line_23_24
full_benders_completion_A10_B010_K07_top003_max300,10,10,7,194,51676.858436014736,21.95643425000162,16.13999295800022,0.5614824580043205,0.01606410111959216,16810.0,586,True,False,False,line_04_05;line_07_08;line_12_13;line_14_15;line_20_21;line_23_24;line_28_29
full_benders_completion_A10_B010_K07_top003_max300,10,10,7,195,36521.82410222851,24.80943654099974,13.865634292997129,0.5926494999948773,0.01993488808615801,10632.0,589,True,False,False,line_02_03;line_02_19;line_05_06;line_06_07;line_10_11;line_16_17;line_17_18
full_benders_completion_A10_B010_K07_top003_max300,10,10,7,196,40436.123533049715,11.311815792003472,12.624544541999057,0.6619656670009135,0.0189822194656499,9284.0,592,True,False,False,line_02_03;line_02_19;line_03_04;line_05_06;line_06_26;line_26_27;line_30_31
full_benders_completion_A10_B010_K07_top003_max300,10,10,7,197,41320.38626300951,24.68161620799947,18.27047895800206,0.6644489169993903,0.017913415037340667,12368.0,595,True,False,False,line_02_03;line_02_19;line_06_07;line_09_10;line_10_11;line_13_14;line_24_25
full_benders_completion_A10_B010_K07_top003_max300,10,10,7,198,30803.501996031147,29.330928957999276,13.56699187400227,0.6772649999984424,0.019315573065518368,13883.0,598,True,False,False,line_02_03;line_02_19;line_07_08;line_09_10;line_11_12;line_26_27;line_30_31
full_benders_completion_A10_B010_K07_top003_max300,10,10,7,199,46847.309944328386,56.45856337499572,11.492809165007202,0.5625982919955277,0.017577359460366298,14500.0,601,False,False,False,line_02_03;line_04_05;line_06_26;line_08_09;line_12_13;line_19_20;line_28_29
full_benders_completion_A10_B010_K07_top003_max300,10,10,7,200,45806.65721261653,5.726904667004419,10.732112666999456,0.6440734589996282,8.613147324501294e-13,12190.0,604,False,False,False,line_03_04;line_06_26;line_08_09;line_13_14;line_19_20;line_23_24;line_27_28
full_benders_completion_A10_B010_K07_top003_max300,10,10,7,201,42598.40107649111,9.150880499997584,7.212200790992938,0.6304573329980485,0.004829171129335663,6079.0,607,True,False,False,line_03_04;line_03_23;line_06_26;line_09_10;line_12_13;line_19_20;line_27_28
full_benders_completion_A10_B010_K07_top003_max300,10,10,7,202,32599.802799004246,9.993203625002934,17.02585299900238,0.6572363330051303,0.0,18632.0,610,True,False,False,line_03_04;line_03_23;line_06_07;line_06_26;line_10_11;line_19_20;line_28_29
full_benders_completion_A10_B010_K07_top003_max300,10,10,7,203,42215.46118977398,8.848444666000432,10.79295558299782,0.6442659169988474,0.011252968466104032,12230.0,613,True,False,False,line_03_23;line_06_07;line_10_11;line_11_12;line_12_13;line_19_20;line_26_27
full_benders_completion_A10_B010_K07_top003_max300,10,10,7,204,28385.802087066928,35.968873124998936,8.19099533300323,0.6575015420021373,0.009503945206954328,8979.0,616,True,False,False,line_03_04;line_03_23;line_05_06;line_06_07;line_10_11;line_14_15;line_19_20
full_benders_completion_A10_B010_K07_top003_max300,10,10,7,205,50223.39297775086,24.998130249994574,3.4477989170045475,0.5421950840027421,0.014478754838351416,2595.0,619,True,False,False,line_03_04;line_04_05;line_06_07;line_07_08;line_08_09;line_24_25;line_30_31
full_benders_completion_A10_B010_K07_top003_max300,10,10,7,206,46569.875471851556,12.382349334002356,10.800896500004455,0.6485116249968996,3.766218364572328e-15,12105.0,622,True,False,False,line_03_04;line_05_06;line_07_08;line_08_09;line_14_15;line_17_18;line_23_24
full_benders_completion_A10_B010_K07_top003_max300,10,10,7,207,22560.574865207425,13.976599834000808,14.470867875003023,0.6711265840058331,0.013546697369724336,20735.0,625,True,False,False,line_02_03;line_05_06;line_14_15;line_17_18;line_19_20;line_20_21;line_32_33
full_benders_completion_A10_B010_K07_top003_max300,10,10,7,208,32523.96420663764,10.320999666000716,7.64971145799791,0.6718746249971446,0.01876014403554717,8576.0,628,True,False,False,line_01_02;line_02_03;line_05_06;line_08_09;line_10_11;line_17_18;line_30_31
full_benders_completion_A10_B010_K07_top003_max300,10,10,7,209,31898.01973297249,29.488801332998264,24.097699167003157,0.6606621669998276,1.2043711968482286e-13,25786.0,631,True,False,False,line_04_05;line_05_06;line_06_07;line_06_26;line_20_21;line_23_24;line_26_27
full_benders_completion_A10_B010_K07_top003_max300,10,10,7,210,29880.898939016275,14.157537333005166,9.75435762500274,0.650654333003331,1.0026143927857615e-12,10364.0,634,True,False,False,line_06_07;line_06_26;line_09_10;line_17_18;line_20_21;line_23_24;line_28_29
full_benders_completion_A10_B010_K07_top003_max300,10,10,7,211,30122.218517000118,19.272397583001293,7.602312124006858,0.6584090000033029,0.008217673935440796,8775.0,637,True,False,False,line_02_03;line_05_06;line_11_12;line_13_14;line_17_18;line_19_20;line_30_31
full_benders_completion_A10_B010_K07_top003_max300,10,10,7,212,38724.33102372987,21.5868882499999,9.67015874999197,0.5647377079949365,0.01576391459806856,6350.0,640,True,False,False,line_02_19;line_03_04;line_16_17;line_17_18;line_23_24;line_27_28;line_29_30
full_benders_completion_A10_B010_K07_top003_max300,10,10,7,213,27013.294943358633,20.934635833000357,14.933972456994525,0.646296708000591,0.006514416356095617,16728.0,643,False,False,False,line_10_11;line_12_13;line_14_15;line_19_20;line_24_25;line_30_31;line_31_32
full_benders_completion_A10_B010_K07_top003_max300,10,10,7,214,28977.621720752155,34.20522649999475,3.5828090829963912,0.6683463750014198,0.015249478141364955,2534.0,646,True,False,False,line_01_02;line_02_03;line_04_05;line_14_15;line_26_27;line_28_29;line_30_31
full_benders_completion_A10_B010_K07_top003_max300,10,10,7,215,22435.61742801367,9.277891041994735,9.603686333000951,0.5904227920036647,0.019475736978980345,13046.0,649,False,False,False,line_01_02;line_03_04;line_08_09;line_13_14;line_17_18;line_19_20;line_20_21
full_benders_completion_A10_B010_K07_top003_max300,10,10,7,216,22484.901595095056,11.989296375002596,11.495618709006521,0.6519483329975628,6.371260041419226e-14,12302.0,652,False,False,False,line_03_04;line_03_23;line_14_15;line_16_17;line_17_18;line_20_21;line_23_24
full_benders_completion_A10_B010_K07_top003_max300,10,10,7,217,18353.032830777112,16.477126916994166,17.666391833998205,0.6700347089936258,0.0,20824.0,655,False,False,False,line_01_02;line_04_05;line_06_07;line_06_26;line_14_15;line_27_28;line_29_30
full_benders_completion_A10_B010_K07_top003_max300,10,10,7,218,24971.244141986273,28.71818679200078,4.572024543005682,0.5925226250037667,0.014955028531724469,4294.0,658,True,False,False,line_03_04;line_08_09;line_13_14;line_19_20;line_23_24;line_27_28;line_31_32
full_benders_completion_A10_B010_K07_top003_max300,10,10,7,219,20824.515923701692,8.98796616600157,7.383046083006775,0.6505126670017489,0.0046781522104209,10126.0,661,False,False,False,line_03_04;line_05_06;line_08_09;line_12_13;line_14_15;line_21_22;line_24_25
full_benders_completion_A10_B010_K07_top003_max300,10,10,7,220,23320.789254996926,32.87622774999909,3.16530587500165,0.5560478330007754,2.3081351939319722e-12,3137.0,664,True,False,False,line_07_08;line_16_17;line_17_18;line_19_20;line_24_25;line_26_27;line_31_32
full_benders_completion_A10_B010_K07_top003_max300,10,10,7,221,33273.28871633415,23.940997249999782,10.952769167000952,0.6359321249983623,2.413836695284357e-13,17028.0,667,False,False,False,line_06_26;line_08_09;line_13_14;line_14_15;line_24_25;line_29_30;line_32_33
full_benders_completion_A10_B010_K07_top003_max300,10,10,7,222,32692.79571287334,6.649211208001361,7.611629416001961,0.5575679579997086,9.458603703354491e-14,14534.0,670,False,False,False,line_01_02;line_02_03;line_09_10;line_12_13;line_14_15;line_20_21;line_24_25
full_benders_completion_A10_B010_K07_top003_max300,10,10,7,223,31596.57568010525,9.051386291001108,5.727446042008523,0.646647125002346,0.012244734692419875,8664.0,673,True,False,False,line_02_19;line_04_05;line_05_06;line_09_10;line_12_13;line_14_15;line_24_25
full_benders_completion_A10_B010_K07_top003_max300,10,10,7,224,42092.49442300445,17.370894457999384,4.535436624006252,0.6514277499954915,0.01055639270332722,7340.0,676,True,False,False,line_06_07;line_07_08;line_08_09;line_10_11;line_14_15;line_26_27;line_30_31
full_benders_completion_A10_B010_K07_top003_max300,10,10,7,225,39131.75916237431,18.165522499999497,6.4396221230053925,0.6506316250015516,0.0175982841717435,8134.0,679,False,False,False,line_02_19;line_04_05;line_05_06;line_15_16;line_24_25;line_29_30;line_31_32
full_benders_completion_A10_B010_K07_top003_max300,10,10,7,226,37801.60353175935,6.370205166997039,4.722442833997775,0.5643892919979407,0.018083100777523894,5327.0,682,False,False,False,line_01_02;line_02_03;line_08_09;line_10_11;line_15_16;line_28_29;line_30_31
full_benders_completion_A10_B010_K07_top003_max300,10,10,7,227,36502.88989713963,31.321468249996542,5.3094590839973534,0.6370014159983839,0.016726744598649777,5056.0,685,True,False,False,line_02_19;line_06_07;line_07_08;line_15_16;line_29_30;line_31_32;line_32_33
full_benders_completion_A10_B010_K07_top003_max300,10,10,7,228,39968.392526020296,18.721712250000564,9.362681207996502,0.6528008329987642,0.0,11267.0,688,False,False,False,line_03_23;line_06_07;line_13_14;line_16_17;line_24_25;line_27_28;line_31_32
full_benders_completion_A10_B010_K07_top003_max300,10,10,7,229,31500.71907441062,14.735345417000644,11.688969456998166,0.642225249997864,0.006437894135195688,15717.0,691,True,False,False,line_01_02;line_02_03;line_06_07;line_13_14;line_20_21;line_26_27;line_30_31
full_benders_completion_A10_B010_K07_top003_max300,10,10,7,230,26124.163334779907,10.188633540994488,12.972346333997848,0.5750712500012014,0.016070803210530588,14209.0,694,False,False,False,line_01_02;line_02_03;line_06_26;line_11_12;line_21_22;line_24_25;line_31_32
full_benders_completion_A10_B010_K07_top003_max300,10,10,7,231,23506.136223897105,8.474522709002485,13.142806458999985,0.6659159590053605,0.0,15340.0,697,False,False,False,line_03_04;line_05_06;line_14_15;line_23_24;line_29_30;line_30_31;line_32_33
full_benders_completion_A10_B010_K07_top003_max300,10,10,7,232,22143.51282756758,26.132934125002066,9.362604916997952,0.6361789170041448,0.013425334448872946,12504.0,700,True,False,False,line_06_07;line_07_08;line_08_09;line_14_15;line_23_24;line_26_27;line_28_29
full_benders_completion_A10_B010_K07_top003_max300,10,10,7,233,48953.24767606205,20.096094249995076,7.764676126003906,0.5532906250009546,0.008328318813741404,13711.0,703,False,False,False,line_09_10;line_15_16;line_17_18;line_20_21;line_23_24;line_26_27;line_29_30
full_benders_completion_A10_B010_K07_top003_max300,10,10,7,234,36825.31772033841,6.508224375000282,5.341827875003219,0.6482806249987334,0.01627780727385847,8671.0,706,True,False,False,line_03_04;line_10_11;line_14_15;line_17_18;line_19_20;line_20_21;line_24_25
full_benders_completion_A10_B010_K07_top003_max300,10,10,7,235,34258.74695737474,18.450305541999114,8.715177083002345,0.6642585000008694,1.1430837913852715e-13,11395.0,709,False,False,False,line_03_04;line_03_23;line_05_06;line_09_10;line_12_13;line_19_20;line_20_21
full_benders_completion_A10_B010_K07_top003_max300,10,10,7,236,23658.834935011808,6.481675292001455,15.53212558299856,0.6394715419955901,0.0,26416.0,712,False,False,False,line_08_09;line_12_13;line_16_17;line_21_22;line_24_25;line_26_27;line_29_30
full_benders_completion_A10_B010_K07_top003_max300,10,10,7,237,24846.302287315717,39.4947745410027,4.133950665993325,0.6713382920061122,0.015154492616517891,3906.0,715,True,False,False,line_01_02;line_04_05;line_05_06;line_10_11;line_11_12;line_26_27;line_28_29
full_benders_completion_A10_B010_K07_top003_max300,10,10,7,238,34482.39621229726,43.98643312499917,10.475908709006035,0.6630270829991787,0.0015197318149801162,9963.0,718,True,False,False,line_03_04;line_06_26;line_07_08;line_08_09;line_19_20;line_24_25;line_27_28
full_benders_completion_A10_B010_K07_top003_max300,10,10,7,239,30916.77755568619,67.56030587499845,5.921043958995142,0.5700254999974277,0.019338100890619297,7763.0,721,False,False,False,line_02_03;line_03_23;line_05_06;line_06_26;line_16_17;line_20_21;line_27_28
full_benders_completion_A10_B010_K07_top003_max300,10,10,7,240,36346.05539073702,6.68653825000365,4.2115272489972995,0.6879639580001822,0.013808958263184816,2667.0,724,False,False,False,line_01_02;line_02_19;line_03_23;line_05_06;line_06_26;line_24_25;line_29_30
full_benders_completion_A10_B010_K07_top003_max300,10,10,7,241,25142.711647658958,7.065402292006183,9.923180083998886,0.5701732500019716,0.0023414601686389033,15698.0,727,False,False,False,line_02_03;line_04_05;line_06_07;line_06_26;line_07_08;line_21_22;line_29_30
full_benders_completion_A10_B010_K07_top003_max300,10,10,7,242,27507.67946692393,6.8689741249982035,5.401028291002149,0.6888404999990598,0.016540738748066677,5971.0,730,False,True,False,line_01_02;line_06_26;line_16_17;line_24_25;line_27_28;line_30_31;line_32_33
full_benders_completion_A10_B010_K07_top003_max300,10,10,7,243,17494.467311900167,6.685521458995936,12.222888706994127,0.6035317920031957,0.0,21623.0,733,False,False,False,line_04_05;line_05_06;line_17_18;line_19_20;line_23_24;line_26_27;line_28_29
full_benders_completion_A10_B010_K07_top003_max300,10,10,7,244,19909.44930227837,7.183034417001181,10.405202457994164,0.702835292002419,0.008061978398603922,15820.0,736,False,False,False,line_02_03;line_08_09;line_10_11;line_17_18;line_20_21;line_24_25;line_32_33
full_benders_completion_A10_B010_K07_top003_max300,10,10,7,245,25316.26440109941,6.739982042003248,7.953821124996466,0.6977398749950225,3.127287730892548e-13,13587.0,739,False,False,False,line_02_19;line_03_04;line_06_26;line_21_22;line_24_25;line_26_27;line_30_31
full_benders_completion_A10_B010_K07_top003_max300,10,10,7,246,24283.232559272437,7.157614000003377,4.417557208995277,0.5950406659976579,1.9895357193591634e-12,4198.0,742,False,False,False,line_01_02;line_02_03;line_06_07;line_07_08;line_14_15;line_19_20;line_23_24
full_benders_completion_A10_B010_K07_top003_max300,10,10,7,247,21847.225202900823,7.0942328330056625,9.123578582999471,0.6836425829969812,0.002717385990466166,15047.0,745,False,False,False,line_08_09;line_10_11;line_16_17;line_20_21;line_23_24;line_26_27;line_29_30
full_benders_completion_A10_B010_K07_top003_max300,10,10,7,248,20333.98085125815,7.612433249996684,5.607161208987236,0.5878575419992558,0.017570250639771082,5740.0,748,False,False,False,line_01_02;line_02_19;line_03_23;line_04_05;line_06_07;line_07_08;line_17_18
full_benders_completion_A10_B010_K07_top003_max300,10,10,7,249,18033.777760821256,9.367222084001696,4.388437999004964,0.716961457997968,0.0,4822.0,751,False,False,False,line_01_02;line_06_07;line_07_08;line_08_09;line_12_13;line_15_16;line_27_28
full_benders_completion_A10_B010_K07_top003_max300,10,10,7,250,26481.35508383857,6.5494357499992475,9.06657691700093,0.652358125000319,2.337929710290772e-13,15137.0,754,False,False,False,line_06_07;line_06_26;line_07_08;line_17_18;line_23_24;line_28_29;line_31_32
full_benders_completion_A10_B010_K07_top003_max300,10,10,7,251,16764.49047333229,6.498869625000225,15.053944791005051,0.5962686659986502,0.014647032466788897,35558.0,757,False,False,False,line_03_04;line_03_23;line_05_06;line_11_12;line_13_14;line_19_20;line_24_25
full_benders_completion_A10_B010_K07_top003_max300,10,10,7,252,19207.37310292141,8.501856916001998,5.268616959008796,0.7119029999958002,5.435932920345654e-13,7459.0,760,False,True,False,line_02_03;line_02_19;line_06_26;line_07_08;line_10_11;line_19_20;line_27_28
full_benders_completion_A10_B010_K07_top003_max300,10,10,7,253,24943.2284222116,22.321197957993718,8.559364375003497,0.6104273330056458,8.09221130121332e-14,10913.0,763,True,False,False,line_03_04;line_05_06;line_06_07;line_07_08;line_24_25;line_26_27;line_29_30
full_benders_completion_A10_B010_K07_top003_max300,10,10,7,254,51743.887461665785,17.297521209002298,12.613251000002492,0.6807101250014966,0.016755314726658286,18871.0,766,False,False,False,line_09_10;line_12_13;line_13_14;line_15_16;line_16_17;line_28_29;line_31_32
full_benders_completion_A10_B010_K07_top003_max300,10,10,7,255,47611.89254681277,9.50633195899718,5.606502082002407,0.5775269160003518,0.019594658067972844,7148.0,769,False,False,False,line_02_19;line_03_23;line_08_09;line_12_13;line_21_22;line_28_29;line_30_31
full_benders_completion_A10_B010_K07_top003_max300,10,10,7,256,36062.09297246358,19.563038291998964,24.296251248997578,0.7094928750011604,0.0,33433.0,772,True,False,False,line_02_19;line_03_04;line_03_23;line_13_14;line_15_16;line_21_22;line_29_30
full_benders_completion_A10_B010_K07_top003_max300,10,10,7,257,44549.56223060365,41.08591924999928,6.787510874986765,0.5998150830055238,0.0037699600295228375,7605.0,775,True,False,False,line_02_19;line_03_23;line_05_06;line_09_10;line_16_17;line_27_28;line_29_30
full_benders_completion_A10_B010_K07_top003_max300,10,10,7,258,45273.66394014959,52.59286479200091,10.181034584005829,0.677553417001036,0.01118034178345326,14453.0,778,True,False,False,line_03_23;line_05_06;line_07_08;line_08_09;line_14_15;line_23_24;line_26_27
full_benders_completion_A10_B010_K07_top003_max300,10,10,7,259,43954.94679330371,34.71072400000412,15.475469750002958,0.5860837080035708,1.6945527984973685e-12,16604.0,781,True,False,False,line_03_23;line_04_05;line_07_08;line_09_10;line_19_20;line_20_21;line_29_30
full_benders_completion_A10_B010_K07_top003_max300,10,10,7,260,39781.82246400614,48.051639875004184,9.005010833992856,0.5843105000021751,0.010825924372465181,10401.0,784,True,False,False,line_02_19;line_03_23;line_04_05;line_14_15;line_17_18;line_21_22;line_23_24
full_benders_completion_A10_B010_K07_top003_max300,10,10,7,261,48687.738695645705,19.355639749999682,7.7652203340039705,0.6940403749977122,0.01450138620522315,8666.0,787,False,False,False,line_02_03;line_05_06;line_13_14;line_16_17;line_20_21;line_27_28;line_29_30
full_benders_completion_A10_B010_K07_top003_max300,10,10,7,262,27696.523565992014,6.839931833004812,11.011381209005776,0.670512292002968,0.01763919032099443,15412.0,790,False,False,False,line_02_19;line_06_07;line_06_26;line_07_08;line_09_10;line_12_13;line_23_24
full_benders_completion_A10_B010_K07_top003_max300,10,10,7,263,30197.962634796277,7.375160584000696,4.962326248991303,0.5713555000038468,0.014964658863178831,6304.0,793,False,False,False,line_02_03;line_04_05;line_08_09;line_12_13;line_13_14;line_15_16;line_17_18
full_benders_completion_A10_B010_K07_top003_max300,10,10,7,264,34131.821788031375,9.550811917004467,3.335896958000376,0.6794786249956815,0.016504037255864648,3273.0,796,False,False,False,line_02_03;line_05_06;line_06_26;line_09_10;line_12_13;line_14_15;line_26_27
full_benders_completion_A10_B010_K07_top003_max300,10,10,7,265,26915.30479260313,17.731139040995913,6.576462208999146,0.5588547500010463,1.5684288888789958e-13,9734.0,799,True,False,False,line_08_09;line_12_13;line_17_18;line_20_21;line_24_25;line_28_29;line_29_30
full_benders_completion_A10_B010_K07_top003_max300,10,10,7,266,55682.93358606007,18.178051457995025,6.114798624999821,0.6791139160050079,2.1298495040162072e-13,6058.0,802,True,False,False,line_12_13;line_17_18;line_19_20;line_24_25;line_28_29;line_29_30;line_30_31
full_benders_completion_A10_B010_K07_top003_max300,10,10,7,267,31424.634516680497,18.95605012500164,19.04650845800643,0.5839628750036354,8.357561459896737e-14,22286.0,805,False,False,False,line_02_19;line_03_04;line_03_23;line_10_11;line_12_13;line_14_15;line_17_18
full_benders_completion_A10_B010_K07_top003_max300,10,10,7,268,36325.95694800862,8.520510707996436,5.617452542006504,0.6704614999980549,0.013696689837862333,5985.0,808,True,False,False,line_09_10;line_12_13;line_14_15;line_17_18;line_23_24;line_29_30;line_31_32
full_benders_completion_A10_B010_K07_top003_max300,10,10,7,269,43412.313755654264,30.17625499999849,2.885344084010285,0.5623732919993927,0.01595921396564508,2120.0,811,False,False,False,line_09_10;line_14_15;line_16_17;line_23_24;line_30_31;line_31_32;line_32_33
full_benders_completion_A10_B010_K07_top003_max300,10,10,7,270,36415.023763960344,39.61340475000179,3.7364530420018127,0.6834214160044212,0.005419293079105426,4417.0,814,True,False,False,line_02_19;line_10_11;line_15_16;line_17_18;line_23_24;line_30_31;line_31_32
full_benders_completion_A10_B010_K07_top003_max300,10,10,7,271,63882.58883392601,24.046651541997562,12.336887210003624,0.572157458998845,0.01174178419119372,13791.0,817,True,False,False,line_06_07;line_09_10;line_12_13;line_16_17;line_23_24;line_28_29;line_29_30
full_benders_completion_A10_B010_K07_top003_max300,10,10,7,272,45210.9053597427,23.74701933399774,5.089291374999448,0.6735182080010418,0.0021954457027254445,6213.0,820,True,False,False,line_09_10;line_11_12;line_12_13;line_15_16;line_16_17;line_19_20;line_30_31
full_benders_completion_A10_B010_K07_top003_max300,10,10,7,273,41764.56223587599,27.700531249996857,3.164385542011587,0.5634515000056126,0.0,3460.0,823,False,False,False,line_06_07;line_07_08;line_12_13;line_21_22;line_24_25;line_29_30;line_30_31
full_benders_completion_A10_B010_K07_top003_max300,10,10,7,274,33591.83181407553,7.249427875001857,3.7927936269989004,0.6924435840046499,0.010896596562319975,5941.0,826,False,False,False,line_02_03;line_03_04;line_06_26;line_07_08;line_10_11;line_12_13;line_19_20
full_benders_completion_A10_B010_K07_top003_max300,10,10,7,275,42824.678282838315,36.23085466700286,2.5871794580016285,0.5797674999994342,0.011896506982301994,1620.0,829,True,False,False,line_03_23;line_09_10;line_11_12;line_13_14;line_26_27;line_31_32;line_32_33
full_benders_completion_A10_B010_K07_top003_max300,10,10,7,276,51437.52660842892,31.29554750000534,6.869453333005367,0.7117935419955757,0.008374881496809887,7145.0,832,True,False,False,line_03_04;line_05_06;line_07_08;line_12_13;line_23_24;line_28_29;line_29_30
full_benders_completion_A10_B010_K07_top003_max300,10,10,7,277,44736.64891158347,11.298177249998844,14.192605917000037,0.578738042000623,7.060423930100684e-14,14235.0,835,True,False,False,line_03_23;line_12_13;line_15_16;line_16_17;line_17_18;line_28_29;line_29_30
full_benders_completion_A10_B010_K07_top003_max300,10,10,7,278,37929.56608070445,44.3921634579965,10.084620916000858,0.6798506250052014,0.01930648809978623,10427.0,838,False,False,False,line_06_07;line_10_11;line_11_12;line_17_18;line_20_21;line_26_27;line_31_32
full_benders_completion_A10_B010_K07_top003_max300,10,10,7,279,36108.265460809926,32.96147337500588,6.323342957999557,0.7147032499997295,0.019850545452288558,8135.0,841,False,False,False,line_03_23;line_04_05;line_11_12;line_16_17;line_21_22;line_24_25;line_26_27
full_benders_completion_A10_B010_K07_top003_max300,10,10,7,280,34993.57870035787,36.77655958299874,4.397880832999363,0.5822050839997246,0.015571786588276985,3855.0,844,True,False,False,line_03_04;line_12_13;line_17_18;line_21_22;line_23_24;line_26_27;line_28_29
full_benders_completion_A10_B010_K07_top003_max300,10,10,7,281,40699.77141423663,45.146515624997846,7.9597695829870645,0.6736801250008284,0.0,7867.0,847,True,False,False,line_06_07;line_08_09;line_09_10;line_12_13;line_23_24;line_28_29;line_29_30
full_benders_completion_A10_B010_K07_top003_max300,10,10,7,282,37197.82824538648,43.42137495800125,17.941363666999678,0.6788646249988233,7.010364131262862e-13,18729.0,850,True,False,False,line_06_07;line_09_10;line_14_15;line_24_25;line_28_29;line_29_30;line_30_31
full_benders_completion_A10_B010_K07_top003_max300,10,10,7,283,23580.802384510636,13.67079545899469,42.96529191699665,0.5747582499971031,0.01263126890452014,82912.0,853,False,False,False,line_04_05;line_10_11;line_12_13;line_15_16;line_17_18;line_20_21;line_24_25
full_benders_completion_A10_B010_K07_top003_max300,10,10,7,284,29349.796146213193,28.47447495799861,7.550034666994179,0.6712773749968619,0.0,7332.0,856,True,False,False,line_03_23;line_05_06;line_06_26;line_19_20;line_21_22;line_26_27;line_30_31
full_benders_completion_A10_B010_K07_top003_max300,10,10,7,285,22983.24852221881,31.060950957995374,11.148945332999574,0.7060772919940064,0.009108264099002696,15129.0,859,True,False,False,line_04_05;line_06_07;line_10_11;line_20_21;line_23_24;line_24_25;line_30_31
full_benders_completion_A10_B010_K07_top003_max300,10,10,7,286,40491.0795816381,39.96634408299724,27.826721874000214,0.5669225419987924,3.56799229709789e-13,31689.0,862,True,False,False,line_02_03;line_12_13;line_15_16;line_16_17;line_17_18;line_19_20;line_21_22
full_benders_completion_A10_B010_K07_top003_max300,10,10,7,287,40309.58902606019,44.49600979100069,4.985993041998881,0.6792459170028451,0.013795327936869337,5492.0,865,True,False,False,line_03_23;line_04_05;line_06_26;line_11_12;line_14_15;line_19_20;line_26_27
full_benders_completion_A10_B010_K07_top003_max300,10,10,7,288,49994.39683124842,12.373666375002358,14.523122415994294,0.5448959999994258,0.0,16994.0,868,True,False,False,line_10_11;line_11_12;line_12_13;line_16_17;line_24_25;line_28_29;line_31_32
full_benders_completion_A10_B010_K07_top003_max300,10,10,7,289,46843.594670998515,54.2137647089985,8.851743958992301,0.6788734169967938,0.01440174058092056,9941.0,871,True,False,False,line_02_19;line_10_11;line_12_13;line_17_18;line_23_24;line_27_28;line_31_32
full_benders_completion_A10_B010_K07_top003_max300,10,10,7,290,43476.0126721476,80.90871949999564,22.183333833003417,0.5832452089962317,0.012970888626909092,28181.0,874,False,False,False,line_02_19;line_03_04;line_03_23;line_08_09;line_11_12;line_12_13;line_16_17
full_benders_completion_A10_B010_K07_top003_max300,10,10,7,291,37098.85590878199,7.880821083002957,19.881980250007473,0.6700482919986825,0.007442997408585615,29670.0,877,False,False,False,line_08_09;line_11_12;line_12_13;line_16_17;line_24_25;line_26_27;line_29_30
full_benders_completion_A10_B010_K07_top003_max300,10,10,7,292,34958.950678385794,6.970709708002687,10.79771945799439,0.6766441670042695,0.003669885242565068,11832.0,880,False,False,False,line_02_03;line_03_04;line_12_13;line_15_16;line_21_22;line_30_31;line_31_32
full_benders_completion_A10_B010_K07_top003_max300,10,10,7,293,35957.41161940119,68.29484116700041,8.728350333993149,0.5633948339964263,0.005240200533055559,10975.0,883,True,False,False,line_05_06;line_09_10;line_11_12;line_13_14;line_15_16;line_19_20;line_24_25
full_benders_completion_A10_B010_K07_top003_max300,10,10,7,294,35542.07697175327,32.29521120899881,6.882354957990174,0.6710974169982364,0.007793035673717442,7845.0,886,False,False,False,line_06_26;line_10_11;line_12_13;line_13_14;line_16_17;line_23_24;line_29_30
full_benders_completion_A10_B010_K07_top003_max300,10,10,7,295,23779.13959528762,6.88504437499796,15.435139083994727,0.5806035409987089,2.925305977454473e-13,26205.0,889,False,False,False,line_03_04;line_03_23;line_10_11;line_12_13;line_13_14;line_16_17;line_21_22
full_benders_completion_A10_B010_K07_top003_max300,10,10,7,296,21149.265602801344,10.666799958999036,11.215574709000066,0.672164707997581,1.4545539958934941e-12,14394.0,892,False,False,False,line_02_19;line_05_06;line_13_14;line_16_17;line_19_20;line_20_21;line_24_25
full_benders_completion_A10_B010_K07_top003_max300,10,10,7,297,23971.362555023457,17.38840400000481,4.089942499987956,0.6842202920015552,0.01353731828362791,4412.0,895,False,False,False,line_02_03;line_06_26;line_07_08;line_14_15;line_19_20;line_20_21;line_26_27
full_benders_completion_A10_B010_K07_top003_max300,10,10,7,298,18881.065441458893,17.798927083000308,6.464963125006761,0.5845913329976611,0.005064009869604027,7517.0,898,False,False,False,line_02_19;line_03_04;line_05_06;line_11_12;line_12_13;line_14_15;line_23_24
full_benders_completion_A10_B010_K07_top003_max300,10,10,7,299,18833.512920595706,37.85417791600048,2.6483545410010265,0.0,0.0,4244.0,898,,False,False,line_02_03;line_09_10;line_10_11;line_12_13;line_17_18;line_19_20;line_30_31
