comparison_group,variant,run_id,case_name,parameter_regime,iteration_id,cut_id,source_outage_vector,source_outage_active_lines,repeated_outage_flag,cut_signature_hash,repeated_cut_signature_flag,old_master_violation_at_source,post_cut_objective_change,first_stage_plan_changed,alpha_lambda_only_change,gamma_z_nonzero_count,gamma_n_sl_nonzero_count,gamma_n_fa_nonzero_count,phi_nonzero_count,cut_added,cut_addition_status
integrated_paper_like_exact_i10_k2_a1b1,baseline,integrated_paper_like_exact_i10_k2_a1b1__baseline,integrated_paper_like_exact,paper_like_exact,0,generated_cut_001,"{""line_01_02"":0,""line_02_03"":0,""line_02_19"":0,""line_03_04"":0,""line_03_23"":1,""line_04_05"":0,""line_05_06"":0,""line_06_07"":1,""line_06_26"":0,""line_07_08"":0,""line_08_09"":0,""line_09_10"":0,""line_10_11"":0,""line_11_12"":0,""line_12_13"":0,""line_13_14"":0,""line_14_15"":0,""line_15_16"":0,""line_16_17"":0,""line_17_18"":0,""line_19_20"":0,""line_20_21"":0,""line_21_22"":0,""line_23_24"":0,""line_24_25"":0,""line_26_27"":0,""line_27_28"":0,""line_28_29"":0,""line_29_30"":0,""line_30_31"":0,""line_31_32"":0,""line_32_33"":0}","[""line_03_23"",""line_06_07""]",False,f080454ac6a433bf,False,16575.030000000144,271.7509497497231,True,False,0,15,15,2,True,added
integrated_paper_like_exact_i10_k2_a1b1,baseline,integrated_paper_like_exact_i10_k2_a1b1__baseline,integrated_paper_like_exact,paper_like_exact,1,generated_cut_002,"{""line_01_02"":0,""line_02_03"":0,""line_02_19"":0,""line_03_04"":0,""line_03_23"":0,""line_04_05"":0,""line_05_06"":0,""line_06_07"":1,""line_06_26"":0,""line_07_08"":0,""line_08_09"":0,""line_09_10"":0,""line_10_11"":0,""line_11_12"":0,""line_12_13"":0,""line_13_14"":0,""line_14_15"":0,""line_15_16"":0,""line_16_17"":0,""line_17_18"":0,""line_19_20"":0,""line_20_21"":0,""line_21_22"":0,""line_23_24"":1,""line_24_25"":0,""line_26_27"":0,""line_27_28"":0,""line_28_29"":0,""line_29_30"":0,""line_30_31"":0,""line_31_32"":0,""line_32_33"":0}","[""line_06_07"",""line_23_24""]",False,b97b5ccccfe77b00,False,13818.64000000013,51.8442450594157,True,False,0,14,14,2,True,added
integrated_paper_like_exact_i10_k2_a1b1,baseline,integrated_paper_like_exact_i10_k2_a1b1__baseline,integrated_paper_like_exact,paper_like_exact,2,generated_cut_003,"{""line_01_02"":0,""line_02_03"":0,""line_02_19"":0,""line_03_04"":0,""line_03_23"":1,""line_04_05"":0,""line_05_06"":0,""line_06_07"":0,""line_06_26"":0,""line_07_08"":0,""line_08_09"":0,""line_09_10"":0,""line_10_11"":0,""line_11_12"":0,""line_12_13"":0,""line_13_14"":0,""line_14_15"":0,""line_15_16"":0,""line_16_17"":0,""line_17_18"":0,""line_19_20"":0,""line_20_21"":0,""line_21_22"":0,""line_23_24"":1,""line_24_25"":0,""line_26_27"":0,""line_27_28"":0,""line_28_29"":0,""line_29_30"":0,""line_30_31"":0,""line_31_32"":0,""line_32_33"":0}","[""line_03_23"",""line_23_24""]",False,0bea39619e7c4853,False,15098.5,166.0360380988568,True,False,0,3,3,2,True,added
integrated_paper_like_exact_i10_k2_a1b1,baseline,integrated_paper_like_exact_i10_k2_a1b1__baseline,integrated_paper_like_exact,paper_like_exact,3,generated_cut_004,"{""line_01_02"":0,""line_02_03"":0,""line_02_19"":0,""line_03_04"":0,""line_03_23"":0,""line_04_05"":0,""line_05_06"":0,""line_06_07"":0,""line_06_26"":0,""line_07_08"":0,""line_08_09"":0,""line_09_10"":1,""line_10_11"":0,""line_11_12"":0,""line_12_13"":0,""line_13_14"":0,""line_14_15"":0,""line_15_16"":0,""line_16_17"":0,""line_17_18"":0,""line_19_20"":0,""line_20_21"":0,""line_21_22"":0,""line_23_24"":1,""line_24_25"":0,""line_26_27"":0,""line_27_28"":0,""line_28_29"":0,""line_29_30"":0,""line_30_31"":0,""line_31_32"":0,""line_32_33"":0}","[""line_09_10"",""line_23_24""]",False,50f6afb918dd09f0,False,19454.900000000023,178.09203523769975,True,False,0,11,11,2,True,added
integrated_paper_like_exact_i10_k2_a1b1,baseline,integrated_paper_like_exact_i10_k2_a1b1__baseline,integrated_paper_like_exact,paper_like_exact,4,generated_cut_005,"{""line_01_02"":0,""line_02_03"":0,""line_02_19"":0,""line_03_04"":0,""line_03_23"":0,""line_04_05"":0,""line_05_06"":0,""line_06_07"":0,""line_06_26"":0,""line_07_08"":0,""line_08_09"":0,""line_09_10"":0,""line_10_11"":1,""line_11_12"":0,""line_12_13"":0,""line_13_14"":0,""line_14_15"":0,""line_15_16"":0,""line_16_17"":0,""line_17_18"":0,""line_19_20"":0,""line_20_21"":1,""line_21_22"":0,""line_23_24"":0,""line_24_25"":0,""line_26_27"":0,""line_27_28"":0,""line_28_29"":0,""line_29_30"":0,""line_30_31"":0,""line_31_32"":0,""line_32_33"":0}","[""line_10_11"",""line_20_21""]",False,9b34830e34588959,False,6363.820000000065,194.28060147725046,True,False,0,10,10,2,True,added
integrated_paper_like_exact_i10_k2_a1b1,baseline,integrated_paper_like_exact_i10_k2_a1b1__baseline,integrated_paper_like_exact,paper_like_exact,5,generated_cut_006,"{""line_01_02"":0,""line_02_03"":0,""line_02_19"":0,""line_03_04"":0,""line_03_23"":0,""line_04_05"":0,""line_05_06"":0,""line_06_07"":0,""line_06_26"":0,""line_07_08"":0,""line_08_09"":0,""line_09_10"":0,""line_10_11"":0,""line_11_12"":0,""line_12_13"":0,""line_13_14"":0,""line_14_15"":0,""line_15_16"":0,""line_16_17"":0,""line_17_18"":0,""line_19_20"":0,""line_20_21"":1,""line_21_22"":0,""line_23_24"":0,""line_24_25"":0,""line_26_27"":0,""line_27_28"":0,""line_28_29"":0,""line_29_30"":1,""line_30_31"":0,""line_31_32"":0,""line_32_33"":0}","[""line_20_21"",""line_29_30""]",False,cf5e4b53c7b4c3f5,False,7545.65000000014,20.449003817513585,True,False,0,6,6,2,True,added
integrated_paper_like_exact_i10_k2_a1b1,baseline,integrated_paper_like_exact_i10_k2_a1b1__baseline,integrated_paper_like_exact,paper_like_exact,6,generated_cut_007,"{""line_01_02"":0,""line_02_03"":0,""line_02_19"":0,""line_03_04"":0,""line_03_23"":0,""line_04_05"":0,""line_05_06"":0,""line_06_07"":0,""line_06_26"":0,""line_07_08"":0,""line_08_09"":0,""line_09_10"":0,""line_10_11"":1,""line_11_12"":0,""line_12_13"":1,""line_13_14"":0,""line_14_15"":0,""line_15_16"":0,""line_16_17"":0,""line_17_18"":0,""line_19_20"":0,""line_20_21"":0,""line_21_22"":0,""line_23_24"":0,""line_24_25"":0,""line_26_27"":0,""line_27_28"":0,""line_28_29"":0,""line_29_30"":0,""line_30_31"":0,""line_31_32"":0,""line_32_33"":0}","[""line_10_11"",""line_12_13""]",False,a8342697d32afe67,False,6363.799999998882,13.964125517755747,True,False,0,8,8,2,True,added
integrated_paper_like_exact_i10_k2_a1b1,baseline,integrated_paper_like_exact_i10_k2_a1b1__baseline,integrated_paper_like_exact,paper_like_exact,7,generated_cut_008,"{""line_01_02"":0,""line_02_03"":0,""line_02_19"":0,""line_03_04"":0,""line_03_23"":0,""line_04_05"":0,""line_05_06"":0,""line_06_07"":0,""line_06_26"":0,""line_07_08"":0,""line_08_09"":0,""line_09_10"":0,""line_10_11"":0,""line_11_12"":0,""line_12_13"":0,""line_13_14"":0,""line_14_15"":0,""line_15_16"":0,""line_16_17"":0,""line_17_18"":0,""line_19_20"":0,""line_20_21"":1,""line_21_22"":0,""line_23_24"":1,""line_24_25"":0,""line_26_27"":0,""line_27_28"":0,""line_28_29"":0,""line_29_30"":0,""line_30_31"":0,""line_31_32"":0,""line_32_33"":0}","[""line_20_21"",""line_23_24""]",False,bd4de226f9f8ff4c,False,5810.820000000182,9.891990043222904,True,False,0,4,4,2,True,added
integrated_paper_like_exact_i10_k2_a1b1,baseline,integrated_paper_like_exact_i10_k2_a1b1__baseline,integrated_paper_like_exact,paper_like_exact,8,generated_cut_009,"{""line_01_02"":0,""line_02_03"":0,""line_02_19"":0,""line_03_04"":0,""line_03_23"":0,""line_04_05"":0,""line_05_06"":0,""line_06_07"":0,""line_06_26"":0,""line_07_08"":0,""line_08_09"":0,""line_09_10"":0,""line_10_11"":0,""line_11_12"":0,""line_12_13"":0,""line_13_14"":0,""line_14_15"":0,""line_15_16"":0,""line_16_17"":0,""line_17_18"":0,""line_19_20"":0,""line_20_21"":0,""line_21_22"":0,""line_23_24"":1,""line_24_25"":0,""line_26_27"":0,""line_27_28"":0,""line_28_29"":0,""line_29_30"":1,""line_30_31"":0,""line_31_32"":0,""line_32_33"":0}","[""line_23_24"",""line_29_30""]",False,de9d8cea78e076bc,False,5076.080000000191,96.76901062950492,True,False,0,6,6,2,True,added
integrated_paper_like_exact_i10_k2_a1b1,improved,integrated_paper_like_exact_i10_k2_a1b1__improved,integrated_paper_like_exact,paper_like_exact,0,generated_cut_001,"{""line_01_02"":0,""line_02_03"":0,""line_02_19"":0,""line_03_04"":0,""line_03_23"":1,""line_04_05"":0,""line_05_06"":0,""line_06_07"":1,""line_06_26"":0,""line_07_08"":0,""line_08_09"":0,""line_09_10"":0,""line_10_11"":0,""line_11_12"":0,""line_12_13"":0,""line_13_14"":0,""line_14_15"":0,""line_15_16"":0,""line_16_17"":0,""line_17_18"":0,""line_19_20"":0,""line_20_21"":0,""line_21_22"":0,""line_23_24"":0,""line_24_25"":0,""line_26_27"":0,""line_27_28"":0,""line_28_29"":0,""line_29_30"":0,""line_30_31"":0,""line_31_32"":0,""line_32_33"":0}","[""line_03_23"",""line_06_07""]",False,f080454ac6a433bf,False,16575.030000000144,271.7509497497231,True,False,0,15,15,2,True,added
integrated_paper_like_exact_i10_k2_a1b1,improved,integrated_paper_like_exact_i10_k2_a1b1__improved,integrated_paper_like_exact,paper_like_exact,1,generated_cut_002,"{""line_01_02"":0,""line_02_03"":0,""line_02_19"":0,""line_03_04"":0,""line_03_23"":0,""line_04_05"":0,""line_05_06"":0,""line_06_07"":1,""line_06_26"":0,""line_07_08"":0,""line_08_09"":0,""line_09_10"":0,""line_10_11"":0,""line_11_12"":0,""line_12_13"":0,""line_13_14"":0,""line_14_15"":0,""line_15_16"":0,""line_16_17"":0,""line_17_18"":0,""line_19_20"":0,""line_20_21"":0,""line_21_22"":0,""line_23_24"":1,""line_24_25"":0,""line_26_27"":0,""line_27_28"":0,""line_28_29"":0,""line_29_30"":0,""line_30_31"":0,""line_31_32"":0,""line_32_33"":0}","[""line_06_07"",""line_23_24""]",False,b97b5ccccfe77b00,False,13818.64000000013,51.8442450594157,True,False,0,14,14,2,True,added
integrated_paper_like_exact_i10_k2_a1b1,improved,integrated_paper_like_exact_i10_k2_a1b1__improved,integrated_paper_like_exact,paper_like_exact,2,generated_cut_003,"{""line_01_02"":0,""line_02_03"":0,""line_02_19"":0,""line_03_04"":0,""line_03_23"":1,""line_04_05"":0,""line_05_06"":0,""line_06_07"":0,""line_06_26"":0,""line_07_08"":0,""line_08_09"":0,""line_09_10"":0,""line_10_11"":0,""line_11_12"":0,""line_12_13"":0,""line_13_14"":0,""line_14_15"":0,""line_15_16"":0,""line_16_17"":0,""line_17_18"":0,""line_19_20"":0,""line_20_21"":0,""line_21_22"":0,""line_23_24"":1,""line_24_25"":0,""line_26_27"":0,""line_27_28"":0,""line_28_29"":0,""line_29_30"":0,""line_30_31"":0,""line_31_32"":0,""line_32_33"":0}","[""line_03_23"",""line_23_24""]",False,0bea39619e7c4853,False,15098.5,166.0360380988568,True,False,0,3,3,2,True,added
integrated_paper_like_exact_i10_k2_a1b1,improved,integrated_paper_like_exact_i10_k2_a1b1__improved,integrated_paper_like_exact,paper_like_exact,3,generated_cut_004,"{""line_01_02"":0,""line_02_03"":0,""line_02_19"":0,""line_03_04"":0,""line_03_23"":0,""line_04_05"":0,""line_05_06"":0,""line_06_07"":0,""line_06_26"":0,""line_07_08"":0,""line_08_09"":0,""line_09_10"":1,""line_10_11"":0,""line_11_12"":0,""line_12_13"":0,""line_13_14"":0,""line_14_15"":0,""line_15_16"":0,""line_16_17"":0,""line_17_18"":0,""line_19_20"":0,""line_20_21"":0,""line_21_22"":0,""line_23_24"":1,""line_24_25"":0,""line_26_27"":0,""line_27_28"":0,""line_28_29"":0,""line_29_30"":0,""line_30_31"":0,""line_31_32"":0,""line_32_33"":0}","[""line_09_10"",""line_23_24""]",False,50f6afb918dd09f0,False,19454.900000000023,178.09203523769975,True,False,0,11,11,2,True,added
integrated_paper_like_exact_i10_k2_a1b1,improved,integrated_paper_like_exact_i10_k2_a1b1__improved,integrated_paper_like_exact,paper_like_exact,4,generated_cut_005,"{""line_01_02"":0,""line_02_03"":0,""line_02_19"":0,""line_03_04"":0,""line_03_23"":0,""line_04_05"":0,""line_05_06"":0,""line_06_07"":0,""line_06_26"":0,""line_07_08"":0,""line_08_09"":0,""line_09_10"":0,""line_10_11"":1,""line_11_12"":0,""line_12_13"":0,""line_13_14"":0,""line_14_15"":0,""line_15_16"":0,""line_16_17"":0,""line_17_18"":0,""line_19_20"":0,""line_20_21"":1,""line_21_22"":0,""line_23_24"":0,""line_24_25"":0,""line_26_27"":0,""line_27_28"":0,""line_28_29"":0,""line_29_30"":0,""line_30_31"":0,""line_31_32"":0,""line_32_33"":0}","[""line_10_11"",""line_20_21""]",False,9b34830e34588959,False,6363.820000000065,194.28060147725046,True,False,0,10,10,2,True,added
integrated_paper_like_exact_i10_k2_a1b1,improved,integrated_paper_like_exact_i10_k2_a1b1__improved,integrated_paper_like_exact,paper_like_exact,5,generated_cut_006,"{""line_01_02"":0,""line_02_03"":0,""line_02_19"":0,""line_03_04"":0,""line_03_23"":0,""line_04_05"":0,""line_05_06"":0,""line_06_07"":0,""line_06_26"":0,""line_07_08"":0,""line_08_09"":0,""line_09_10"":0,""line_10_11"":0,""line_11_12"":0,""line_12_13"":0,""line_13_14"":0,""line_14_15"":0,""line_15_16"":0,""line_16_17"":0,""line_17_18"":0,""line_19_20"":0,""line_20_21"":1,""line_21_22"":0,""line_23_24"":0,""line_24_25"":0,""line_26_27"":0,""line_27_28"":0,""line_28_29"":0,""line_29_30"":1,""line_30_31"":0,""line_31_32"":0,""line_32_33"":0}","[""line_20_21"",""line_29_30""]",False,cf5e4b53c7b4c3f5,False,7545.65000000014,20.449003817513585,True,False,0,6,6,2,True,added
integrated_paper_like_exact_i10_k2_a1b1,improved,integrated_paper_like_exact_i10_k2_a1b1__improved,integrated_paper_like_exact,paper_like_exact,6,generated_cut_007,"{""line_01_02"":0,""line_02_03"":0,""line_02_19"":0,""line_03_04"":0,""line_03_23"":0,""line_04_05"":0,""line_05_06"":0,""line_06_07"":0,""line_06_26"":0,""line_07_08"":0,""line_08_09"":0,""line_09_10"":0,""line_10_11"":1,""line_11_12"":0,""line_12_13"":1,""line_13_14"":0,""line_14_15"":0,""line_15_16"":0,""line_16_17"":0,""line_17_18"":0,""line_19_20"":0,""line_20_21"":0,""line_21_22"":0,""line_23_24"":0,""line_24_25"":0,""line_26_27"":0,""line_27_28"":0,""line_28_29"":0,""line_29_30"":0,""line_30_31"":0,""line_31_32"":0,""line_32_33"":0}","[""line_10_11"",""line_12_13""]",False,a8342697d32afe67,False,6363.799999998882,13.964125517755747,True,False,0,8,8,2,True,added
integrated_paper_like_exact_i10_k2_a1b1,improved,integrated_paper_like_exact_i10_k2_a1b1__improved,integrated_paper_like_exact,paper_like_exact,7,generated_cut_008,"{""line_01_02"":0,""line_02_03"":0,""line_02_19"":0,""line_03_04"":0,""line_03_23"":0,""line_04_05"":0,""line_05_06"":0,""line_06_07"":0,""line_06_26"":0,""line_07_08"":0,""line_08_09"":0,""line_09_10"":0,""line_10_11"":0,""line_11_12"":0,""line_12_13"":0,""line_13_14"":0,""line_14_15"":0,""line_15_16"":0,""line_16_17"":0,""line_17_18"":0,""line_19_20"":0,""line_20_21"":1,""line_21_22"":0,""line_23_24"":1,""line_24_25"":0,""line_26_27"":0,""line_27_28"":0,""line_28_29"":0,""line_29_30"":0,""line_30_31"":0,""line_31_32"":0,""line_32_33"":0}","[""line_20_21"",""line_23_24""]",False,bd4de226f9f8ff4c,False,5810.820000000182,9.891990043222904,True,False,0,4,4,2,True,added
integrated_paper_like_exact_i10_k2_a1b1,improved,integrated_paper_like_exact_i10_k2_a1b1__improved,integrated_paper_like_exact,paper_like_exact,8,generated_cut_009,"{""line_01_02"":0,""line_02_03"":0,""line_02_19"":0,""line_03_04"":0,""line_03_23"":0,""line_04_05"":0,""line_05_06"":0,""line_06_07"":0,""line_06_26"":0,""line_07_08"":0,""line_08_09"":0,""line_09_10"":0,""line_10_11"":0,""line_11_12"":0,""line_12_13"":0,""line_13_14"":0,""line_14_15"":0,""line_15_16"":0,""line_16_17"":0,""line_17_18"":0,""line_19_20"":0,""line_20_21"":0,""line_21_22"":0,""line_23_24"":1,""line_24_25"":0,""line_26_27"":0,""line_27_28"":0,""line_28_29"":0,""line_29_30"":1,""line_30_31"":0,""line_31_32"":0,""line_32_33"":0}","[""line_23_24"",""line_29_30""]",False,de9d8cea78e076bc,False,5076.080000000191,96.76901062950492,True,False,0,6,6,2,True,added
integrated_paper_like_exact_i20_k2_a1b1,baseline,integrated_paper_like_exact_i20_k2_a1b1__baseline,integrated_paper_like_exact,paper_like_exact,0,generated_cut_001,"{""line_01_02"":0,""line_02_03"":0,""line_02_19"":0,""line_03_04"":0,""line_03_23"":1,""line_04_05"":0,""line_05_06"":0,""line_06_07"":1,""line_06_26"":0,""line_07_08"":0,""line_08_09"":0,""line_09_10"":0,""line_10_11"":0,""line_11_12"":0,""line_12_13"":0,""line_13_14"":0,""line_14_15"":0,""line_15_16"":0,""line_16_17"":0,""line_17_18"":0,""line_19_20"":0,""line_20_21"":0,""line_21_22"":0,""line_23_24"":0,""line_24_25"":0,""line_26_27"":0,""line_27_28"":0,""line_28_29"":0,""line_29_30"":0,""line_30_31"":0,""line_31_32"":0,""line_32_33"":0}","[""line_03_23"",""line_06_07""]",False,f080454ac6a433bf,False,16575.030000000144,271.7509497497231,True,False,0,15,15,2,True,added
integrated_paper_like_exact_i20_k2_a1b1,baseline,integrated_paper_like_exact_i20_k2_a1b1__baseline,integrated_paper_like_exact,paper_like_exact,1,generated_cut_002,"{""line_01_02"":0,""line_02_03"":0,""line_02_19"":0,""line_03_04"":0,""line_03_23"":0,""line_04_05"":0,""line_05_06"":0,""line_06_07"":1,""line_06_26"":0,""line_07_08"":0,""line_08_09"":0,""line_09_10"":0,""line_10_11"":0,""line_11_12"":0,""line_12_13"":0,""line_13_14"":0,""line_14_15"":0,""line_15_16"":0,""line_16_17"":0,""line_17_18"":0,""line_19_20"":0,""line_20_21"":0,""line_21_22"":0,""line_23_24"":1,""line_24_25"":0,""line_26_27"":0,""line_27_28"":0,""line_28_29"":0,""line_29_30"":0,""line_30_31"":0,""line_31_32"":0,""line_32_33"":0}","[""line_06_07"",""line_23_24""]",False,b97b5ccccfe77b00,False,13818.64000000013,51.8442450594157,True,False,0,14,14,2,True,added
integrated_paper_like_exact_i20_k2_a1b1,baseline,integrated_paper_like_exact_i20_k2_a1b1__baseline,integrated_paper_like_exact,paper_like_exact,2,generated_cut_003,"{""line_01_02"":0,""line_02_03"":0,""line_02_19"":0,""line_03_04"":0,""line_03_23"":1,""line_04_05"":0,""line_05_06"":0,""line_06_07"":0,""line_06_26"":0,""line_07_08"":0,""line_08_09"":0,""line_09_10"":0,""line_10_11"":0,""line_11_12"":0,""line_12_13"":0,""line_13_14"":0,""line_14_15"":0,""line_15_16"":0,""line_16_17"":0,""line_17_18"":0,""line_19_20"":0,""line_20_21"":0,""line_21_22"":0,""line_23_24"":1,""line_24_25"":0,""line_26_27"":0,""line_27_28"":0,""line_28_29"":0,""line_29_30"":0,""line_30_31"":0,""line_31_32"":0,""line_32_33"":0}","[""line_03_23"",""line_23_24""]",False,0bea39619e7c4853,False,15098.5,166.0360380988568,True,False,0,3,3,2,True,added
integrated_paper_like_exact_i20_k2_a1b1,baseline,integrated_paper_like_exact_i20_k2_a1b1__baseline,integrated_paper_like_exact,paper_like_exact,3,generated_cut_004,"{""line_01_02"":0,""line_02_03"":0,""line_02_19"":0,""line_03_04"":0,""line_03_23"":0,""line_04_05"":0,""line_05_06"":0,""line_06_07"":0,""line_06_26"":0,""line_07_08"":0,""line_08_09"":0,""line_09_10"":1,""line_10_11"":0,""line_11_12"":0,""line_12_13"":0,""line_13_14"":0,""line_14_15"":0,""line_15_16"":0,""line_16_17"":0,""line_17_18"":0,""line_19_20"":0,""line_20_21"":0,""line_21_22"":0,""line_23_24"":1,""line_24_25"":0,""line_26_27"":0,""line_27_28"":0,""line_28_29"":0,""line_29_30"":0,""line_30_31"":0,""line_31_32"":0,""line_32_33"":0}","[""line_09_10"",""line_23_24""]",False,50f6afb918dd09f0,False,19454.900000000023,178.09203523769975,True,False,0,11,11,2,True,added
integrated_paper_like_exact_i20_k2_a1b1,baseline,integrated_paper_like_exact_i20_k2_a1b1__baseline,integrated_paper_like_exact,paper_like_exact,4,generated_cut_005,"{""line_01_02"":0,""line_02_03"":0,""line_02_19"":0,""line_03_04"":0,""line_03_23"":0,""line_04_05"":0,""line_05_06"":0,""line_06_07"":0,""line_06_26"":0,""line_07_08"":0,""line_08_09"":0,""line_09_10"":0,""line_10_11"":1,""line_11_12"":0,""line_12_13"":0,""line_13_14"":0,""line_14_15"":0,""line_15_16"":0,""line_16_17"":0,""line_17_18"":0,""line_19_20"":0,""line_20_21"":1,""line_21_22"":0,""line_23_24"":0,""line_24_25"":0,""line_26_27"":0,""line_27_28"":0,""line_28_29"":0,""line_29_30"":0,""line_30_31"":0,""line_31_32"":0,""line_32_33"":0}","[""line_10_11"",""line_20_21""]",False,9b34830e34588959,False,6363.820000000065,194.28060147725046,True,False,0,10,10,2,True,added
integrated_paper_like_exact_i20_k2_a1b1,baseline,integrated_paper_like_exact_i20_k2_a1b1__baseline,integrated_paper_like_exact,paper_like_exact,5,generated_cut_006,"{""line_01_02"":0,""line_02_03"":0,""line_02_19"":0,""line_03_04"":0,""line_03_23"":0,""line_04_05"":0,""line_05_06"":0,""line_06_07"":0,""line_06_26"":0,""line_07_08"":0,""line_08_09"":0,""line_09_10"":0,""line_10_11"":0,""line_11_12"":0,""line_12_13"":0,""line_13_14"":0,""line_14_15"":0,""line_15_16"":0,""line_16_17"":0,""line_17_18"":0,""line_19_20"":0,""line_20_21"":1,""line_21_22"":0,""line_23_24"":0,""line_24_25"":0,""line_26_27"":0,""line_27_28"":0,""line_28_29"":0,""line_29_30"":1,""line_30_31"":0,""line_31_32"":0,""line_32_33"":0}","[""line_20_21"",""line_29_30""]",False,cf5e4b53c7b4c3f5,False,7545.65000000014,20.449003817513585,True,False,0,6,6,2,True,added
integrated_paper_like_exact_i20_k2_a1b1,baseline,integrated_paper_like_exact_i20_k2_a1b1__baseline,integrated_paper_like_exact,paper_like_exact,6,generated_cut_007,"{""line_01_02"":0,""line_02_03"":0,""line_02_19"":0,""line_03_04"":0,""line_03_23"":0,""line_04_05"":0,""line_05_06"":0,""line_06_07"":0,""line_06_26"":0,""line_07_08"":0,""line_08_09"":0,""line_09_10"":0,""line_10_11"":1,""line_11_12"":0,""line_12_13"":1,""line_13_14"":0,""line_14_15"":0,""line_15_16"":0,""line_16_17"":0,""line_17_18"":0,""line_19_20"":0,""line_20_21"":0,""line_21_22"":0,""line_23_24"":0,""line_24_25"":0,""line_26_27"":0,""line_27_28"":0,""line_28_29"":0,""line_29_30"":0,""line_30_31"":0,""line_31_32"":0,""line_32_33"":0}","[""line_10_11"",""line_12_13""]",False,a8342697d32afe67,False,6363.799999998882,13.964125517755747,True,False,0,8,8,2,True,added
integrated_paper_like_exact_i20_k2_a1b1,baseline,integrated_paper_like_exact_i20_k2_a1b1__baseline,integrated_paper_like_exact,paper_like_exact,7,generated_cut_008,"{""line_01_02"":0,""line_02_03"":0,""line_02_19"":0,""line_03_04"":0,""line_03_23"":0,""line_04_05"":0,""line_05_06"":0,""line_06_07"":0,""line_06_26"":0,""line_07_08"":0,""line_08_09"":0,""line_09_10"":0,""line_10_11"":0,""line_11_12"":0,""line_12_13"":0,""line_13_14"":0,""line_14_15"":0,""line_15_16"":0,""line_16_17"":0,""line_17_18"":0,""line_19_20"":0,""line_20_21"":1,""line_21_22"":0,""line_23_24"":1,""line_24_25"":0,""line_26_27"":0,""line_27_28"":0,""line_28_29"":0,""line_29_30"":0,""line_30_31"":0,""line_31_32"":0,""line_32_33"":0}","[""line_20_21"",""line_23_24""]",False,bd4de226f9f8ff4c,False,5810.820000000182,9.891990043222904,True,False,0,4,4,2,True,added
integrated_paper_like_exact_i20_k2_a1b1,baseline,integrated_paper_like_exact_i20_k2_a1b1__baseline,integrated_paper_like_exact,paper_like_exact,8,generated_cut_009,"{""line_01_02"":0,""line_02_03"":0,""line_02_19"":0,""line_03_04"":0,""line_03_23"":0,""line_04_05"":0,""line_05_06"":0,""line_06_07"":0,""line_06_26"":0,""line_07_08"":0,""line_08_09"":0,""line_09_10"":0,""line_10_11"":0,""line_11_12"":0,""line_12_13"":0,""line_13_14"":0,""line_14_15"":0,""line_15_16"":0,""line_16_17"":0,""line_17_18"":0,""line_19_20"":0,""line_20_21"":0,""line_21_22"":0,""line_23_24"":1,""line_24_25"":0,""line_26_27"":0,""line_27_28"":0,""line_28_29"":0,""line_29_30"":1,""line_30_31"":0,""line_31_32"":0,""line_32_33"":0}","[""line_23_24"",""line_29_30""]",False,de9d8cea78e076bc,False,5076.080000000191,96.76901062950492,True,False,0,6,6,2,True,added
integrated_paper_like_exact_i20_k2_a1b1,baseline,integrated_paper_like_exact_i20_k2_a1b1__baseline,integrated_paper_like_exact,paper_like_exact,9,generated_cut_010,"{""line_01_02"":0,""line_02_03"":0,""line_02_19"":0,""line_03_04"":0,""line_03_23"":1,""line_04_05"":0,""line_05_06"":0,""line_06_07"":0,""line_06_26"":0,""line_07_08"":0,""line_08_09"":0,""line_09_10"":0,""line_10_11"":0,""line_11_12"":0,""line_12_13"":0,""line_13_14"":0,""line_14_15"":0,""line_15_16"":0,""line_16_17"":0,""line_17_18"":0,""line_19_20"":0,""line_20_21"":0,""line_21_22"":1,""line_23_24"":0,""line_24_25"":0,""line_26_27"":0,""line_27_28"":0,""line_28_29"":0,""line_29_30"":0,""line_30_31"":0,""line_31_32"":0,""line_32_33"":0}","[""line_03_23"",""line_21_22""]",False,b5dfe75161c0d4b0,False,2818.30999999959,11.224372847005725,True,False,0,4,4,2,True,added
integrated_paper_like_exact_i20_k2_a1b1,baseline,integrated_paper_like_exact_i20_k2_a1b1__baseline,integrated_paper_like_exact,paper_like_exact,10,generated_cut_011,"{""line_01_02"":0,""line_02_03"":0,""line_02_19"":0,""line_03_04"":0,""line_03_23"":0,""line_04_05"":0,""line_05_06"":0,""line_06_07"":0,""line_06_26"":0,""line_07_08"":0,""line_08_09"":0,""line_09_10"":0,""line_10_11"":0,""line_11_12"":0,""line_12_13"":0,""line_13_14"":0,""line_14_15"":0,""line_15_16"":0,""line_16_17"":0,""line_17_18"":0,""line_19_20"":0,""line_20_21"":0,""line_21_22"":1,""line_23_24"":0,""line_24_25"":0,""line_26_27"":0,""line_27_28"":0,""line_28_29"":0,""line_29_30"":0,""line_30_31"":0,""line_31_32"":0,""line_32_33"":1}","[""line_21_22"",""line_32_33""]",False,ca53602bdb6ddc04,False,2727.310000000056,19.839645827189088,True,False,0,2,2,2,True,added
integrated_paper_like_exact_i20_k2_a1b1,baseline,integrated_paper_like_exact_i20_k2_a1b1__baseline,integrated_paper_like_exact,paper_like_exact,11,generated_cut_012,"{""line_01_02"":0,""line_02_03"":0,""line_02_19"":0,""line_03_04"":0,""line_03_23"":0,""line_04_05"":0,""line_05_06"":0,""line_06_07"":1,""line_06_26"":0,""line_07_08"":0,""line_08_09"":0,""line_09_10"":0,""line_10_11"":0,""line_11_12"":0,""line_12_13"":0,""line_13_14"":0,""line_14_15"":0,""line_15_16"":0,""line_16_17"":0,""line_17_18"":0,""line_19_20"":0,""line_20_21"":1,""line_21_22"":0,""line_23_24"":0,""line_24_25"":0,""line_26_27"":0,""line_27_28"":0,""line_28_29"":0,""line_29_30"":0,""line_30_31"":0,""line_31_32"":0,""line_32_33"":0}","[""line_06_07"",""line_20_21""]",False,0ffb497d18c7a3bb,False,4363.919999999693,-14.50713830254972,True,False,0,14,14,2,True,added
integrated_paper_like_exact_i20_k2_a1b1,baseline,integrated_paper_like_exact_i20_k2_a1b1__baseline,integrated_paper_like_exact,paper_like_exact,12,generated_cut_013,"{""line_01_02"":0,""line_02_03"":0,""line_02_19"":0,""line_03_04"":0,""line_03_23"":1,""line_04_05"":0,""line_05_06"":0,""line_06_07"":0,""line_06_26"":0,""line_07_08"":0,""line_08_09"":0,""line_09_10"":0,""line_10_11"":0,""line_11_12"":0,""line_12_13"":0,""line_13_14"":0,""line_14_15"":0,""line_15_16"":0,""line_16_17"":0,""line_17_18"":0,""line_19_20"":0,""line_20_21"":0,""line_21_22"":0,""line_23_24"":0,""line_24_25"":0,""line_26_27"":0,""line_27_28"":0,""line_28_29"":0,""line_29_30"":0,""line_30_31"":0,""line_31_32"":0,""line_32_33"":1}","[""line_03_23"",""line_32_33""]",False,c7eec453b3f6f3e9,False,2181.840000000084,79.97448941506445,True,False,0,4,4,2,True,added
integrated_paper_like_exact_i20_k2_a1b1,baseline,integrated_paper_like_exact_i20_k2_a1b1__baseline,integrated_paper_like_exact,paper_like_exact,13,generated_cut_014,"{""line_01_02"":0,""line_02_03"":0,""line_02_19"":0,""line_03_04"":0,""line_03_23"":0,""line_04_05"":0,""line_05_06"":0,""line_06_07"":1,""line_06_26"":0,""line_07_08"":0,""line_08_09"":0,""line_09_10"":0,""line_10_11"":0,""line_11_12"":0,""line_12_13"":0,""line_13_14"":0,""line_14_15"":0,""line_15_16"":0,""line_16_17"":0,""line_17_18"":0,""line_19_20"":0,""line_20_21"":0,""line_21_22"":0,""line_23_24"":0,""line_24_25"":0,""line_26_27"":0,""line_27_28"":0,""line_28_29"":0,""line_29_30"":0,""line_30_31"":1,""line_31_32"":0,""line_32_33"":0}","[""line_06_07"",""line_30_31""]",False,ee073e18eaabbda3,False,1218.9199999998673,-22.212158732116222,True,False,0,15,15,2,True,added
integrated_paper_like_exact_i20_k2_a1b1,baseline,integrated_paper_like_exact_i20_k2_a1b1__baseline,integrated_paper_like_exact,paper_like_exact,14,generated_cut_015,"{""line_01_02"":0,""line_02_03"":0,""line_02_19"":0,""line_03_04"":0,""line_03_23"":0,""line_04_05"":0,""line_05_06"":0,""line_06_07"":0,""line_06_26"":0,""line_07_08"":0,""line_08_09"":0,""line_09_10"":1,""line_10_11"":0,""line_11_12"":0,""line_12_13"":1,""line_13_14"":0,""line_14_15"":0,""line_15_16"":0,""line_16_17"":0,""line_17_18"":0,""line_19_20"":0,""line_20_21"":0,""line_21_22"":0,""line_23_24"":0,""line_24_25"":0,""line_26_27"":0,""line_27_28"":0,""line_28_29"":0,""line_29_30"":0,""line_30_31"":0,""line_31_32"":0,""line_32_33"":0}","[""line_09_10"",""line_12_13""]",False,16d636eb63220abb,False,6352.5099999983795,5.766454614698887,True,False,0,9,9,2,True,added
integrated_paper_like_exact_i20_k2_a1b1,baseline,integrated_paper_like_exact_i20_k2_a1b1__baseline,integrated_paper_like_exact,paper_like_exact,15,generated_cut_016,"{""line_01_02"":0,""line_02_03"":0,""line_02_19"":0,""line_03_04"":0,""line_03_23"":0,""line_04_05"":0,""line_05_06"":0,""line_06_07"":0,""line_06_26"":0,""line_07_08"":0,""line_08_09"":0,""line_09_10"":0,""line_10_11"":0,""line_11_12"":0,""line_12_13"":0,""line_13_14"":0,""line_14_15"":0,""line_15_16"":0,""line_16_17"":0,""line_17_18"":0,""line_19_20"":0,""line_20_21"":0,""line_21_22"":0,""line_23_24"":0,""line_24_25"":0,""line_26_27"":0,""line_27_28"":0,""line_28_29"":0,""line_29_30"":0,""line_30_31"":1,""line_31_32"":0,""line_32_33"":0}","[""line_30_31""]",False,1495a610d276c625,False,709.9000000000233,9.813991539180279,True,False,0,3,3,1,True,added
integrated_paper_like_exact_i20_k2_a1b1,baseline,integrated_paper_like_exact_i20_k2_a1b1__baseline,integrated_paper_like_exact,paper_like_exact,16,generated_cut_017,"{""line_01_02"":0,""line_02_03"":0,""line_02_19"":0,""line_03_04"":0,""line_03_23"":0,""line_04_05"":0,""line_05_06"":0,""line_06_07"":0,""line_06_26"":0,""line_07_08"":1,""line_08_09"":0,""line_09_10"":0,""line_10_11"":0,""line_11_12"":0,""line_12_13"":0,""line_13_14"":0,""line_14_15"":0,""line_15_16"":0,""line_16_17"":0,""line_17_18"":0,""line_19_20"":0,""line_20_21"":0,""line_21_22"":1,""line_23_24"":0,""line_24_25"":0,""line_26_27"":0,""line_27_28"":0,""line_28_29"":0,""line_29_30"":0,""line_30_31"":0,""line_31_32"":0,""line_32_33"":0}","[""line_07_08"",""line_21_22""]",False,1923260aa9f2b0d4,False,2255.3499999998603,36.60906992666423,True,False,0,12,12,2,True,added
integrated_paper_like_exact_i20_k2_a1b1,baseline,integrated_paper_like_exact_i20_k2_a1b1__baseline,integrated_paper_like_exact,paper_like_exact,17,generated_cut_018,"{""line_01_02"":0,""line_02_03"":0,""line_02_19"":0,""line_03_04"":0,""line_03_23"":0,""line_04_05"":0,""line_05_06"":0,""line_06_07"":1,""line_06_26"":0,""line_07_08"":0,""line_08_09"":0,""line_09_10"":0,""line_10_11"":0,""line_11_12"":0,""line_12_13"":0,""line_13_14"":0,""line_14_15"":0,""line_15_16"":0,""line_16_17"":0,""line_17_18"":0,""line_19_20"":0,""line_20_21"":0,""line_21_22"":0,""line_23_24"":0,""line_24_25"":0,""line_26_27"":0,""line_27_28"":0,""line_28_29"":1,""line_29_30"":0,""line_30_31"":0,""line_31_32"":0,""line_32_33"":0}","[""line_06_07"",""line_28_29""]",False,5ce5d1ebbccacb69,False,466.26000000015483,10.019624873995781,True,False,0,17,17,2,True,added
integrated_paper_like_exact_i20_k2_a1b1,baseline,integrated_paper_like_exact_i20_k2_a1b1__baseline,integrated_paper_like_exact,paper_like_exact,18,generated_cut_019,"{""line_01_02"":0,""line_02_03"":0,""line_02_19"":0,""line_03_04"":0,""line_03_23"":1,""line_04_05"":0,""line_05_06"":0,""line_06_07"":0,""line_06_26"":0,""line_07_08"":0,""line_08_09"":0,""line_09_10"":0,""line_10_11"":0,""line_11_12"":0,""line_12_13"":0,""line_13_14"":0,""line_14_15"":0,""line_15_16"":0,""line_16_17"":0,""line_17_18"":0,""line_19_20"":0,""line_20_21"":0,""line_21_22"":1,""line_23_24"":0,""line_24_25"":0,""line_26_27"":0,""line_27_28"":0,""line_28_29"":0,""line_29_30"":0,""line_30_31"":0,""line_31_32"":0,""line_32_33"":0}","[""line_03_23"",""line_21_22""]",True,a04be5b9ba7d3930,False,571.0499999999884,33.97634559497237,True,False,0,4,4,2,True,added
integrated_paper_like_exact_i20_k2_a1b1,improved,integrated_paper_like_exact_i20_k2_a1b1__improved,integrated_paper_like_exact,paper_like_exact,0,generated_cut_001,"{""line_01_02"":0,""line_02_03"":0,""line_02_19"":0,""line_03_04"":0,""line_03_23"":1,""line_04_05"":0,""line_05_06"":0,""line_06_07"":1,""line_06_26"":0,""line_07_08"":0,""line_08_09"":0,""line_09_10"":0,""line_10_11"":0,""line_11_12"":0,""line_12_13"":0,""line_13_14"":0,""line_14_15"":0,""line_15_16"":0,""line_16_17"":0,""line_17_18"":0,""line_19_20"":0,""line_20_21"":0,""line_21_22"":0,""line_23_24"":0,""line_24_25"":0,""line_26_27"":0,""line_27_28"":0,""line_28_29"":0,""line_29_30"":0,""line_30_31"":0,""line_31_32"":0,""line_32_33"":0}","[""line_03_23"",""line_06_07""]",False,f080454ac6a433bf,False,16575.030000000144,271.7509497497231,True,False,0,15,15,2,True,added
integrated_paper_like_exact_i20_k2_a1b1,improved,integrated_paper_like_exact_i20_k2_a1b1__improved,integrated_paper_like_exact,paper_like_exact,1,generated_cut_002,"{""line_01_02"":0,""line_02_03"":0,""line_02_19"":0,""line_03_04"":0,""line_03_23"":0,""line_04_05"":0,""line_05_06"":0,""line_06_07"":1,""line_06_26"":0,""line_07_08"":0,""line_08_09"":0,""line_09_10"":0,""line_10_11"":0,""line_11_12"":0,""line_12_13"":0,""line_13_14"":0,""line_14_15"":0,""line_15_16"":0,""line_16_17"":0,""line_17_18"":0,""line_19_20"":0,""line_20_21"":0,""line_21_22"":0,""line_23_24"":1,""line_24_25"":0,""line_26_27"":0,""line_27_28"":0,""line_28_29"":0,""line_29_30"":0,""line_30_31"":0,""line_31_32"":0,""line_32_33"":0}","[""line_06_07"",""line_23_24""]",False,b97b5ccccfe77b00,False,13818.64000000013,51.8442450594157,True,False,0,14,14,2,True,added
integrated_paper_like_exact_i20_k2_a1b1,improved,integrated_paper_like_exact_i20_k2_a1b1__improved,integrated_paper_like_exact,paper_like_exact,2,generated_cut_003,"{""line_01_02"":0,""line_02_03"":0,""line_02_19"":0,""line_03_04"":0,""line_03_23"":1,""line_04_05"":0,""line_05_06"":0,""line_06_07"":0,""line_06_26"":0,""line_07_08"":0,""line_08_09"":0,""line_09_10"":0,""line_10_11"":0,""line_11_12"":0,""line_12_13"":0,""line_13_14"":0,""line_14_15"":0,""line_15_16"":0,""line_16_17"":0,""line_17_18"":0,""line_19_20"":0,""line_20_21"":0,""line_21_22"":0,""line_23_24"":1,""line_24_25"":0,""line_26_27"":0,""line_27_28"":0,""line_28_29"":0,""line_29_30"":0,""line_30_31"":0,""line_31_32"":0,""line_32_33"":0}","[""line_03_23"",""line_23_24""]",False,0bea39619e7c4853,False,15098.5,166.0360380988568,True,False,0,3,3,2,True,added
integrated_paper_like_exact_i20_k2_a1b1,improved,integrated_paper_like_exact_i20_k2_a1b1__improved,integrated_paper_like_exact,paper_like_exact,3,generated_cut_004,"{""line_01_02"":0,""line_02_03"":0,""line_02_19"":0,""line_03_04"":0,""line_03_23"":0,""line_04_05"":0,""line_05_06"":0,""line_06_07"":0,""line_06_26"":0,""line_07_08"":0,""line_08_09"":0,""line_09_10"":1,""line_10_11"":0,""line_11_12"":0,""line_12_13"":0,""line_13_14"":0,""line_14_15"":0,""line_15_16"":0,""line_16_17"":0,""line_17_18"":0,""line_19_20"":0,""line_20_21"":0,""line_21_22"":0,""line_23_24"":1,""line_24_25"":0,""line_26_27"":0,""line_27_28"":0,""line_28_29"":0,""line_29_30"":0,""line_30_31"":0,""line_31_32"":0,""line_32_33"":0}","[""line_09_10"",""line_23_24""]",False,50f6afb918dd09f0,False,19454.900000000023,178.09203523769975,True,False,0,11,11,2,True,added
integrated_paper_like_exact_i20_k2_a1b1,improved,integrated_paper_like_exact_i20_k2_a1b1__improved,integrated_paper_like_exact,paper_like_exact,4,generated_cut_005,"{""line_01_02"":0,""line_02_03"":0,""line_02_19"":0,""line_03_04"":0,""line_03_23"":0,""line_04_05"":0,""line_05_06"":0,""line_06_07"":0,""line_06_26"":0,""line_07_08"":0,""line_08_09"":0,""line_09_10"":0,""line_10_11"":1,""line_11_12"":0,""line_12_13"":0,""line_13_14"":0,""line_14_15"":0,""line_15_16"":0,""line_16_17"":0,""line_17_18"":0,""line_19_20"":0,""line_20_21"":1,""line_21_22"":0,""line_23_24"":0,""line_24_25"":0,""line_26_27"":0,""line_27_28"":0,""line_28_29"":0,""line_29_30"":0,""line_30_31"":0,""line_31_32"":0,""line_32_33"":0}","[""line_10_11"",""line_20_21""]",False,9b34830e34588959,False,6363.820000000065,194.28060147725046,True,False,0,10,10,2,True,added
integrated_paper_like_exact_i20_k2_a1b1,improved,integrated_paper_like_exact_i20_k2_a1b1__improved,integrated_paper_like_exact,paper_like_exact,5,generated_cut_006,"{""line_01_02"":0,""line_02_03"":0,""line_02_19"":0,""line_03_04"":0,""line_03_23"":0,""line_04_05"":0,""line_05_06"":0,""line_06_07"":0,""line_06_26"":0,""line_07_08"":0,""line_08_09"":0,""line_09_10"":0,""line_10_11"":0,""line_11_12"":0,""line_12_13"":0,""line_13_14"":0,""line_14_15"":0,""line_15_16"":0,""line_16_17"":0,""line_17_18"":0,""line_19_20"":0,""line_20_21"":1,""line_21_22"":0,""line_23_24"":0,""line_24_25"":0,""line_26_27"":0,""line_27_28"":0,""line_28_29"":0,""line_29_30"":1,""line_30_31"":0,""line_31_32"":0,""line_32_33"":0}","[""line_20_21"",""line_29_30""]",False,cf5e4b53c7b4c3f5,False,7545.65000000014,20.449003817513585,True,False,0,6,6,2,True,added
integrated_paper_like_exact_i20_k2_a1b1,improved,integrated_paper_like_exact_i20_k2_a1b1__improved,integrated_paper_like_exact,paper_like_exact,6,generated_cut_007,"{""line_01_02"":0,""line_02_03"":0,""line_02_19"":0,""line_03_04"":0,""line_03_23"":0,""line_04_05"":0,""line_05_06"":0,""line_06_07"":0,""line_06_26"":0,""line_07_08"":0,""line_08_09"":0,""line_09_10"":0,""line_10_11"":1,""line_11_12"":0,""line_12_13"":1,""line_13_14"":0,""line_14_15"":0,""line_15_16"":0,""line_16_17"":0,""line_17_18"":0,""line_19_20"":0,""line_20_21"":0,""line_21_22"":0,""line_23_24"":0,""line_24_25"":0,""line_26_27"":0,""line_27_28"":0,""line_28_29"":0,""line_29_30"":0,""line_30_31"":0,""line_31_32"":0,""line_32_33"":0}","[""line_10_11"",""line_12_13""]",False,a8342697d32afe67,False,6363.799999998882,13.964125517755747,True,False,0,8,8,2,True,added
integrated_paper_like_exact_i20_k2_a1b1,improved,integrated_paper_like_exact_i20_k2_a1b1__improved,integrated_paper_like_exact,paper_like_exact,7,generated_cut_008,"{""line_01_02"":0,""line_02_03"":0,""line_02_19"":0,""line_03_04"":0,""line_03_23"":0,""line_04_05"":0,""line_05_06"":0,""line_06_07"":0,""line_06_26"":0,""line_07_08"":0,""line_08_09"":0,""line_09_10"":0,""line_10_11"":0,""line_11_12"":0,""line_12_13"":0,""line_13_14"":0,""line_14_15"":0,""line_15_16"":0,""line_16_17"":0,""line_17_18"":0,""line_19_20"":0,""line_20_21"":1,""line_21_22"":0,""line_23_24"":1,""line_24_25"":0,""line_26_27"":0,""line_27_28"":0,""line_28_29"":0,""line_29_30"":0,""line_30_31"":0,""line_31_32"":0,""line_32_33"":0}","[""line_20_21"",""line_23_24""]",False,bd4de226f9f8ff4c,False,5810.820000000182,9.891990043222904,True,False,0,4,4,2,True,added
integrated_paper_like_exact_i20_k2_a1b1,improved,integrated_paper_like_exact_i20_k2_a1b1__improved,integrated_paper_like_exact,paper_like_exact,8,generated_cut_009,"{""line_01_02"":0,""line_02_03"":0,""line_02_19"":0,""line_03_04"":0,""line_03_23"":0,""line_04_05"":0,""line_05_06"":0,""line_06_07"":0,""line_06_26"":0,""line_07_08"":0,""line_08_09"":0,""line_09_10"":0,""line_10_11"":0,""line_11_12"":0,""line_12_13"":0,""line_13_14"":0,""line_14_15"":0,""line_15_16"":0,""line_16_17"":0,""line_17_18"":0,""line_19_20"":0,""line_20_21"":0,""line_21_22"":0,""line_23_24"":1,""line_24_25"":0,""line_26_27"":0,""line_27_28"":0,""line_28_29"":0,""line_29_30"":1,""line_30_31"":0,""line_31_32"":0,""line_32_33"":0}","[""line_23_24"",""line_29_30""]",False,de9d8cea78e076bc,False,5076.080000000191,96.76901062950492,True,False,0,6,6,2,True,added
integrated_paper_like_exact_i20_k2_a1b1,improved,integrated_paper_like_exact_i20_k2_a1b1__improved,integrated_paper_like_exact,paper_like_exact,9,generated_cut_010,"{""line_01_02"":0,""line_02_03"":0,""line_02_19"":0,""line_03_04"":0,""line_03_23"":1,""line_04_05"":0,""line_05_06"":0,""line_06_07"":0,""line_06_26"":0,""line_07_08"":0,""line_08_09"":0,""line_09_10"":0,""line_10_11"":0,""line_11_12"":0,""line_12_13"":0,""line_13_14"":0,""line_14_15"":0,""line_15_16"":0,""line_16_17"":0,""line_17_18"":0,""line_19_20"":0,""line_20_21"":0,""line_21_22"":1,""line_23_24"":0,""line_24_25"":0,""line_26_27"":0,""line_27_28"":0,""line_28_29"":0,""line_29_30"":0,""line_30_31"":0,""line_31_32"":0,""line_32_33"":0}","[""line_03_23"",""line_21_22""]",False,b5dfe75161c0d4b0,False,2818.30999999959,11.224372847005725,True,False,0,4,4,2,True,added
integrated_paper_like_exact_i20_k2_a1b1,improved,integrated_paper_like_exact_i20_k2_a1b1__improved,integrated_paper_like_exact,paper_like_exact,10,generated_cut_011,"{""line_01_02"":0,""line_02_03"":0,""line_02_19"":0,""line_03_04"":0,""line_03_23"":0,""line_04_05"":0,""line_05_06"":0,""line_06_07"":0,""line_06_26"":0,""line_07_08"":0,""line_08_09"":0,""line_09_10"":0,""line_10_11"":0,""line_11_12"":0,""line_12_13"":0,""line_13_14"":0,""line_14_15"":0,""line_15_16"":0,""line_16_17"":0,""line_17_18"":0,""line_19_20"":0,""line_20_21"":0,""line_21_22"":1,""line_23_24"":0,""line_24_25"":0,""line_26_27"":0,""line_27_28"":0,""line_28_29"":0,""line_29_30"":0,""line_30_31"":0,""line_31_32"":0,""line_32_33"":1}","[""line_21_22"",""line_32_33""]",False,ca53602bdb6ddc04,False,2727.310000000056,19.839645827189088,True,False,0,2,2,2,True,added
integrated_paper_like_exact_i20_k2_a1b1,improved,integrated_paper_like_exact_i20_k2_a1b1__improved,integrated_paper_like_exact,paper_like_exact,11,generated_cut_012,"{""line_01_02"":0,""line_02_03"":0,""line_02_19"":0,""line_03_04"":0,""line_03_23"":0,""line_04_05"":0,""line_05_06"":0,""line_06_07"":1,""line_06_26"":0,""line_07_08"":0,""line_08_09"":0,""line_09_10"":0,""line_10_11"":0,""line_11_12"":0,""line_12_13"":0,""line_13_14"":0,""line_14_15"":0,""line_15_16"":0,""line_16_17"":0,""line_17_18"":0,""line_19_20"":0,""line_20_21"":1,""line_21_22"":0,""line_23_24"":0,""line_24_25"":0,""line_26_27"":0,""line_27_28"":0,""line_28_29"":0,""line_29_30"":0,""line_30_31"":0,""line_31_32"":0,""line_32_33"":0}","[""line_06_07"",""line_20_21""]",False,0ffb497d18c7a3bb,False,4363.919999999693,-14.50713830254972,True,False,0,14,14,2,True,added
integrated_paper_like_exact_i20_k2_a1b1,improved,integrated_paper_like_exact_i20_k2_a1b1__improved,integrated_paper_like_exact,paper_like_exact,12,generated_cut_013,"{""line_01_02"":0,""line_02_03"":0,""line_02_19"":0,""line_03_04"":0,""line_03_23"":1,""line_04_05"":0,""line_05_06"":0,""line_06_07"":0,""line_06_26"":0,""line_07_08"":0,""line_08_09"":0,""line_09_10"":0,""line_10_11"":0,""line_11_12"":0,""line_12_13"":0,""line_13_14"":0,""line_14_15"":0,""line_15_16"":0,""line_16_17"":0,""line_17_18"":0,""line_19_20"":0,""line_20_21"":0,""line_21_22"":0,""line_23_24"":0,""line_24_25"":0,""line_26_27"":0,""line_27_28"":0,""line_28_29"":0,""line_29_30"":0,""line_30_31"":0,""line_31_32"":0,""line_32_33"":1}","[""line_03_23"",""line_32_33""]",False,c7eec453b3f6f3e9,False,2181.840000000084,79.97448941506445,True,False,0,4,4,2,True,added
integrated_paper_like_exact_i20_k2_a1b1,improved,integrated_paper_like_exact_i20_k2_a1b1__improved,integrated_paper_like_exact,paper_like_exact,13,generated_cut_014,"{""line_01_02"":0,""line_02_03"":0,""line_02_19"":0,""line_03_04"":0,""line_03_23"":0,""line_04_05"":0,""line_05_06"":0,""line_06_07"":1,""line_06_26"":0,""line_07_08"":0,""line_08_09"":0,""line_09_10"":0,""line_10_11"":0,""line_11_12"":0,""line_12_13"":0,""line_13_14"":0,""line_14_15"":0,""line_15_16"":0,""line_16_17"":0,""line_17_18"":0,""line_19_20"":0,""line_20_21"":0,""line_21_22"":0,""line_23_24"":0,""line_24_25"":0,""line_26_27"":0,""line_27_28"":0,""line_28_29"":0,""line_29_30"":0,""line_30_31"":1,""line_31_32"":0,""line_32_33"":0}","[""line_06_07"",""line_30_31""]",False,ee073e18eaabbda3,False,1218.9199999998673,-22.212158732116222,True,False,0,15,15,2,True,added
integrated_paper_like_exact_i20_k2_a1b1,improved,integrated_paper_like_exact_i20_k2_a1b1__improved,integrated_paper_like_exact,paper_like_exact,14,generated_cut_015,"{""line_01_02"":0,""line_02_03"":0,""line_02_19"":0,""line_03_04"":0,""line_03_23"":0,""line_04_05"":0,""line_05_06"":0,""line_06_07"":0,""line_06_26"":0,""line_07_08"":0,""line_08_09"":0,""line_09_10"":1,""line_10_11"":0,""line_11_12"":0,""line_12_13"":1,""line_13_14"":0,""line_14_15"":0,""line_15_16"":0,""line_16_17"":0,""line_17_18"":0,""line_19_20"":0,""line_20_21"":0,""line_21_22"":0,""line_23_24"":0,""line_24_25"":0,""line_26_27"":0,""line_27_28"":0,""line_28_29"":0,""line_29_30"":0,""line_30_31"":0,""line_31_32"":0,""line_32_33"":0}","[""line_09_10"",""line_12_13""]",False,16d636eb63220abb,False,6352.5099999983795,5.766454614698887,True,False,0,9,9,2,True,added
integrated_paper_like_exact_i20_k2_a1b1,improved,integrated_paper_like_exact_i20_k2_a1b1__improved,integrated_paper_like_exact,paper_like_exact,15,generated_cut_016,"{""line_01_02"":0,""line_02_03"":0,""line_02_19"":0,""line_03_04"":0,""line_03_23"":0,""line_04_05"":0,""line_05_06"":0,""line_06_07"":0,""line_06_26"":0,""line_07_08"":0,""line_08_09"":0,""line_09_10"":0,""line_10_11"":0,""line_11_12"":0,""line_12_13"":0,""line_13_14"":0,""line_14_15"":0,""line_15_16"":0,""line_16_17"":0,""line_17_18"":0,""line_19_20"":0,""line_20_21"":0,""line_21_22"":0,""line_23_24"":0,""line_24_25"":0,""line_26_27"":0,""line_27_28"":0,""line_28_29"":0,""line_29_30"":0,""line_30_31"":1,""line_31_32"":0,""line_32_33"":0}","[""line_30_31""]",False,1495a610d276c625,False,709.9000000000233,9.813991539180279,True,False,0,3,3,1,True,added
integrated_paper_like_exact_i20_k2_a1b1,improved,integrated_paper_like_exact_i20_k2_a1b1__improved,integrated_paper_like_exact,paper_like_exact,16,generated_cut_017,"{""line_01_02"":0,""line_02_03"":0,""line_02_19"":0,""line_03_04"":0,""line_03_23"":0,""line_04_05"":0,""line_05_06"":0,""line_06_07"":0,""line_06_26"":0,""line_07_08"":1,""line_08_09"":0,""line_09_10"":0,""line_10_11"":0,""line_11_12"":0,""line_12_13"":0,""line_13_14"":0,""line_14_15"":0,""line_15_16"":0,""line_16_17"":0,""line_17_18"":0,""line_19_20"":0,""line_20_21"":0,""line_21_22"":1,""line_23_24"":0,""line_24_25"":0,""line_26_27"":0,""line_27_28"":0,""line_28_29"":0,""line_29_30"":0,""line_30_31"":0,""line_31_32"":0,""line_32_33"":0}","[""line_07_08"",""line_21_22""]",False,1923260aa9f2b0d4,False,2255.3499999998603,36.60906992666423,True,False,0,12,12,2,True,added
integrated_paper_like_exact_i20_k2_a1b1,improved,integrated_paper_like_exact_i20_k2_a1b1__improved,integrated_paper_like_exact,paper_like_exact,17,generated_cut_018,"{""line_01_02"":0,""line_02_03"":0,""line_02_19"":0,""line_03_04"":0,""line_03_23"":0,""line_04_05"":0,""line_05_06"":0,""line_06_07"":1,""line_06_26"":0,""line_07_08"":0,""line_08_09"":0,""line_09_10"":0,""line_10_11"":0,""line_11_12"":0,""line_12_13"":0,""line_13_14"":0,""line_14_15"":0,""line_15_16"":0,""line_16_17"":0,""line_17_18"":0,""line_19_20"":0,""line_20_21"":0,""line_21_22"":0,""line_23_24"":0,""line_24_25"":0,""line_26_27"":0,""line_27_28"":0,""line_28_29"":1,""line_29_30"":0,""line_30_31"":0,""line_31_32"":0,""line_32_33"":0}","[""line_06_07"",""line_28_29""]",False,5ce5d1ebbccacb69,False,466.26000000015483,10.019624873995781,True,False,0,17,17,2,True,added
integrated_paper_like_exact_i20_k2_a1b1,improved,integrated_paper_like_exact_i20_k2_a1b1__improved,integrated_paper_like_exact,paper_like_exact,18,generated_cut_019,"{""line_01_02"":0,""line_02_03"":0,""line_02_19"":0,""line_03_04"":0,""line_03_23"":1,""line_04_05"":0,""line_05_06"":0,""line_06_07"":0,""line_06_26"":0,""line_07_08"":0,""line_08_09"":0,""line_09_10"":0,""line_10_11"":0,""line_11_12"":0,""line_12_13"":0,""line_13_14"":0,""line_14_15"":0,""line_15_16"":0,""line_16_17"":0,""line_17_18"":0,""line_19_20"":0,""line_20_21"":0,""line_21_22"":1,""line_23_24"":0,""line_24_25"":0,""line_26_27"":0,""line_27_28"":0,""line_28_29"":0,""line_29_30"":0,""line_30_31"":0,""line_31_32"":0,""line_32_33"":0}","[""line_03_23"",""line_21_22""]",True,a04be5b9ba7d3930,False,571.0499999999884,33.97634559497237,True,False,0,4,4,2,True,added
integrated_paper_like_exact_i40_k2_a1b1,baseline,integrated_paper_like_exact_i40_k2_a1b1__baseline,integrated_paper_like_exact,paper_like_exact,0,generated_cut_001,"{""line_01_02"":0,""line_02_03"":0,""line_02_19"":0,""line_03_04"":0,""line_03_23"":1,""line_04_05"":0,""line_05_06"":0,""line_06_07"":1,""line_06_26"":0,""line_07_08"":0,""line_08_09"":0,""line_09_10"":0,""line_10_11"":0,""line_11_12"":0,""line_12_13"":0,""line_13_14"":0,""line_14_15"":0,""line_15_16"":0,""line_16_17"":0,""line_17_18"":0,""line_19_20"":0,""line_20_21"":0,""line_21_22"":0,""line_23_24"":0,""line_24_25"":0,""line_26_27"":0,""line_27_28"":0,""line_28_29"":0,""line_29_30"":0,""line_30_31"":0,""line_31_32"":0,""line_32_33"":0}","[""line_03_23"",""line_06_07""]",False,f080454ac6a433bf,False,16575.030000000144,271.7509497497231,True,False,0,15,15,2,True,added
integrated_paper_like_exact_i40_k2_a1b1,baseline,integrated_paper_like_exact_i40_k2_a1b1__baseline,integrated_paper_like_exact,paper_like_exact,1,generated_cut_002,"{""line_01_02"":0,""line_02_03"":0,""line_02_19"":0,""line_03_04"":0,""line_03_23"":0,""line_04_05"":0,""line_05_06"":0,""line_06_07"":1,""line_06_26"":0,""line_07_08"":0,""line_08_09"":0,""line_09_10"":0,""line_10_11"":0,""line_11_12"":0,""line_12_13"":0,""line_13_14"":0,""line_14_15"":0,""line_15_16"":0,""line_16_17"":0,""line_17_18"":0,""line_19_20"":0,""line_20_21"":0,""line_21_22"":0,""line_23_24"":1,""line_24_25"":0,""line_26_27"":0,""line_27_28"":0,""line_28_29"":0,""line_29_30"":0,""line_30_31"":0,""line_31_32"":0,""line_32_33"":0}","[""line_06_07"",""line_23_24""]",False,b97b5ccccfe77b00,False,13818.64000000013,51.8442450594157,True,False,0,14,14,2,True,added
integrated_paper_like_exact_i40_k2_a1b1,baseline,integrated_paper_like_exact_i40_k2_a1b1__baseline,integrated_paper_like_exact,paper_like_exact,2,generated_cut_003,"{""line_01_02"":0,""line_02_03"":0,""line_02_19"":0,""line_03_04"":0,""line_03_23"":1,""line_04_05"":0,""line_05_06"":0,""line_06_07"":0,""line_06_26"":0,""line_07_08"":0,""line_08_09"":0,""line_09_10"":0,""line_10_11"":0,""line_11_12"":0,""line_12_13"":0,""line_13_14"":0,""line_14_15"":0,""line_15_16"":0,""line_16_17"":0,""line_17_18"":0,""line_19_20"":0,""line_20_21"":0,""line_21_22"":0,""line_23_24"":1,""line_24_25"":0,""line_26_27"":0,""line_27_28"":0,""line_28_29"":0,""line_29_30"":0,""line_30_31"":0,""line_31_32"":0,""line_32_33"":0}","[""line_03_23"",""line_23_24""]",False,0bea39619e7c4853,False,15098.5,166.0360380988568,True,False,0,3,3,2,True,added
integrated_paper_like_exact_i40_k2_a1b1,baseline,integrated_paper_like_exact_i40_k2_a1b1__baseline,integrated_paper_like_exact,paper_like_exact,3,generated_cut_004,"{""line_01_02"":0,""line_02_03"":0,""line_02_19"":0,""line_03_04"":0,""line_03_23"":0,""line_04_05"":0,""line_05_06"":0,""line_06_07"":0,""line_06_26"":0,""line_07_08"":0,""line_08_09"":0,""line_09_10"":1,""line_10_11"":0,""line_11_12"":0,""line_12_13"":0,""line_13_14"":0,""line_14_15"":0,""line_15_16"":0,""line_16_17"":0,""line_17_18"":0,""line_19_20"":0,""line_20_21"":0,""line_21_22"":0,""line_23_24"":1,""line_24_25"":0,""line_26_27"":0,""line_27_28"":0,""line_28_29"":0,""line_29_30"":0,""line_30_31"":0,""line_31_32"":0,""line_32_33"":0}","[""line_09_10"",""line_23_24""]",False,50f6afb918dd09f0,False,19454.900000000023,178.09203523769975,True,False,0,11,11,2,True,added
integrated_paper_like_exact_i40_k2_a1b1,baseline,integrated_paper_like_exact_i40_k2_a1b1__baseline,integrated_paper_like_exact,paper_like_exact,4,generated_cut_005,"{""line_01_02"":0,""line_02_03"":0,""line_02_19"":0,""line_03_04"":0,""line_03_23"":0,""line_04_05"":0,""line_05_06"":0,""line_06_07"":0,""line_06_26"":0,""line_07_08"":0,""line_08_09"":0,""line_09_10"":0,""line_10_11"":1,""line_11_12"":0,""line_12_13"":0,""line_13_14"":0,""line_14_15"":0,""line_15_16"":0,""line_16_17"":0,""line_17_18"":0,""line_19_20"":0,""line_20_21"":1,""line_21_22"":0,""line_23_24"":0,""line_24_25"":0,""line_26_27"":0,""line_27_28"":0,""line_28_29"":0,""line_29_30"":0,""line_30_31"":0,""line_31_32"":0,""line_32_33"":0}","[""line_10_11"",""line_20_21""]",False,9b34830e34588959,False,6363.820000000065,194.28060147725046,True,False,0,10,10,2,True,added
integrated_paper_like_exact_i40_k2_a1b1,baseline,integrated_paper_like_exact_i40_k2_a1b1__baseline,integrated_paper_like_exact,paper_like_exact,5,generated_cut_006,"{""line_01_02"":0,""line_02_03"":0,""line_02_19"":0,""line_03_04"":0,""line_03_23"":0,""line_04_05"":0,""line_05_06"":0,""line_06_07"":0,""line_06_26"":0,""line_07_08"":0,""line_08_09"":0,""line_09_10"":0,""line_10_11"":0,""line_11_12"":0,""line_12_13"":0,""line_13_14"":0,""line_14_15"":0,""line_15_16"":0,""line_16_17"":0,""line_17_18"":0,""line_19_20"":0,""line_20_21"":1,""line_21_22"":0,""line_23_24"":0,""line_24_25"":0,""line_26_27"":0,""line_27_28"":0,""line_28_29"":0,""line_29_30"":1,""line_30_31"":0,""line_31_32"":0,""line_32_33"":0}","[""line_20_21"",""line_29_30""]",False,cf5e4b53c7b4c3f5,False,7545.65000000014,20.449003817513585,True,False,0,6,6,2,True,added
integrated_paper_like_exact_i40_k2_a1b1,baseline,integrated_paper_like_exact_i40_k2_a1b1__baseline,integrated_paper_like_exact,paper_like_exact,6,generated_cut_007,"{""line_01_02"":0,""line_02_03"":0,""line_02_19"":0,""line_03_04"":0,""line_03_23"":0,""line_04_05"":0,""line_05_06"":0,""line_06_07"":0,""line_06_26"":0,""line_07_08"":0,""line_08_09"":0,""line_09_10"":0,""line_10_11"":1,""line_11_12"":0,""line_12_13"":1,""line_13_14"":0,""line_14_15"":0,""line_15_16"":0,""line_16_17"":0,""line_17_18"":0,""line_19_20"":0,""line_20_21"":0,""line_21_22"":0,""line_23_24"":0,""line_24_25"":0,""line_26_27"":0,""line_27_28"":0,""line_28_29"":0,""line_29_30"":0,""line_30_31"":0,""line_31_32"":0,""line_32_33"":0}","[""line_10_11"",""line_12_13""]",False,a8342697d32afe67,False,6363.799999998882,13.964125517755747,True,False,0,8,8,2,True,added
integrated_paper_like_exact_i40_k2_a1b1,baseline,integrated_paper_like_exact_i40_k2_a1b1__baseline,integrated_paper_like_exact,paper_like_exact,7,generated_cut_008,"{""line_01_02"":0,""line_02_03"":0,""line_02_19"":0,""line_03_04"":0,""line_03_23"":0,""line_04_05"":0,""line_05_06"":0,""line_06_07"":0,""line_06_26"":0,""line_07_08"":0,""line_08_09"":0,""line_09_10"":0,""line_10_11"":0,""line_11_12"":0,""line_12_13"":0,""line_13_14"":0,""line_14_15"":0,""line_15_16"":0,""line_16_17"":0,""line_17_18"":0,""line_19_20"":0,""line_20_21"":1,""line_21_22"":0,""line_23_24"":1,""line_24_25"":0,""line_26_27"":0,""line_27_28"":0,""line_28_29"":0,""line_29_30"":0,""line_30_31"":0,""line_31_32"":0,""line_32_33"":0}","[""line_20_21"",""line_23_24""]",False,bd4de226f9f8ff4c,False,5810.820000000182,9.891990043222904,True,False,0,4,4,2,True,added
integrated_paper_like_exact_i40_k2_a1b1,baseline,integrated_paper_like_exact_i40_k2_a1b1__baseline,integrated_paper_like_exact,paper_like_exact,8,generated_cut_009,"{""line_01_02"":0,""line_02_03"":0,""line_02_19"":0,""line_03_04"":0,""line_03_23"":0,""line_04_05"":0,""line_05_06"":0,""line_06_07"":0,""line_06_26"":0,""line_07_08"":0,""line_08_09"":0,""line_09_10"":0,""line_10_11"":0,""line_11_12"":0,""line_12_13"":0,""line_13_14"":0,""line_14_15"":0,""line_15_16"":0,""line_16_17"":0,""line_17_18"":0,""line_19_20"":0,""line_20_21"":0,""line_21_22"":0,""line_23_24"":1,""line_24_25"":0,""line_26_27"":0,""line_27_28"":0,""line_28_29"":0,""line_29_30"":1,""line_30_31"":0,""line_31_32"":0,""line_32_33"":0}","[""line_23_24"",""line_29_30""]",False,de9d8cea78e076bc,False,5076.080000000191,96.76901062950492,True,False,0,6,6,2,True,added
integrated_paper_like_exact_i40_k2_a1b1,baseline,integrated_paper_like_exact_i40_k2_a1b1__baseline,integrated_paper_like_exact,paper_like_exact,9,generated_cut_010,"{""line_01_02"":0,""line_02_03"":0,""line_02_19"":0,""line_03_04"":0,""line_03_23"":1,""line_04_05"":0,""line_05_06"":0,""line_06_07"":0,""line_06_26"":0,""line_07_08"":0,""line_08_09"":0,""line_09_10"":0,""line_10_11"":0,""line_11_12"":0,""line_12_13"":0,""line_13_14"":0,""line_14_15"":0,""line_15_16"":0,""line_16_17"":0,""line_17_18"":0,""line_19_20"":0,""line_20_21"":0,""line_21_22"":1,""line_23_24"":0,""line_24_25"":0,""line_26_27"":0,""line_27_28"":0,""line_28_29"":0,""line_29_30"":0,""line_30_31"":0,""line_31_32"":0,""line_32_33"":0}","[""line_03_23"",""line_21_22""]",False,b5dfe75161c0d4b0,False,2818.30999999959,11.224372847005725,True,False,0,4,4,2,True,added
integrated_paper_like_exact_i40_k2_a1b1,baseline,integrated_paper_like_exact_i40_k2_a1b1__baseline,integrated_paper_like_exact,paper_like_exact,10,generated_cut_011,"{""line_01_02"":0,""line_02_03"":0,""line_02_19"":0,""line_03_04"":0,""line_03_23"":0,""line_04_05"":0,""line_05_06"":0,""line_06_07"":0,""line_06_26"":0,""line_07_08"":0,""line_08_09"":0,""line_09_10"":0,""line_10_11"":0,""line_11_12"":0,""line_12_13"":0,""line_13_14"":0,""line_14_15"":0,""line_15_16"":0,""line_16_17"":0,""line_17_18"":0,""line_19_20"":0,""line_20_21"":0,""line_21_22"":1,""line_23_24"":0,""line_24_25"":0,""line_26_27"":0,""line_27_28"":0,""line_28_29"":0,""line_29_30"":0,""line_30_31"":0,""line_31_32"":0,""line_32_33"":1}","[""line_21_22"",""line_32_33""]",False,ca53602bdb6ddc04,False,2727.310000000056,19.839645827189088,True,False,0,2,2,2,True,added
integrated_paper_like_exact_i40_k2_a1b1,baseline,integrated_paper_like_exact_i40_k2_a1b1__baseline,integrated_paper_like_exact,paper_like_exact,11,generated_cut_012,"{""line_01_02"":0,""line_02_03"":0,""line_02_19"":0,""line_03_04"":0,""line_03_23"":0,""line_04_05"":0,""line_05_06"":0,""line_06_07"":1,""line_06_26"":0,""line_07_08"":0,""line_08_09"":0,""line_09_10"":0,""line_10_11"":0,""line_11_12"":0,""line_12_13"":0,""line_13_14"":0,""line_14_15"":0,""line_15_16"":0,""line_16_17"":0,""line_17_18"":0,""line_19_20"":0,""line_20_21"":1,""line_21_22"":0,""line_23_24"":0,""line_24_25"":0,""line_26_27"":0,""line_27_28"":0,""line_28_29"":0,""line_29_30"":0,""line_30_31"":0,""line_31_32"":0,""line_32_33"":0}","[""line_06_07"",""line_20_21""]",False,0ffb497d18c7a3bb,False,4363.919999999693,-14.50713830254972,True,False,0,14,14,2,True,added
integrated_paper_like_exact_i40_k2_a1b1,baseline,integrated_paper_like_exact_i40_k2_a1b1__baseline,integrated_paper_like_exact,paper_like_exact,12,generated_cut_013,"{""line_01_02"":0,""line_02_03"":0,""line_02_19"":0,""line_03_04"":0,""line_03_23"":1,""line_04_05"":0,""line_05_06"":0,""line_06_07"":0,""line_06_26"":0,""line_07_08"":0,""line_08_09"":0,""line_09_10"":0,""line_10_11"":0,""line_11_12"":0,""line_12_13"":0,""line_13_14"":0,""line_14_15"":0,""line_15_16"":0,""line_16_17"":0,""line_17_18"":0,""line_19_20"":0,""line_20_21"":0,""line_21_22"":0,""line_23_24"":0,""line_24_25"":0,""line_26_27"":0,""line_27_28"":0,""line_28_29"":0,""line_29_30"":0,""line_30_31"":0,""line_31_32"":0,""line_32_33"":1}","[""line_03_23"",""line_32_33""]",False,c7eec453b3f6f3e9,False,2181.840000000084,79.97448941506445,True,False,0,4,4,2,True,added
integrated_paper_like_exact_i40_k2_a1b1,baseline,integrated_paper_like_exact_i40_k2_a1b1__baseline,integrated_paper_like_exact,paper_like_exact,13,generated_cut_014,"{""line_01_02"":0,""line_02_03"":0,""line_02_19"":0,""line_03_04"":0,""line_03_23"":0,""line_04_05"":0,""line_05_06"":0,""line_06_07"":1,""line_06_26"":0,""line_07_08"":0,""line_08_09"":0,""line_09_10"":0,""line_10_11"":0,""line_11_12"":0,""line_12_13"":0,""line_13_14"":0,""line_14_15"":0,""line_15_16"":0,""line_16_17"":0,""line_17_18"":0,""line_19_20"":0,""line_20_21"":0,""line_21_22"":0,""line_23_24"":0,""line_24_25"":0,""line_26_27"":0,""line_27_28"":0,""line_28_29"":0,""line_29_30"":0,""line_30_31"":1,""line_31_32"":0,""line_32_33"":0}","[""line_06_07"",""line_30_31""]",False,ee073e18eaabbda3,False,1218.9199999998673,-22.212158732116222,True,False,0,15,15,2,True,added
integrated_paper_like_exact_i40_k2_a1b1,baseline,integrated_paper_like_exact_i40_k2_a1b1__baseline,integrated_paper_like_exact,paper_like_exact,14,generated_cut_015,"{""line_01_02"":0,""line_02_03"":0,""line_02_19"":0,""line_03_04"":0,""line_03_23"":0,""line_04_05"":0,""line_05_06"":0,""line_06_07"":0,""line_06_26"":0,""line_07_08"":0,""line_08_09"":0,""line_09_10"":1,""line_10_11"":0,""line_11_12"":0,""line_12_13"":1,""line_13_14"":0,""line_14_15"":0,""line_15_16"":0,""line_16_17"":0,""line_17_18"":0,""line_19_20"":0,""line_20_21"":0,""line_21_22"":0,""line_23_24"":0,""line_24_25"":0,""line_26_27"":0,""line_27_28"":0,""line_28_29"":0,""line_29_30"":0,""line_30_31"":0,""line_31_32"":0,""line_32_33"":0}","[""line_09_10"",""line_12_13""]",False,16d636eb63220abb,False,6352.5099999983795,5.766454614698887,True,False,0,9,9,2,True,added
integrated_paper_like_exact_i40_k2_a1b1,baseline,integrated_paper_like_exact_i40_k2_a1b1__baseline,integrated_paper_like_exact,paper_like_exact,15,generated_cut_016,"{""line_01_02"":0,""line_02_03"":0,""line_02_19"":0,""line_03_04"":0,""line_03_23"":0,""line_04_05"":0,""line_05_06"":0,""line_06_07"":0,""line_06_26"":0,""line_07_08"":0,""line_08_09"":0,""line_09_10"":0,""line_10_11"":0,""line_11_12"":0,""line_12_13"":0,""line_13_14"":0,""line_14_15"":0,""line_15_16"":0,""line_16_17"":0,""line_17_18"":0,""line_19_20"":0,""line_20_21"":0,""line_21_22"":0,""line_23_24"":0,""line_24_25"":0,""line_26_27"":0,""line_27_28"":0,""line_28_29"":0,""line_29_30"":0,""line_30_31"":1,""line_31_32"":0,""line_32_33"":0}","[""line_30_31""]",False,1495a610d276c625,False,709.9000000000233,9.813991539180279,True,False,0,3,3,1,True,added
integrated_paper_like_exact_i40_k2_a1b1,baseline,integrated_paper_like_exact_i40_k2_a1b1__baseline,integrated_paper_like_exact,paper_like_exact,16,generated_cut_017,"{""line_01_02"":0,""line_02_03"":0,""line_02_19"":0,""line_03_04"":0,""line_03_23"":0,""line_04_05"":0,""line_05_06"":0,""line_06_07"":0,""line_06_26"":0,""line_07_08"":1,""line_08_09"":0,""line_09_10"":0,""line_10_11"":0,""line_11_12"":0,""line_12_13"":0,""line_13_14"":0,""line_14_15"":0,""line_15_16"":0,""line_16_17"":0,""line_17_18"":0,""line_19_20"":0,""line_20_21"":0,""line_21_22"":1,""line_23_24"":0,""line_24_25"":0,""line_26_27"":0,""line_27_28"":0,""line_28_29"":0,""line_29_30"":0,""line_30_31"":0,""line_31_32"":0,""line_32_33"":0}","[""line_07_08"",""line_21_22""]",False,1923260aa9f2b0d4,False,2255.3499999998603,36.60906992666423,True,False,0,12,12,2,True,added
integrated_paper_like_exact_i40_k2_a1b1,baseline,integrated_paper_like_exact_i40_k2_a1b1__baseline,integrated_paper_like_exact,paper_like_exact,17,generated_cut_018,"{""line_01_02"":0,""line_02_03"":0,""line_02_19"":0,""line_03_04"":0,""line_03_23"":0,""line_04_05"":0,""line_05_06"":0,""line_06_07"":1,""line_06_26"":0,""line_07_08"":0,""line_08_09"":0,""line_09_10"":0,""line_10_11"":0,""line_11_12"":0,""line_12_13"":0,""line_13_14"":0,""line_14_15"":0,""line_15_16"":0,""line_16_17"":0,""line_17_18"":0,""line_19_20"":0,""line_20_21"":0,""line_21_22"":0,""line_23_24"":0,""line_24_25"":0,""line_26_27"":0,""line_27_28"":0,""line_28_29"":1,""line_29_30"":0,""line_30_31"":0,""line_31_32"":0,""line_32_33"":0}","[""line_06_07"",""line_28_29""]",False,5ce5d1ebbccacb69,False,466.26000000015483,10.019624873995781,True,False,0,17,17,2,True,added
integrated_paper_like_exact_i40_k2_a1b1,baseline,integrated_paper_like_exact_i40_k2_a1b1__baseline,integrated_paper_like_exact,paper_like_exact,18,generated_cut_019,"{""line_01_02"":0,""line_02_03"":0,""line_02_19"":0,""line_03_04"":0,""line_03_23"":1,""line_04_05"":0,""line_05_06"":0,""line_06_07"":0,""line_06_26"":0,""line_07_08"":0,""line_08_09"":0,""line_09_10"":0,""line_10_11"":0,""line_11_12"":0,""line_12_13"":0,""line_13_14"":0,""line_14_15"":0,""line_15_16"":0,""line_16_17"":0,""line_17_18"":0,""line_19_20"":0,""line_20_21"":0,""line_21_22"":1,""line_23_24"":0,""line_24_25"":0,""line_26_27"":0,""line_27_28"":0,""line_28_29"":0,""line_29_30"":0,""line_30_31"":0,""line_31_32"":0,""line_32_33"":0}","[""line_03_23"",""line_21_22""]",True,a04be5b9ba7d3930,False,571.0499999999884,33.97634559497237,True,False,0,4,4,2,True,added
integrated_paper_like_exact_i40_k2_a1b1,baseline,integrated_paper_like_exact_i40_k2_a1b1__baseline,integrated_paper_like_exact,paper_like_exact,19,generated_cut_020,"{""line_01_02"":0,""line_02_03"":0,""line_02_19"":0,""line_03_04"":0,""line_03_23"":0,""line_04_05"":0,""line_05_06"":0,""line_06_07"":0,""line_06_26"":0,""line_07_08"":0,""line_08_09"":0,""line_09_10"":0,""line_10_11"":1,""line_11_12"":1,""line_12_13"":0,""line_13_14"":0,""line_14_15"":0,""line_15_16"":0,""line_16_17"":0,""line_17_18"":0,""line_19_20"":0,""line_20_21"":0,""line_21_22"":0,""line_23_24"":0,""line_24_25"":0,""line_26_27"":0,""line_27_28"":0,""line_28_29"":0,""line_29_30"":0,""line_30_31"":0,""line_31_32"":0,""line_32_33"":0}","[""line_10_11"",""line_11_12""]",False,b724ec4608015528,False,4465.629999998491,-33.69584569334984,True,False,0,8,8,2,True,added
integrated_paper_like_exact_i40_k2_a1b1,baseline,integrated_paper_like_exact_i40_k2_a1b1__baseline,integrated_paper_like_exact,paper_like_exact,20,generated_cut_021,"{""line_01_02"":0,""line_02_03"":0,""line_02_19"":0,""line_03_04"":0,""line_03_23"":1,""line_04_05"":0,""line_05_06"":0,""line_06_07"":0,""line_06_26"":0,""line_07_08"":0,""line_08_09"":0,""line_09_10"":0,""line_10_11"":0,""line_11_12"":0,""line_12_13"":0,""line_13_14"":0,""line_14_15"":0,""line_15_16"":0,""line_16_17"":0,""line_17_18"":0,""line_19_20"":0,""line_20_21"":0,""line_21_22"":0,""line_23_24"":0,""line_24_25"":0,""line_26_27"":0,""line_27_28"":0,""line_28_29"":0,""line_29_30"":0,""line_30_31"":0,""line_31_32"":0,""line_32_33"":1}","[""line_03_23"",""line_32_33""]",True,dcf44429315f50b1,False,535.999999999709,-31.227611478418112,True,False,0,4,4,2,True,added
integrated_paper_like_exact_i40_k2_a1b1,baseline,integrated_paper_like_exact_i40_k2_a1b1__baseline,integrated_paper_like_exact,paper_like_exact,21,generated_cut_022,"{""line_01_02"":0,""line_02_03"":0,""line_02_19"":0,""line_03_04"":0,""line_03_23"":0,""line_04_05"":0,""line_05_06"":0,""line_06_07"":1,""line_06_26"":0,""line_07_08"":0,""line_08_09"":0,""line_09_10"":0,""line_10_11"":0,""line_11_12"":0,""line_12_13"":0,""line_13_14"":0,""line_14_15"":0,""line_15_16"":0,""line_16_17"":0,""line_17_18"":0,""line_19_20"":0,""line_20_21"":0,""line_21_22"":0,""line_23_24"":0,""line_24_25"":0,""line_26_27"":0,""line_27_28"":0,""line_28_29"":0,""line_29_30"":0,""line_30_31"":0,""line_31_32"":0,""line_32_33"":0}","[""line_06_07""]",False,0fcce004bb4af874,False,102.37000000015541,37.41902743279934,True,False,0,12,12,1,True,added
integrated_paper_like_exact_i40_k2_a1b1,improved,integrated_paper_like_exact_i40_k2_a1b1__improved,integrated_paper_like_exact,paper_like_exact,0,generated_cut_001,"{""line_01_02"":0,""line_02_03"":0,""line_02_19"":0,""line_03_04"":0,""line_03_23"":1,""line_04_05"":0,""line_05_06"":0,""line_06_07"":1,""line_06_26"":0,""line_07_08"":0,""line_08_09"":0,""line_09_10"":0,""line_10_11"":0,""line_11_12"":0,""line_12_13"":0,""line_13_14"":0,""line_14_15"":0,""line_15_16"":0,""line_16_17"":0,""line_17_18"":0,""line_19_20"":0,""line_20_21"":0,""line_21_22"":0,""line_23_24"":0,""line_24_25"":0,""line_26_27"":0,""line_27_28"":0,""line_28_29"":0,""line_29_30"":0,""line_30_31"":0,""line_31_32"":0,""line_32_33"":0}","[""line_03_23"",""line_06_07""]",False,f080454ac6a433bf,False,16575.030000000144,271.7509497497231,True,False,0,15,15,2,True,added
integrated_paper_like_exact_i40_k2_a1b1,improved,integrated_paper_like_exact_i40_k2_a1b1__improved,integrated_paper_like_exact,paper_like_exact,1,generated_cut_002,"{""line_01_02"":0,""line_02_03"":0,""line_02_19"":0,""line_03_04"":0,""line_03_23"":0,""line_04_05"":0,""line_05_06"":0,""line_06_07"":1,""line_06_26"":0,""line_07_08"":0,""line_08_09"":0,""line_09_10"":0,""line_10_11"":0,""line_11_12"":0,""line_12_13"":0,""line_13_14"":0,""line_14_15"":0,""line_15_16"":0,""line_16_17"":0,""line_17_18"":0,""line_19_20"":0,""line_20_21"":0,""line_21_22"":0,""line_23_24"":1,""line_24_25"":0,""line_26_27"":0,""line_27_28"":0,""line_28_29"":0,""line_29_30"":0,""line_30_31"":0,""line_31_32"":0,""line_32_33"":0}","[""line_06_07"",""line_23_24""]",False,b97b5ccccfe77b00,False,13818.64000000013,51.8442450594157,True,False,0,14,14,2,True,added
integrated_paper_like_exact_i40_k2_a1b1,improved,integrated_paper_like_exact_i40_k2_a1b1__improved,integrated_paper_like_exact,paper_like_exact,2,generated_cut_003,"{""line_01_02"":0,""line_02_03"":0,""line_02_19"":0,""line_03_04"":0,""line_03_23"":1,""line_04_05"":0,""line_05_06"":0,""line_06_07"":0,""line_06_26"":0,""line_07_08"":0,""line_08_09"":0,""line_09_10"":0,""line_10_11"":0,""line_11_12"":0,""line_12_13"":0,""line_13_14"":0,""line_14_15"":0,""line_15_16"":0,""line_16_17"":0,""line_17_18"":0,""line_19_20"":0,""line_20_21"":0,""line_21_22"":0,""line_23_24"":1,""line_24_25"":0,""line_26_27"":0,""line_27_28"":0,""line_28_29"":0,""line_29_30"":0,""line_30_31"":0,""line_31_32"":0,""line_32_33"":0}","[""line_03_23"",""line_23_24""]",False,0bea39619e7c4853,False,15098.5,166.0360380988568,True,False,0,3,3,2,True,added
integrated_paper_like_exact_i40_k2_a1b1,improved,integrated_paper_like_exact_i40_k2_a1b1__improved,integrated_paper_like_exact,paper_like_exact,3,generated_cut_004,"{""line_01_02"":0,""line_02_03"":0,""line_02_19"":0,""line_03_04"":0,""line_03_23"":0,""line_04_05"":0,""line_05_06"":0,""line_06_07"":0,""line_06_26"":0,""line_07_08"":0,""line_08_09"":0,""line_09_10"":1,""line_10_11"":0,""line_11_12"":0,""line_12_13"":0,""line_13_14"":0,""line_14_15"":0,""line_15_16"":0,""line_16_17"":0,""line_17_18"":0,""line_19_20"":0,""line_20_21"":0,""line_21_22"":0,""line_23_24"":1,""line_24_25"":0,""line_26_27"":0,""line_27_28"":0,""line_28_29"":0,""line_29_30"":0,""line_30_31"":0,""line_31_32"":0,""line_32_33"":0}","[""line_09_10"",""line_23_24""]",False,50f6afb918dd09f0,False,19454.900000000023,178.09203523769975,True,False,0,11,11,2,True,added
integrated_paper_like_exact_i40_k2_a1b1,improved,integrated_paper_like_exact_i40_k2_a1b1__improved,integrated_paper_like_exact,paper_like_exact,4,generated_cut_005,"{""line_01_02"":0,""line_02_03"":0,""line_02_19"":0,""line_03_04"":0,""line_03_23"":0,""line_04_05"":0,""line_05_06"":0,""line_06_07"":0,""line_06_26"":0,""line_07_08"":0,""line_08_09"":0,""line_09_10"":0,""line_10_11"":1,""line_11_12"":0,""line_12_13"":0,""line_13_14"":0,""line_14_15"":0,""line_15_16"":0,""line_16_17"":0,""line_17_18"":0,""line_19_20"":0,""line_20_21"":1,""line_21_22"":0,""line_23_24"":0,""line_24_25"":0,""line_26_27"":0,""line_27_28"":0,""line_28_29"":0,""line_29_30"":0,""line_30_31"":0,""line_31_32"":0,""line_32_33"":0}","[""line_10_11"",""line_20_21""]",False,9b34830e34588959,False,6363.820000000065,194.28060147725046,True,False,0,10,10,2,True,added
integrated_paper_like_exact_i40_k2_a1b1,improved,integrated_paper_like_exact_i40_k2_a1b1__improved,integrated_paper_like_exact,paper_like_exact,5,generated_cut_006,"{""line_01_02"":0,""line_02_03"":0,""line_02_19"":0,""line_03_04"":0,""line_03_23"":0,""line_04_05"":0,""line_05_06"":0,""line_06_07"":0,""line_06_26"":0,""line_07_08"":0,""line_08_09"":0,""line_09_10"":0,""line_10_11"":0,""line_11_12"":0,""line_12_13"":0,""line_13_14"":0,""line_14_15"":0,""line_15_16"":0,""line_16_17"":0,""line_17_18"":0,""line_19_20"":0,""line_20_21"":1,""line_21_22"":0,""line_23_24"":0,""line_24_25"":0,""line_26_27"":0,""line_27_28"":0,""line_28_29"":0,""line_29_30"":1,""line_30_31"":0,""line_31_32"":0,""line_32_33"":0}","[""line_20_21"",""line_29_30""]",False,cf5e4b53c7b4c3f5,False,7545.65000000014,20.449003817513585,True,False,0,6,6,2,True,added
integrated_paper_like_exact_i40_k2_a1b1,improved,integrated_paper_like_exact_i40_k2_a1b1__improved,integrated_paper_like_exact,paper_like_exact,6,generated_cut_007,"{""line_01_02"":0,""line_02_03"":0,""line_02_19"":0,""line_03_04"":0,""line_03_23"":0,""line_04_05"":0,""line_05_06"":0,""line_06_07"":0,""line_06_26"":0,""line_07_08"":0,""line_08_09"":0,""line_09_10"":0,""line_10_11"":1,""line_11_12"":0,""line_12_13"":1,""line_13_14"":0,""line_14_15"":0,""line_15_16"":0,""line_16_17"":0,""line_17_18"":0,""line_19_20"":0,""line_20_21"":0,""line_21_22"":0,""line_23_24"":0,""line_24_25"":0,""line_26_27"":0,""line_27_28"":0,""line_28_29"":0,""line_29_30"":0,""line_30_31"":0,""line_31_32"":0,""line_32_33"":0}","[""line_10_11"",""line_12_13""]",False,a8342697d32afe67,False,6363.799999998882,13.964125517755747,True,False,0,8,8,2,True,added
integrated_paper_like_exact_i40_k2_a1b1,improved,integrated_paper_like_exact_i40_k2_a1b1__improved,integrated_paper_like_exact,paper_like_exact,7,generated_cut_008,"{""line_01_02"":0,""line_02_03"":0,""line_02_19"":0,""line_03_04"":0,""line_03_23"":0,""line_04_05"":0,""line_05_06"":0,""line_06_07"":0,""line_06_26"":0,""line_07_08"":0,""line_08_09"":0,""line_09_10"":0,""line_10_11"":0,""line_11_12"":0,""line_12_13"":0,""line_13_14"":0,""line_14_15"":0,""line_15_16"":0,""line_16_17"":0,""line_17_18"":0,""line_19_20"":0,""line_20_21"":1,""line_21_22"":0,""line_23_24"":1,""line_24_25"":0,""line_26_27"":0,""line_27_28"":0,""line_28_29"":0,""line_29_30"":0,""line_30_31"":0,""line_31_32"":0,""line_32_33"":0}","[""line_20_21"",""line_23_24""]",False,bd4de226f9f8ff4c,False,5810.820000000182,9.891990043222904,True,False,0,4,4,2,True,added
integrated_paper_like_exact_i40_k2_a1b1,improved,integrated_paper_like_exact_i40_k2_a1b1__improved,integrated_paper_like_exact,paper_like_exact,8,generated_cut_009,"{""line_01_02"":0,""line_02_03"":0,""line_02_19"":0,""line_03_04"":0,""line_03_23"":0,""line_04_05"":0,""line_05_06"":0,""line_06_07"":0,""line_06_26"":0,""line_07_08"":0,""line_08_09"":0,""line_09_10"":0,""line_10_11"":0,""line_11_12"":0,""line_12_13"":0,""line_13_14"":0,""line_14_15"":0,""line_15_16"":0,""line_16_17"":0,""line_17_18"":0,""line_19_20"":0,""line_20_21"":0,""line_21_22"":0,""line_23_24"":1,""line_24_25"":0,""line_26_27"":0,""line_27_28"":0,""line_28_29"":0,""line_29_30"":1,""line_30_31"":0,""line_31_32"":0,""line_32_33"":0}","[""line_23_24"",""line_29_30""]",False,de9d8cea78e076bc,False,5076.080000000191,96.76901062950492,True,False,0,6,6,2,True,added
integrated_paper_like_exact_i40_k2_a1b1,improved,integrated_paper_like_exact_i40_k2_a1b1__improved,integrated_paper_like_exact,paper_like_exact,9,generated_cut_010,"{""line_01_02"":0,""line_02_03"":0,""line_02_19"":0,""line_03_04"":0,""line_03_23"":1,""line_04_05"":0,""line_05_06"":0,""line_06_07"":0,""line_06_26"":0,""line_07_08"":0,""line_08_09"":0,""line_09_10"":0,""line_10_11"":0,""line_11_12"":0,""line_12_13"":0,""line_13_14"":0,""line_14_15"":0,""line_15_16"":0,""line_16_17"":0,""line_17_18"":0,""line_19_20"":0,""line_20_21"":0,""line_21_22"":1,""line_23_24"":0,""line_24_25"":0,""line_26_27"":0,""line_27_28"":0,""line_28_29"":0,""line_29_30"":0,""line_30_31"":0,""line_31_32"":0,""line_32_33"":0}","[""line_03_23"",""line_21_22""]",False,b5dfe75161c0d4b0,False,2818.30999999959,11.224372847005725,True,False,0,4,4,2,True,added
integrated_paper_like_exact_i40_k2_a1b1,improved,integrated_paper_like_exact_i40_k2_a1b1__improved,integrated_paper_like_exact,paper_like_exact,10,generated_cut_011,"{""line_01_02"":0,""line_02_03"":0,""line_02_19"":0,""line_03_04"":0,""line_03_23"":0,""line_04_05"":0,""line_05_06"":0,""line_06_07"":0,""line_06_26"":0,""line_07_08"":0,""line_08_09"":0,""line_09_10"":0,""line_10_11"":0,""line_11_12"":0,""line_12_13"":0,""line_13_14"":0,""line_14_15"":0,""line_15_16"":0,""line_16_17"":0,""line_17_18"":0,""line_19_20"":0,""line_20_21"":0,""line_21_22"":1,""line_23_24"":0,""line_24_25"":0,""line_26_27"":0,""line_27_28"":0,""line_28_29"":0,""line_29_30"":0,""line_30_31"":0,""line_31_32"":0,""line_32_33"":1}","[""line_21_22"",""line_32_33""]",False,ca53602bdb6ddc04,False,2727.310000000056,19.839645827189088,True,False,0,2,2,2,True,added
integrated_paper_like_exact_i40_k2_a1b1,improved,integrated_paper_like_exact_i40_k2_a1b1__improved,integrated_paper_like_exact,paper_like_exact,11,generated_cut_012,"{""line_01_02"":0,""line_02_03"":0,""line_02_19"":0,""line_03_04"":0,""line_03_23"":0,""line_04_05"":0,""line_05_06"":0,""line_06_07"":1,""line_06_26"":0,""line_07_08"":0,""line_08_09"":0,""line_09_10"":0,""line_10_11"":0,""line_11_12"":0,""line_12_13"":0,""line_13_14"":0,""line_14_15"":0,""line_15_16"":0,""line_16_17"":0,""line_17_18"":0,""line_19_20"":0,""line_20_21"":1,""line_21_22"":0,""line_23_24"":0,""line_24_25"":0,""line_26_27"":0,""line_27_28"":0,""line_28_29"":0,""line_29_30"":0,""line_30_31"":0,""line_31_32"":0,""line_32_33"":0}","[""line_06_07"",""line_20_21""]",False,0ffb497d18c7a3bb,False,4363.919999999693,-14.50713830254972,True,False,0,14,14,2,True,added
integrated_paper_like_exact_i40_k2_a1b1,improved,integrated_paper_like_exact_i40_k2_a1b1__improved,integrated_paper_like_exact,paper_like_exact,12,generated_cut_013,"{""line_01_02"":0,""line_02_03"":0,""line_02_19"":0,""line_03_04"":0,""line_03_23"":1,""line_04_05"":0,""line_05_06"":0,""line_06_07"":0,""line_06_26"":0,""line_07_08"":0,""line_08_09"":0,""line_09_10"":0,""line_10_11"":0,""line_11_12"":0,""line_12_13"":0,""line_13_14"":0,""line_14_15"":0,""line_15_16"":0,""line_16_17"":0,""line_17_18"":0,""line_19_20"":0,""line_20_21"":0,""line_21_22"":0,""line_23_24"":0,""line_24_25"":0,""line_26_27"":0,""line_27_28"":0,""line_28_29"":0,""line_29_30"":0,""line_30_31"":0,""line_31_32"":0,""line_32_33"":1}","[""line_03_23"",""line_32_33""]",False,c7eec453b3f6f3e9,False,2181.840000000084,79.97448941506445,True,False,0,4,4,2,True,added
integrated_paper_like_exact_i40_k2_a1b1,improved,integrated_paper_like_exact_i40_k2_a1b1__improved,integrated_paper_like_exact,paper_like_exact,13,generated_cut_014,"{""line_01_02"":0,""line_02_03"":0,""line_02_19"":0,""line_03_04"":0,""line_03_23"":0,""line_04_05"":0,""line_05_06"":0,""line_06_07"":1,""line_06_26"":0,""line_07_08"":0,""line_08_09"":0,""line_09_10"":0,""line_10_11"":0,""line_11_12"":0,""line_12_13"":0,""line_13_14"":0,""line_14_15"":0,""line_15_16"":0,""line_16_17"":0,""line_17_18"":0,""line_19_20"":0,""line_20_21"":0,""line_21_22"":0,""line_23_24"":0,""line_24_25"":0,""line_26_27"":0,""line_27_28"":0,""line_28_29"":0,""line_29_30"":0,""line_30_31"":1,""line_31_32"":0,""line_32_33"":0}","[""line_06_07"",""line_30_31""]",False,ee073e18eaabbda3,False,1218.9199999998673,-22.212158732116222,True,False,0,15,15,2,True,added
integrated_paper_like_exact_i40_k2_a1b1,improved,integrated_paper_like_exact_i40_k2_a1b1__improved,integrated_paper_like_exact,paper_like_exact,14,generated_cut_015,"{""line_01_02"":0,""line_02_03"":0,""line_02_19"":0,""line_03_04"":0,""line_03_23"":0,""line_04_05"":0,""line_05_06"":0,""line_06_07"":0,""line_06_26"":0,""line_07_08"":0,""line_08_09"":0,""line_09_10"":1,""line_10_11"":0,""line_11_12"":0,""line_12_13"":1,""line_13_14"":0,""line_14_15"":0,""line_15_16"":0,""line_16_17"":0,""line_17_18"":0,""line_19_20"":0,""line_20_21"":0,""line_21_22"":0,""line_23_24"":0,""line_24_25"":0,""line_26_27"":0,""line_27_28"":0,""line_28_29"":0,""line_29_30"":0,""line_30_31"":0,""line_31_32"":0,""line_32_33"":0}","[""line_09_10"",""line_12_13""]",False,16d636eb63220abb,False,6352.5099999983795,5.766454614698887,True,False,0,9,9,2,True,added
integrated_paper_like_exact_i40_k2_a1b1,improved,integrated_paper_like_exact_i40_k2_a1b1__improved,integrated_paper_like_exact,paper_like_exact,15,generated_cut_016,"{""line_01_02"":0,""line_02_03"":0,""line_02_19"":0,""line_03_04"":0,""line_03_23"":0,""line_04_05"":0,""line_05_06"":0,""line_06_07"":0,""line_06_26"":0,""line_07_08"":0,""line_08_09"":0,""line_09_10"":0,""line_10_11"":0,""line_11_12"":0,""line_12_13"":0,""line_13_14"":0,""line_14_15"":0,""line_15_16"":0,""line_16_17"":0,""line_17_18"":0,""line_19_20"":0,""line_20_21"":0,""line_21_22"":0,""line_23_24"":0,""line_24_25"":0,""line_26_27"":0,""line_27_28"":0,""line_28_29"":0,""line_29_30"":0,""line_30_31"":1,""line_31_32"":0,""line_32_33"":0}","[""line_30_31""]",False,1495a610d276c625,False,709.9000000000233,9.813991539180279,True,False,0,3,3,1,True,added
integrated_paper_like_exact_i40_k2_a1b1,improved,integrated_paper_like_exact_i40_k2_a1b1__improved,integrated_paper_like_exact,paper_like_exact,16,generated_cut_017,"{""line_01_02"":0,""line_02_03"":0,""line_02_19"":0,""line_03_04"":0,""line_03_23"":0,""line_04_05"":0,""line_05_06"":0,""line_06_07"":0,""line_06_26"":0,""line_07_08"":1,""line_08_09"":0,""line_09_10"":0,""line_10_11"":0,""line_11_12"":0,""line_12_13"":0,""line_13_14"":0,""line_14_15"":0,""line_15_16"":0,""line_16_17"":0,""line_17_18"":0,""line_19_20"":0,""line_20_21"":0,""line_21_22"":1,""line_23_24"":0,""line_24_25"":0,""line_26_27"":0,""line_27_28"":0,""line_28_29"":0,""line_29_30"":0,""line_30_31"":0,""line_31_32"":0,""line_32_33"":0}","[""line_07_08"",""line_21_22""]",False,1923260aa9f2b0d4,False,2255.3499999998603,36.60906992666423,True,False,0,12,12,2,True,added
integrated_paper_like_exact_i40_k2_a1b1,improved,integrated_paper_like_exact_i40_k2_a1b1__improved,integrated_paper_like_exact,paper_like_exact,17,generated_cut_018,"{""line_01_02"":0,""line_02_03"":0,""line_02_19"":0,""line_03_04"":0,""line_03_23"":0,""line_04_05"":0,""line_05_06"":0,""line_06_07"":1,""line_06_26"":0,""line_07_08"":0,""line_08_09"":0,""line_09_10"":0,""line_10_11"":0,""line_11_12"":0,""line_12_13"":0,""line_13_14"":0,""line_14_15"":0,""line_15_16"":0,""line_16_17"":0,""line_17_18"":0,""line_19_20"":0,""line_20_21"":0,""line_21_22"":0,""line_23_24"":0,""line_24_25"":0,""line_26_27"":0,""line_27_28"":0,""line_28_29"":1,""line_29_30"":0,""line_30_31"":0,""line_31_32"":0,""line_32_33"":0}","[""line_06_07"",""line_28_29""]",False,5ce5d1ebbccacb69,False,466.26000000015483,10.019624873995781,True,False,0,17,17,2,True,added
integrated_paper_like_exact_i40_k2_a1b1,improved,integrated_paper_like_exact_i40_k2_a1b1__improved,integrated_paper_like_exact,paper_like_exact,18,generated_cut_019,"{""line_01_02"":0,""line_02_03"":0,""line_02_19"":0,""line_03_04"":0,""line_03_23"":1,""line_04_05"":0,""line_05_06"":0,""line_06_07"":0,""line_06_26"":0,""line_07_08"":0,""line_08_09"":0,""line_09_10"":0,""line_10_11"":0,""line_11_12"":0,""line_12_13"":0,""line_13_14"":0,""line_14_15"":0,""line_15_16"":0,""line_16_17"":0,""line_17_18"":0,""line_19_20"":0,""line_20_21"":0,""line_21_22"":1,""line_23_24"":0,""line_24_25"":0,""line_26_27"":0,""line_27_28"":0,""line_28_29"":0,""line_29_30"":0,""line_30_31"":0,""line_31_32"":0,""line_32_33"":0}","[""line_03_23"",""line_21_22""]",True,a04be5b9ba7d3930,False,571.0499999999884,33.97634559497237,True,False,0,4,4,2,True,added
integrated_paper_like_exact_i40_k2_a1b1,improved,integrated_paper_like_exact_i40_k2_a1b1__improved,integrated_paper_like_exact,paper_like_exact,19,generated_cut_020,"{""line_01_02"":0,""line_02_03"":0,""line_02_19"":0,""line_03_04"":0,""line_03_23"":0,""line_04_05"":0,""line_05_06"":0,""line_06_07"":0,""line_06_26"":0,""line_07_08"":0,""line_08_09"":0,""line_09_10"":0,""line_10_11"":1,""line_11_12"":1,""line_12_13"":0,""line_13_14"":0,""line_14_15"":0,""line_15_16"":0,""line_16_17"":0,""line_17_18"":0,""line_19_20"":0,""line_20_21"":0,""line_21_22"":0,""line_23_24"":0,""line_24_25"":0,""line_26_27"":0,""line_27_28"":0,""line_28_29"":0,""line_29_30"":0,""line_30_31"":0,""line_31_32"":0,""line_32_33"":0}","[""line_10_11"",""line_11_12""]",False,b724ec4608015528,False,4465.629999998491,-33.69584569334984,True,False,0,8,8,2,True,added
integrated_paper_like_exact_i40_k2_a1b1,improved,integrated_paper_like_exact_i40_k2_a1b1__improved,integrated_paper_like_exact,paper_like_exact,20,generated_cut_021,"{""line_01_02"":0,""line_02_03"":0,""line_02_19"":0,""line_03_04"":0,""line_03_23"":1,""line_04_05"":0,""line_05_06"":0,""line_06_07"":0,""line_06_26"":0,""line_07_08"":0,""line_08_09"":0,""line_09_10"":0,""line_10_11"":0,""line_11_12"":0,""line_12_13"":0,""line_13_14"":0,""line_14_15"":0,""line_15_16"":0,""line_16_17"":0,""line_17_18"":0,""line_19_20"":0,""line_20_21"":0,""line_21_22"":0,""line_23_24"":0,""line_24_25"":0,""line_26_27"":0,""line_27_28"":0,""line_28_29"":0,""line_29_30"":0,""line_30_31"":0,""line_31_32"":0,""line_32_33"":1}","[""line_03_23"",""line_32_33""]",True,dcf44429315f50b1,False,535.999999999709,-31.227611478418112,True,False,0,4,4,2,True,added
integrated_paper_like_exact_i40_k2_a1b1,improved,integrated_paper_like_exact_i40_k2_a1b1__improved,integrated_paper_like_exact,paper_like_exact,21,generated_cut_022,"{""line_01_02"":0,""line_02_03"":0,""line_02_19"":0,""line_03_04"":0,""line_03_23"":0,""line_04_05"":0,""line_05_06"":0,""line_06_07"":1,""line_06_26"":0,""line_07_08"":0,""line_08_09"":0,""line_09_10"":0,""line_10_11"":0,""line_11_12"":0,""line_12_13"":0,""line_13_14"":0,""line_14_15"":0,""line_15_16"":0,""line_16_17"":0,""line_17_18"":0,""line_19_20"":0,""line_20_21"":0,""line_21_22"":0,""line_23_24"":0,""line_24_25"":0,""line_26_27"":0,""line_27_28"":0,""line_28_29"":0,""line_29_30"":0,""line_30_31"":0,""line_31_32"":0,""line_32_33"":0}","[""line_06_07""]",False,0fcce004bb4af874,False,102.37000000015541,37.41902743279934,True,False,0,12,12,1,True,added
disaster_only_paper_like_exact_i5_k1_a1b1,baseline,disaster_only_paper_like_exact_i5_k1_a1b1__baseline,disaster_only_paper_like_exact,paper_like_exact,0,generated_cut_001,"{""line_01_02"":1,""line_02_03"":0,""line_02_19"":0,""line_03_04"":0,""line_03_23"":0,""line_04_05"":0,""line_05_06"":0,""line_06_07"":0,""line_06_26"":0,""line_07_08"":0,""line_08_09"":0,""line_09_10"":0,""line_10_11"":0,""line_11_12"":0,""line_12_13"":0,""line_13_14"":0,""line_14_15"":0,""line_15_16"":0,""line_16_17"":0,""line_17_18"":0,""line_19_20"":0,""line_20_21"":0,""line_21_22"":0,""line_23_24"":0,""line_24_25"":0,""line_26_27"":0,""line_27_28"":0,""line_28_29"":0,""line_29_30"":0,""line_30_31"":0,""line_31_32"":0,""line_32_33"":0}","[""line_01_02""]",False,04284b1dfaca16a8,False,151547.58000000287,23625.851866569337,False,True,0,32,32,1,True,added
disaster_only_paper_like_exact_i5_k1_a1b1,baseline,disaster_only_paper_like_exact_i5_k1_a1b1__baseline,disaster_only_paper_like_exact,paper_like_exact,1,generated_cut_002,"{""line_01_02"":0,""line_02_03"":1,""line_02_19"":0,""line_03_04"":0,""line_03_23"":0,""line_04_05"":0,""line_05_06"":0,""line_06_07"":0,""line_06_26"":0,""line_07_08"":0,""line_08_09"":0,""line_09_10"":0,""line_10_11"":0,""line_11_12"":0,""line_12_13"":0,""line_13_14"":0,""line_14_15"":0,""line_15_16"":0,""line_16_17"":0,""line_17_18"":0,""line_19_20"":0,""line_20_21"":0,""line_21_22"":0,""line_23_24"":0,""line_24_25"":0,""line_26_27"":0,""line_27_28"":0,""line_28_29"":0,""line_29_30"":0,""line_30_31"":0,""line_31_32"":0,""line_32_33"":0}","[""line_02_03""]",False,240ff0161476698e,False,129365.41000000201,2067.6952655529167,True,False,0,27,27,1,True,added
disaster_only_paper_like_exact_i5_k1_a1b1,baseline,disaster_only_paper_like_exact_i5_k1_a1b1__baseline,disaster_only_paper_like_exact,paper_like_exact,2,generated_cut_003,"{""line_01_02"":0,""line_02_03"":0,""line_02_19"":0,""line_03_04"":0,""line_03_23"":0,""line_04_05"":0,""line_05_06"":0,""line_06_07"":1,""line_06_26"":0,""line_07_08"":0,""line_08_09"":0,""line_09_10"":0,""line_10_11"":0,""line_11_12"":0,""line_12_13"":0,""line_13_14"":0,""line_14_15"":0,""line_15_16"":0,""line_16_17"":0,""line_17_18"":0,""line_19_20"":0,""line_20_21"":0,""line_21_22"":0,""line_23_24"":0,""line_24_25"":0,""line_26_27"":0,""line_27_28"":0,""line_28_29"":0,""line_29_30"":0,""line_30_31"":0,""line_31_32"":0,""line_32_33"":0}","[""line_06_07""]",False,4525023f49fa1ccd,False,50455.2200000009,0.0,True,False,0,12,12,1,True,added
disaster_only_paper_like_exact_i5_k1_a1b1,baseline,disaster_only_paper_like_exact_i5_k1_a1b1__baseline,disaster_only_paper_like_exact,paper_like_exact,3,generated_cut_004,"{""line_01_02"":0,""line_02_03"":0,""line_02_19"":0,""line_03_04"":0,""line_03_23"":0,""line_04_05"":0,""line_05_06"":0,""line_06_07"":0,""line_06_26"":1,""line_07_08"":0,""line_08_09"":0,""line_09_10"":0,""line_10_11"":0,""line_11_12"":0,""line_12_13"":0,""line_13_14"":0,""line_14_15"":0,""line_15_16"":0,""line_16_17"":0,""line_17_18"":0,""line_19_20"":0,""line_20_21"":0,""line_21_22"":0,""line_23_24"":0,""line_24_25"":0,""line_26_27"":0,""line_27_28"":0,""line_28_29"":0,""line_29_30"":0,""line_30_31"":0,""line_31_32"":0,""line_32_33"":0}","[""line_06_26""]",False,b4337d3cdfd5f526,False,45091.53000000003,3393.5267107963555,True,False,0,8,8,1,True,added
disaster_only_paper_like_exact_i5_k1_a1b1,improved,disaster_only_paper_like_exact_i5_k1_a1b1__improved,disaster_only_paper_like_exact,paper_like_exact,0,generated_cut_001,"{""line_01_02"":1,""line_02_03"":0,""line_02_19"":0,""line_03_04"":0,""line_03_23"":0,""line_04_05"":0,""line_05_06"":0,""line_06_07"":0,""line_06_26"":0,""line_07_08"":0,""line_08_09"":0,""line_09_10"":0,""line_10_11"":0,""line_11_12"":0,""line_12_13"":0,""line_13_14"":0,""line_14_15"":0,""line_15_16"":0,""line_16_17"":0,""line_17_18"":0,""line_19_20"":0,""line_20_21"":0,""line_21_22"":0,""line_23_24"":0,""line_24_25"":0,""line_26_27"":0,""line_27_28"":0,""line_28_29"":0,""line_29_30"":0,""line_30_31"":0,""line_31_32"":0,""line_32_33"":0}","[""line_01_02""]",False,04284b1dfaca16a8,False,151547.58000000287,23625.851866569337,False,True,0,32,32,1,True,added
disaster_only_paper_like_exact_i5_k1_a1b1,improved,disaster_only_paper_like_exact_i5_k1_a1b1__improved,disaster_only_paper_like_exact,paper_like_exact,1,generated_cut_002,"{""line_01_02"":0,""line_02_03"":1,""line_02_19"":0,""line_03_04"":0,""line_03_23"":0,""line_04_05"":0,""line_05_06"":0,""line_06_07"":0,""line_06_26"":0,""line_07_08"":0,""line_08_09"":0,""line_09_10"":0,""line_10_11"":0,""line_11_12"":0,""line_12_13"":0,""line_13_14"":0,""line_14_15"":0,""line_15_16"":0,""line_16_17"":0,""line_17_18"":0,""line_19_20"":0,""line_20_21"":0,""line_21_22"":0,""line_23_24"":0,""line_24_25"":0,""line_26_27"":0,""line_27_28"":0,""line_28_29"":0,""line_29_30"":0,""line_30_31"":0,""line_31_32"":0,""line_32_33"":0}","[""line_02_03""]",False,240ff0161476698e,False,129365.41000000201,2067.6952655529167,True,False,0,27,27,1,True,added
disaster_only_paper_like_exact_i5_k1_a1b1,improved,disaster_only_paper_like_exact_i5_k1_a1b1__improved,disaster_only_paper_like_exact,paper_like_exact,2,generated_cut_003,"{""line_01_02"":0,""line_02_03"":0,""line_02_19"":0,""line_03_04"":0,""line_03_23"":0,""line_04_05"":0,""line_05_06"":0,""line_06_07"":1,""line_06_26"":0,""line_07_08"":0,""line_08_09"":0,""line_09_10"":0,""line_10_11"":0,""line_11_12"":0,""line_12_13"":0,""line_13_14"":0,""line_14_15"":0,""line_15_16"":0,""line_16_17"":0,""line_17_18"":0,""line_19_20"":0,""line_20_21"":0,""line_21_22"":0,""line_23_24"":0,""line_24_25"":0,""line_26_27"":0,""line_27_28"":0,""line_28_29"":0,""line_29_30"":0,""line_30_31"":0,""line_31_32"":0,""line_32_33"":0}","[""line_06_07""]",False,4525023f49fa1ccd,False,50455.2200000009,0.0,True,False,0,12,12,1,True,added
disaster_only_paper_like_exact_i5_k1_a1b1,improved,disaster_only_paper_like_exact_i5_k1_a1b1__improved,disaster_only_paper_like_exact,paper_like_exact,3,generated_cut_004,"{""line_01_02"":0,""line_02_03"":0,""line_02_19"":0,""line_03_04"":0,""line_03_23"":0,""line_04_05"":0,""line_05_06"":0,""line_06_07"":0,""line_06_26"":1,""line_07_08"":0,""line_08_09"":0,""line_09_10"":0,""line_10_11"":0,""line_11_12"":0,""line_12_13"":0,""line_13_14"":0,""line_14_15"":0,""line_15_16"":0,""line_16_17"":0,""line_17_18"":0,""line_19_20"":0,""line_20_21"":0,""line_21_22"":0,""line_23_24"":0,""line_24_25"":0,""line_26_27"":0,""line_27_28"":0,""line_28_29"":0,""line_29_30"":0,""line_30_31"":0,""line_31_32"":0,""line_32_33"":0}","[""line_06_26""]",False,b4337d3cdfd5f526,False,45091.53000000003,3393.5267107963555,True,False,0,8,8,1,True,added
disaster_only_paper_like_exact_i20_k1_a1b1,baseline,disaster_only_paper_like_exact_i20_k1_a1b1__baseline,disaster_only_paper_like_exact,paper_like_exact,0,generated_cut_001,"{""line_01_02"":1,""line_02_03"":0,""line_02_19"":0,""line_03_04"":0,""line_03_23"":0,""line_04_05"":0,""line_05_06"":0,""line_06_07"":0,""line_06_26"":0,""line_07_08"":0,""line_08_09"":0,""line_09_10"":0,""line_10_11"":0,""line_11_12"":0,""line_12_13"":0,""line_13_14"":0,""line_14_15"":0,""line_15_16"":0,""line_16_17"":0,""line_17_18"":0,""line_19_20"":0,""line_20_21"":0,""line_21_22"":0,""line_23_24"":0,""line_24_25"":0,""line_26_27"":0,""line_27_28"":0,""line_28_29"":0,""line_29_30"":0,""line_30_31"":0,""line_31_32"":0,""line_32_33"":0}","[""line_01_02""]",False,04284b1dfaca16a8,False,151547.58000000287,23625.851866569337,False,True,0,32,32,1,True,added
disaster_only_paper_like_exact_i20_k1_a1b1,baseline,disaster_only_paper_like_exact_i20_k1_a1b1__baseline,disaster_only_paper_like_exact,paper_like_exact,1,generated_cut_002,"{""line_01_02"":0,""line_02_03"":1,""line_02_19"":0,""line_03_04"":0,""line_03_23"":0,""line_04_05"":0,""line_05_06"":0,""line_06_07"":0,""line_06_26"":0,""line_07_08"":0,""line_08_09"":0,""line_09_10"":0,""line_10_11"":0,""line_11_12"":0,""line_12_13"":0,""line_13_14"":0,""line_14_15"":0,""line_15_16"":0,""line_16_17"":0,""line_17_18"":0,""line_19_20"":0,""line_20_21"":0,""line_21_22"":0,""line_23_24"":0,""line_24_25"":0,""line_26_27"":0,""line_27_28"":0,""line_28_29"":0,""line_29_30"":0,""line_30_31"":0,""line_31_32"":0,""line_32_33"":0}","[""line_02_03""]",False,240ff0161476698e,False,129365.41000000201,2067.6952655529167,True,False,0,27,27,1,True,added
disaster_only_paper_like_exact_i20_k1_a1b1,baseline,disaster_only_paper_like_exact_i20_k1_a1b1__baseline,disaster_only_paper_like_exact,paper_like_exact,2,generated_cut_003,"{""line_01_02"":0,""line_02_03"":0,""line_02_19"":0,""line_03_04"":0,""line_03_23"":0,""line_04_05"":0,""line_05_06"":0,""line_06_07"":1,""line_06_26"":0,""line_07_08"":0,""line_08_09"":0,""line_09_10"":0,""line_10_11"":0,""line_11_12"":0,""line_12_13"":0,""line_13_14"":0,""line_14_15"":0,""line_15_16"":0,""line_16_17"":0,""line_17_18"":0,""line_19_20"":0,""line_20_21"":0,""line_21_22"":0,""line_23_24"":0,""line_24_25"":0,""line_26_27"":0,""line_27_28"":0,""line_28_29"":0,""line_29_30"":0,""line_30_31"":0,""line_31_32"":0,""line_32_33"":0}","[""line_06_07""]",False,4525023f49fa1ccd,False,50455.2200000009,0.0,True,False,0,12,12,1,True,added
disaster_only_paper_like_exact_i20_k1_a1b1,baseline,disaster_only_paper_like_exact_i20_k1_a1b1__baseline,disaster_only_paper_like_exact,paper_like_exact,3,generated_cut_004,"{""line_01_02"":0,""line_02_03"":0,""line_02_19"":0,""line_03_04"":0,""line_03_23"":0,""line_04_05"":0,""line_05_06"":0,""line_06_07"":0,""line_06_26"":1,""line_07_08"":0,""line_08_09"":0,""line_09_10"":0,""line_10_11"":0,""line_11_12"":0,""line_12_13"":0,""line_13_14"":0,""line_14_15"":0,""line_15_16"":0,""line_16_17"":0,""line_17_18"":0,""line_19_20"":0,""line_20_21"":0,""line_21_22"":0,""line_23_24"":0,""line_24_25"":0,""line_26_27"":0,""line_27_28"":0,""line_28_29"":0,""line_29_30"":0,""line_30_31"":0,""line_31_32"":0,""line_32_33"":0}","[""line_06_26""]",False,b4337d3cdfd5f526,False,45091.53000000003,3393.5267107963555,True,False,0,8,8,1,True,added
disaster_only_paper_like_exact_i20_k1_a1b1,baseline,disaster_only_paper_like_exact_i20_k1_a1b1__baseline,disaster_only_paper_like_exact,paper_like_exact,4,generated_cut_005,"{""line_01_02"":0,""line_02_03"":0,""line_02_19"":0,""line_03_04"":0,""line_03_23"":0,""line_04_05"":0,""line_05_06"":0,""line_06_07"":0,""line_06_26"":0,""line_07_08"":1,""line_08_09"":0,""line_09_10"":0,""line_10_11"":0,""line_11_12"":0,""line_12_13"":0,""line_13_14"":0,""line_14_15"":0,""line_15_16"":0,""line_16_17"":0,""line_17_18"":0,""line_19_20"":0,""line_20_21"":0,""line_21_22"":0,""line_23_24"":0,""line_24_25"":0,""line_26_27"":0,""line_27_28"":0,""line_28_29"":0,""line_29_30"":0,""line_30_31"":0,""line_31_32"":0,""line_32_33"":0}","[""line_07_08""]",False,c8307d544130bb7a,False,46818.81000000122,757.2448005663646,True,False,0,11,11,1,True,added
disaster_only_paper_like_exact_i20_k1_a1b1,baseline,disaster_only_paper_like_exact_i20_k1_a1b1__baseline,disaster_only_paper_like_exact,paper_like_exact,5,generated_cut_006,"{""line_01_02"":1,""line_02_03"":0,""line_02_19"":0,""line_03_04"":0,""line_03_23"":0,""line_04_05"":0,""line_05_06"":0,""line_06_07"":0,""line_06_26"":0,""line_07_08"":0,""line_08_09"":0,""line_09_10"":0,""line_10_11"":0,""line_11_12"":0,""line_12_13"":0,""line_13_14"":0,""line_14_15"":0,""line_15_16"":0,""line_16_17"":0,""line_17_18"":0,""line_19_20"":0,""line_20_21"":0,""line_21_22"":0,""line_23_24"":0,""line_24_25"":0,""line_26_27"":0,""line_27_28"":0,""line_28_29"":0,""line_29_30"":0,""line_30_31"":0,""line_31_32"":0,""line_32_33"":0}","[""line_01_02""]",True,ebaf218ae461f9ee,False,35998.7999999969,3464.9374164232177,True,False,0,32,32,1,True,added
disaster_only_paper_like_exact_i20_k1_a1b1,baseline,disaster_only_paper_like_exact_i20_k1_a1b1__baseline,disaster_only_paper_like_exact,paper_like_exact,6,generated_cut_007,"{""line_01_02"":0,""line_02_03"":0,""line_02_19"":0,""line_03_04"":0,""line_03_23"":0,""line_04_05"":0,""line_05_06"":0,""line_06_07"":0,""line_06_26"":0,""line_07_08"":0,""line_08_09"":0,""line_09_10"":0,""line_10_11"":0,""line_11_12"":0,""line_12_13"":0,""line_13_14"":0,""line_14_15"":0,""line_15_16"":0,""line_16_17"":0,""line_17_18"":0,""line_19_20"":0,""line_20_21"":0,""line_21_22"":0,""line_23_24"":0,""line_24_25"":0,""line_26_27"":0,""line_27_28"":0,""line_28_29"":1,""line_29_30"":0,""line_30_31"":0,""line_31_32"":0,""line_32_33"":0}","[""line_28_29""]",False,15cf99d24d6e579a,False,37455.08999999985,0.0,True,False,0,5,5,1,True,added
disaster_only_paper_like_exact_i20_k1_a1b1,baseline,disaster_only_paper_like_exact_i20_k1_a1b1__baseline,disaster_only_paper_like_exact,paper_like_exact,7,generated_cut_008,"{""line_01_02"":0,""line_02_03"":1,""line_02_19"":0,""line_03_04"":0,""line_03_23"":0,""line_04_05"":0,""line_05_06"":0,""line_06_07"":0,""line_06_26"":0,""line_07_08"":0,""line_08_09"":0,""line_09_10"":0,""line_10_11"":0,""line_11_12"":0,""line_12_13"":0,""line_13_14"":0,""line_14_15"":0,""line_15_16"":0,""line_16_17"":0,""line_17_18"":0,""line_19_20"":0,""line_20_21"":0,""line_21_22"":0,""line_23_24"":0,""line_24_25"":0,""line_26_27"":0,""line_27_28"":0,""line_28_29"":0,""line_29_30"":0,""line_30_31"":0,""line_31_32"":0,""line_32_33"":0}","[""line_02_03""]",True,551ecc45efa6e199,False,33182.60999999975,4296.733672037677,True,False,0,27,27,1,True,added
disaster_only_paper_like_exact_i20_k1_a1b1,baseline,disaster_only_paper_like_exact_i20_k1_a1b1__baseline,disaster_only_paper_like_exact,paper_like_exact,8,generated_cut_009,"{""line_01_02"":0,""line_02_03"":0,""line_02_19"":0,""line_03_04"":0,""line_03_23"":1,""line_04_05"":0,""line_05_06"":0,""line_06_07"":0,""line_06_26"":0,""line_07_08"":0,""line_08_09"":0,""line_09_10"":0,""line_10_11"":0,""line_11_12"":0,""line_12_13"":0,""line_13_14"":0,""line_14_15"":0,""line_15_16"":0,""line_16_17"":0,""line_17_18"":0,""line_19_20"":0,""line_20_21"":0,""line_21_22"":0,""line_23_24"":0,""line_24_25"":0,""line_26_27"":0,""line_27_28"":0,""line_28_29"":0,""line_29_30"":0,""line_30_31"":0,""line_31_32"":0,""line_32_33"":0}","[""line_03_23""]",False,984ea974fcfebcad,False,23454.890000000363,1331.9528675494876,True,False,0,3,3,1,True,added
disaster_only_paper_like_exact_i20_k1_a1b1,baseline,disaster_only_paper_like_exact_i20_k1_a1b1__baseline,disaster_only_paper_like_exact,paper_like_exact,9,generated_cut_010,"{""line_01_02"":0,""line_02_03"":0,""line_02_19"":0,""line_03_04"":0,""line_03_23"":0,""line_04_05"":0,""line_05_06"":0,""line_06_07"":0,""line_06_26"":0,""line_07_08"":0,""line_08_09"":0,""line_09_10"":1,""line_10_11"":0,""line_11_12"":0,""line_12_13"":0,""line_13_14"":0,""line_14_15"":0,""line_15_16"":0,""line_16_17"":0,""line_17_18"":0,""line_19_20"":0,""line_20_21"":0,""line_21_22"":0,""line_23_24"":0,""line_24_25"":0,""line_26_27"":0,""line_27_28"":0,""line_28_29"":0,""line_29_30"":0,""line_30_31"":0,""line_31_32"":0,""line_32_33"":0}","[""line_09_10""]",False,bdbcda2d74eb2471,False,27545.840000001015,0.0,True,False,0,9,9,1,True,added
disaster_only_paper_like_exact_i20_k1_a1b1,baseline,disaster_only_paper_like_exact_i20_k1_a1b1__baseline,disaster_only_paper_like_exact,paper_like_exact,10,generated_cut_011,"{""line_01_02"":0,""line_02_03"":0,""line_02_19"":0,""line_03_04"":1,""line_03_23"":0,""line_04_05"":0,""line_05_06"":0,""line_06_07"":0,""line_06_26"":0,""line_07_08"":0,""line_08_09"":0,""line_09_10"":0,""line_10_11"":0,""line_11_12"":0,""line_12_13"":0,""line_13_14"":0,""line_14_15"":0,""line_15_16"":0,""line_16_17"":0,""line_17_18"":0,""line_19_20"":0,""line_20_21"":0,""line_21_22"":0,""line_23_24"":0,""line_24_25"":0,""line_26_27"":0,""line_27_28"":0,""line_28_29"":0,""line_29_30"":0,""line_30_31"":0,""line_31_32"":0,""line_32_33"":0}","[""line_03_04""]",False,94ca887e0db66816,False,20636.889999999665,2343.3604648463806,True,False,0,23,23,1,True,added
disaster_only_paper_like_exact_i20_k1_a1b1,baseline,disaster_only_paper_like_exact_i20_k1_a1b1__baseline,disaster_only_paper_like_exact,paper_like_exact,11,generated_cut_012,"{""line_01_02"":0,""line_02_03"":0,""line_02_19"":0,""line_03_04"":0,""line_03_23"":0,""line_04_05"":1,""line_05_06"":0,""line_06_07"":0,""line_06_26"":0,""line_07_08"":0,""line_08_09"":0,""line_09_10"":0,""line_10_11"":0,""line_11_12"":0,""line_12_13"":0,""line_13_14"":0,""line_14_15"":0,""line_15_16"":0,""line_16_17"":0,""line_17_18"":0,""line_19_20"":0,""line_20_21"":0,""line_21_22"":0,""line_23_24"":0,""line_24_25"":0,""line_26_27"":0,""line_27_28"":0,""line_28_29"":0,""line_29_30"":0,""line_30_31"":0,""line_31_32"":0,""line_32_33"":0}","[""line_04_05""]",False,15972c514792944a,False,16455.02999999968,904.2072143816622,True,False,0,22,22,1,True,added
disaster_only_paper_like_exact_i20_k1_a1b1,baseline,disaster_only_paper_like_exact_i20_k1_a1b1__baseline,disaster_only_paper_like_exact,paper_like_exact,12,generated_cut_013,"{""line_01_02"":0,""line_02_03"":0,""line_02_19"":0,""line_03_04"":0,""line_03_23"":0,""line_04_05"":0,""line_05_06"":0,""line_06_07"":0,""line_06_26"":0,""line_07_08"":0,""line_08_09"":0,""line_09_10"":0,""line_10_11"":1,""line_11_12"":0,""line_12_13"":0,""line_13_14"":0,""line_14_15"":0,""line_15_16"":0,""line_16_17"":0,""line_17_18"":0,""line_19_20"":0,""line_20_21"":0,""line_21_22"":0,""line_23_24"":0,""line_24_25"":0,""line_26_27"":0,""line_27_28"":0,""line_28_29"":0,""line_29_30"":0,""line_30_31"":0,""line_31_32"":0,""line_32_33"":0}","[""line_10_11""]",False,7ada0917b2c03710,False,26454.920000000857,0.0,True,False,0,8,8,1,True,added
disaster_only_paper_like_exact_i20_k1_a1b1,baseline,disaster_only_paper_like_exact_i20_k1_a1b1__baseline,disaster_only_paper_like_exact,paper_like_exact,13,generated_cut_014,"{""line_01_02"":0,""line_02_03"":0,""line_02_19"":0,""line_03_04"":0,""line_03_23"":0,""line_04_05"":0,""line_05_06"":0,""line_06_07"":0,""line_06_26"":0,""line_07_08"":0,""line_08_09"":0,""line_09_10"":0,""line_10_11"":0,""line_11_12"":0,""line_12_13"":0,""line_13_14"":0,""line_14_15"":0,""line_15_16"":0,""line_16_17"":0,""line_17_18"":0,""line_19_20"":0,""line_20_21"":0,""line_21_22"":0,""line_23_24"":0,""line_24_25"":0,""line_26_27"":0,""line_27_28"":0,""line_28_29"":0,""line_29_30"":1,""line_30_31"":0,""line_31_32"":0,""line_32_33"":0}","[""line_29_30""]",False,3f45b3f8d549b4c4,False,26545.789999999804,0.0,True,False,0,4,4,1,True,added
disaster_only_paper_like_exact_i20_k1_a1b1,baseline,disaster_only_paper_like_exact_i20_k1_a1b1__baseline,disaster_only_paper_like_exact,paper_like_exact,14,generated_cut_015,"{""line_01_02"":0,""line_02_03"":0,""line_02_19"":0,""line_03_04"":0,""line_03_23"":0,""line_04_05"":0,""line_05_06"":0,""line_06_07"":0,""line_06_26"":0,""line_07_08"":0,""line_08_09"":0,""line_09_10"":0,""line_10_11"":0,""line_11_12"":1,""line_12_13"":0,""line_13_14"":0,""line_14_15"":0,""line_15_16"":0,""line_16_17"":0,""line_17_18"":0,""line_19_20"":0,""line_20_21"":0,""line_21_22"":0,""line_23_24"":0,""line_24_25"":0,""line_26_27"":0,""line_27_28"":0,""line_28_29"":0,""line_29_30"":0,""line_30_31"":0,""line_31_32"":0,""line_32_33"":0}","[""line_11_12""]",False,0224b7811e2ce27f,False,22363.970000000903,0.0,True,False,0,7,7,1,True,added
disaster_only_paper_like_exact_i20_k1_a1b1,baseline,disaster_only_paper_like_exact_i20_k1_a1b1__baseline,disaster_only_paper_like_exact,paper_like_exact,15,generated_cut_016,"{""line_01_02"":0,""line_02_03"":0,""line_02_19"":0,""line_03_04"":0,""line_03_23"":0,""line_04_05"":0,""line_05_06"":0,""line_06_07"":0,""line_06_26"":0,""line_07_08"":0,""line_08_09"":0,""line_09_10"":0,""line_10_11"":0,""line_11_12"":0,""line_12_13"":0,""line_13_14"":0,""line_14_15"":0,""line_15_16"":0,""line_16_17"":0,""line_17_18"":0,""line_19_20"":0,""line_20_21"":0,""line_21_22"":0,""line_23_24"":0,""line_24_25"":0,""line_26_27"":0,""line_27_28"":0,""line_28_29"":0,""line_29_30"":0,""line_30_31"":1,""line_31_32"":0,""line_32_33"":0}","[""line_30_31""]",False,a2a1098e2224d268,False,22909.37999999989,0.0,True,False,0,3,3,1,True,added
disaster_only_paper_like_exact_i20_k1_a1b1,baseline,disaster_only_paper_like_exact_i20_k1_a1b1__baseline,disaster_only_paper_like_exact,paper_like_exact,16,generated_cut_017,"{""line_01_02"":0,""line_02_03"":0,""line_02_19"":0,""line_03_04"":0,""line_03_23"":0,""line_04_05"":0,""line_05_06"":1,""line_06_07"":0,""line_06_26"":0,""line_07_08"":0,""line_08_09"":0,""line_09_10"":0,""line_10_11"":0,""line_11_12"":0,""line_12_13"":0,""line_13_14"":0,""line_14_15"":0,""line_15_16"":0,""line_16_17"":0,""line_17_18"":0,""line_19_20"":0,""line_20_21"":0,""line_21_22"":0,""line_23_24"":0,""line_24_25"":0,""line_26_27"":0,""line_27_28"":0,""line_28_29"":0,""line_29_30"":0,""line_30_31"":0,""line_31_32"":0,""line_32_33"":0}","[""line_05_06""]",False,301606c98c84a95e,False,15364.109999999753,1837.2697577535582,True,False,0,21,21,1,True,added
disaster_only_paper_like_exact_i20_k1_a1b1,baseline,disaster_only_paper_like_exact_i20_k1_a1b1__baseline,disaster_only_paper_like_exact,paper_like_exact,17,generated_cut_018,"{""line_01_02"":0,""line_02_03"":0,""line_02_19"":0,""line_03_04"":0,""line_03_23"":0,""line_04_05"":0,""line_05_06"":0,""line_06_07"":0,""line_06_26"":0,""line_07_08"":0,""line_08_09"":0,""line_09_10"":0,""line_10_11"":0,""line_11_12"":0,""line_12_13"":0,""line_13_14"":0,""line_14_15"":0,""line_15_16"":0,""line_16_17"":0,""line_17_18"":0,""line_19_20"":0,""line_20_21"":0,""line_21_22"":0,""line_23_24"":1,""line_24_25"":0,""line_26_27"":0,""line_27_28"":0,""line_28_29"":0,""line_29_30"":0,""line_30_31"":0,""line_31_32"":0,""line_32_33"":0}","[""line_23_24""]",False,09bc68d07949994e,False,15272.939999999944,2289.158835494891,True,False,0,2,2,1,True,added
disaster_only_paper_like_exact_i20_k1_a1b1,baseline,disaster_only_paper_like_exact_i20_k1_a1b1__baseline,disaster_only_paper_like_exact,paper_like_exact,18,generated_cut_019,"{""line_01_02"":0,""line_02_03"":0,""line_02_19"":1,""line_03_04"":0,""line_03_23"":0,""line_04_05"":0,""line_05_06"":0,""line_06_07"":0,""line_06_26"":0,""line_07_08"":0,""line_08_09"":0,""line_09_10"":0,""line_10_11"":0,""line_11_12"":0,""line_12_13"":0,""line_13_14"":0,""line_14_15"":0,""line_15_16"":0,""line_16_17"":0,""line_17_18"":0,""line_19_20"":0,""line_20_21"":0,""line_21_22"":0,""line_23_24"":0,""line_24_25"":0,""line_26_27"":0,""line_27_28"":0,""line_28_29"":0,""line_29_30"":0,""line_30_31"":0,""line_31_32"":0,""line_32_33"":0}","[""line_02_19""]",False,e48c518ede8c006a,False,13091.12000000081,1984.1506489122112,True,False,0,4,4,1,True,added
disaster_only_paper_like_exact_i20_k1_a1b1,improved,disaster_only_paper_like_exact_i20_k1_a1b1__improved,disaster_only_paper_like_exact,paper_like_exact,0,generated_cut_001,"{""line_01_02"":1,""line_02_03"":0,""line_02_19"":0,""line_03_04"":0,""line_03_23"":0,""line_04_05"":0,""line_05_06"":0,""line_06_07"":0,""line_06_26"":0,""line_07_08"":0,""line_08_09"":0,""line_09_10"":0,""line_10_11"":0,""line_11_12"":0,""line_12_13"":0,""line_13_14"":0,""line_14_15"":0,""line_15_16"":0,""line_16_17"":0,""line_17_18"":0,""line_19_20"":0,""line_20_21"":0,""line_21_22"":0,""line_23_24"":0,""line_24_25"":0,""line_26_27"":0,""line_27_28"":0,""line_28_29"":0,""line_29_30"":0,""line_30_31"":0,""line_31_32"":0,""line_32_33"":0}","[""line_01_02""]",False,04284b1dfaca16a8,False,151547.58000000287,23625.851866569337,False,True,0,32,32,1,True,added
disaster_only_paper_like_exact_i20_k1_a1b1,improved,disaster_only_paper_like_exact_i20_k1_a1b1__improved,disaster_only_paper_like_exact,paper_like_exact,1,generated_cut_002,"{""line_01_02"":0,""line_02_03"":1,""line_02_19"":0,""line_03_04"":0,""line_03_23"":0,""line_04_05"":0,""line_05_06"":0,""line_06_07"":0,""line_06_26"":0,""line_07_08"":0,""line_08_09"":0,""line_09_10"":0,""line_10_11"":0,""line_11_12"":0,""line_12_13"":0,""line_13_14"":0,""line_14_15"":0,""line_15_16"":0,""line_16_17"":0,""line_17_18"":0,""line_19_20"":0,""line_20_21"":0,""line_21_22"":0,""line_23_24"":0,""line_24_25"":0,""line_26_27"":0,""line_27_28"":0,""line_28_29"":0,""line_29_30"":0,""line_30_31"":0,""line_31_32"":0,""line_32_33"":0}","[""line_02_03""]",False,240ff0161476698e,False,129365.41000000201,2067.6952655529167,True,False,0,27,27,1,True,added
disaster_only_paper_like_exact_i20_k1_a1b1,improved,disaster_only_paper_like_exact_i20_k1_a1b1__improved,disaster_only_paper_like_exact,paper_like_exact,2,generated_cut_003,"{""line_01_02"":0,""line_02_03"":0,""line_02_19"":0,""line_03_04"":0,""line_03_23"":0,""line_04_05"":0,""line_05_06"":0,""line_06_07"":1,""line_06_26"":0,""line_07_08"":0,""line_08_09"":0,""line_09_10"":0,""line_10_11"":0,""line_11_12"":0,""line_12_13"":0,""line_13_14"":0,""line_14_15"":0,""line_15_16"":0,""line_16_17"":0,""line_17_18"":0,""line_19_20"":0,""line_20_21"":0,""line_21_22"":0,""line_23_24"":0,""line_24_25"":0,""line_26_27"":0,""line_27_28"":0,""line_28_29"":0,""line_29_30"":0,""line_30_31"":0,""line_31_32"":0,""line_32_33"":0}","[""line_06_07""]",False,4525023f49fa1ccd,False,50455.2200000009,0.0,True,False,0,12,12,1,True,added
disaster_only_paper_like_exact_i20_k1_a1b1,improved,disaster_only_paper_like_exact_i20_k1_a1b1__improved,disaster_only_paper_like_exact,paper_like_exact,3,generated_cut_004,"{""line_01_02"":0,""line_02_03"":0,""line_02_19"":0,""line_03_04"":0,""line_03_23"":0,""line_04_05"":0,""line_05_06"":0,""line_06_07"":0,""line_06_26"":1,""line_07_08"":0,""line_08_09"":0,""line_09_10"":0,""line_10_11"":0,""line_11_12"":0,""line_12_13"":0,""line_13_14"":0,""line_14_15"":0,""line_15_16"":0,""line_16_17"":0,""line_17_18"":0,""line_19_20"":0,""line_20_21"":0,""line_21_22"":0,""line_23_24"":0,""line_24_25"":0,""line_26_27"":0,""line_27_28"":0,""line_28_29"":0,""line_29_30"":0,""line_30_31"":0,""line_31_32"":0,""line_32_33"":0}","[""line_06_26""]",False,b4337d3cdfd5f526,False,45091.53000000003,3393.5267107963555,True,False,0,8,8,1,True,added
disaster_only_paper_like_exact_i20_k1_a1b1,improved,disaster_only_paper_like_exact_i20_k1_a1b1__improved,disaster_only_paper_like_exact,paper_like_exact,4,generated_cut_005,"{""line_01_02"":0,""line_02_03"":0,""line_02_19"":0,""line_03_04"":0,""line_03_23"":0,""line_04_05"":0,""line_05_06"":0,""line_06_07"":0,""line_06_26"":0,""line_07_08"":1,""line_08_09"":0,""line_09_10"":0,""line_10_11"":0,""line_11_12"":0,""line_12_13"":0,""line_13_14"":0,""line_14_15"":0,""line_15_16"":0,""line_16_17"":0,""line_17_18"":0,""line_19_20"":0,""line_20_21"":0,""line_21_22"":0,""line_23_24"":0,""line_24_25"":0,""line_26_27"":0,""line_27_28"":0,""line_28_29"":0,""line_29_30"":0,""line_30_31"":0,""line_31_32"":0,""line_32_33"":0}","[""line_07_08""]",False,c8307d544130bb7a,False,46818.81000000122,757.2448005663646,True,False,0,11,11,1,True,added
disaster_only_paper_like_exact_i20_k1_a1b1,improved,disaster_only_paper_like_exact_i20_k1_a1b1__improved,disaster_only_paper_like_exact,paper_like_exact,5,generated_cut_006,"{""line_01_02"":1,""line_02_03"":0,""line_02_19"":0,""line_03_04"":0,""line_03_23"":0,""line_04_05"":0,""line_05_06"":0,""line_06_07"":0,""line_06_26"":0,""line_07_08"":0,""line_08_09"":0,""line_09_10"":0,""line_10_11"":0,""line_11_12"":0,""line_12_13"":0,""line_13_14"":0,""line_14_15"":0,""line_15_16"":0,""line_16_17"":0,""line_17_18"":0,""line_19_20"":0,""line_20_21"":0,""line_21_22"":0,""line_23_24"":0,""line_24_25"":0,""line_26_27"":0,""line_27_28"":0,""line_28_29"":0,""line_29_30"":0,""line_30_31"":0,""line_31_32"":0,""line_32_33"":0}","[""line_01_02""]",True,ebaf218ae461f9ee,False,35998.7999999969,3464.9374164232177,True,False,0,32,32,1,True,added
disaster_only_paper_like_exact_i20_k1_a1b1,improved,disaster_only_paper_like_exact_i20_k1_a1b1__improved,disaster_only_paper_like_exact,paper_like_exact,6,generated_cut_007,"{""line_01_02"":0,""line_02_03"":0,""line_02_19"":0,""line_03_04"":0,""line_03_23"":0,""line_04_05"":0,""line_05_06"":0,""line_06_07"":0,""line_06_26"":0,""line_07_08"":0,""line_08_09"":0,""line_09_10"":0,""line_10_11"":0,""line_11_12"":0,""line_12_13"":0,""line_13_14"":0,""line_14_15"":0,""line_15_16"":0,""line_16_17"":0,""line_17_18"":0,""line_19_20"":0,""line_20_21"":0,""line_21_22"":0,""line_23_24"":0,""line_24_25"":0,""line_26_27"":0,""line_27_28"":0,""line_28_29"":1,""line_29_30"":0,""line_30_31"":0,""line_31_32"":0,""line_32_33"":0}","[""line_28_29""]",False,15cf99d24d6e579a,False,37455.08999999985,0.0,True,False,0,5,5,1,True,added
disaster_only_paper_like_exact_i20_k1_a1b1,improved,disaster_only_paper_like_exact_i20_k1_a1b1__improved,disaster_only_paper_like_exact,paper_like_exact,7,generated_cut_008,"{""line_01_02"":0,""line_02_03"":1,""line_02_19"":0,""line_03_04"":0,""line_03_23"":0,""line_04_05"":0,""line_05_06"":0,""line_06_07"":0,""line_06_26"":0,""line_07_08"":0,""line_08_09"":0,""line_09_10"":0,""line_10_11"":0,""line_11_12"":0,""line_12_13"":0,""line_13_14"":0,""line_14_15"":0,""line_15_16"":0,""line_16_17"":0,""line_17_18"":0,""line_19_20"":0,""line_20_21"":0,""line_21_22"":0,""line_23_24"":0,""line_24_25"":0,""line_26_27"":0,""line_27_28"":0,""line_28_29"":0,""line_29_30"":0,""line_30_31"":0,""line_31_32"":0,""line_32_33"":0}","[""line_02_03""]",True,551ecc45efa6e199,False,33182.60999999975,4296.733672037677,True,False,0,27,27,1,True,added
disaster_only_paper_like_exact_i20_k1_a1b1,improved,disaster_only_paper_like_exact_i20_k1_a1b1__improved,disaster_only_paper_like_exact,paper_like_exact,8,generated_cut_009,"{""line_01_02"":0,""line_02_03"":0,""line_02_19"":0,""line_03_04"":0,""line_03_23"":1,""line_04_05"":0,""line_05_06"":0,""line_06_07"":0,""line_06_26"":0,""line_07_08"":0,""line_08_09"":0,""line_09_10"":0,""line_10_11"":0,""line_11_12"":0,""line_12_13"":0,""line_13_14"":0,""line_14_15"":0,""line_15_16"":0,""line_16_17"":0,""line_17_18"":0,""line_19_20"":0,""line_20_21"":0,""line_21_22"":0,""line_23_24"":0,""line_24_25"":0,""line_26_27"":0,""line_27_28"":0,""line_28_29"":0,""line_29_30"":0,""line_30_31"":0,""line_31_32"":0,""line_32_33"":0}","[""line_03_23""]",False,984ea974fcfebcad,False,23454.890000000363,1331.9528675494876,True,False,0,3,3,1,True,added
disaster_only_paper_like_exact_i20_k1_a1b1,improved,disaster_only_paper_like_exact_i20_k1_a1b1__improved,disaster_only_paper_like_exact,paper_like_exact,9,generated_cut_010,"{""line_01_02"":0,""line_02_03"":0,""line_02_19"":0,""line_03_04"":0,""line_03_23"":0,""line_04_05"":0,""line_05_06"":0,""line_06_07"":0,""line_06_26"":0,""line_07_08"":0,""line_08_09"":0,""line_09_10"":1,""line_10_11"":0,""line_11_12"":0,""line_12_13"":0,""line_13_14"":0,""line_14_15"":0,""line_15_16"":0,""line_16_17"":0,""line_17_18"":0,""line_19_20"":0,""line_20_21"":0,""line_21_22"":0,""line_23_24"":0,""line_24_25"":0,""line_26_27"":0,""line_27_28"":0,""line_28_29"":0,""line_29_30"":0,""line_30_31"":0,""line_31_32"":0,""line_32_33"":0}","[""line_09_10""]",False,bdbcda2d74eb2471,False,27545.840000001015,0.0,True,False,0,9,9,1,True,added
disaster_only_paper_like_exact_i20_k1_a1b1,improved,disaster_only_paper_like_exact_i20_k1_a1b1__improved,disaster_only_paper_like_exact,paper_like_exact,10,generated_cut_011,"{""line_01_02"":0,""line_02_03"":0,""line_02_19"":0,""line_03_04"":1,""line_03_23"":0,""line_04_05"":0,""line_05_06"":0,""line_06_07"":0,""line_06_26"":0,""line_07_08"":0,""line_08_09"":0,""line_09_10"":0,""line_10_11"":0,""line_11_12"":0,""line_12_13"":0,""line_13_14"":0,""line_14_15"":0,""line_15_16"":0,""line_16_17"":0,""line_17_18"":0,""line_19_20"":0,""line_20_21"":0,""line_21_22"":0,""line_23_24"":0,""line_24_25"":0,""line_26_27"":0,""line_27_28"":0,""line_28_29"":0,""line_29_30"":0,""line_30_31"":0,""line_31_32"":0,""line_32_33"":0}","[""line_03_04""]",False,94ca887e0db66816,False,20636.889999999665,2343.3604648463806,True,False,0,23,23,1,True,added
disaster_only_paper_like_exact_i20_k1_a1b1,improved,disaster_only_paper_like_exact_i20_k1_a1b1__improved,disaster_only_paper_like_exact,paper_like_exact,11,generated_cut_012,"{""line_01_02"":0,""line_02_03"":0,""line_02_19"":0,""line_03_04"":0,""line_03_23"":0,""line_04_05"":1,""line_05_06"":0,""line_06_07"":0,""line_06_26"":0,""line_07_08"":0,""line_08_09"":0,""line_09_10"":0,""line_10_11"":0,""line_11_12"":0,""line_12_13"":0,""line_13_14"":0,""line_14_15"":0,""line_15_16"":0,""line_16_17"":0,""line_17_18"":0,""line_19_20"":0,""line_20_21"":0,""line_21_22"":0,""line_23_24"":0,""line_24_25"":0,""line_26_27"":0,""line_27_28"":0,""line_28_29"":0,""line_29_30"":0,""line_30_31"":0,""line_31_32"":0,""line_32_33"":0}","[""line_04_05""]",False,15972c514792944a,False,16455.02999999968,904.2072143816622,True,False,0,22,22,1,True,added
disaster_only_paper_like_exact_i20_k1_a1b1,improved,disaster_only_paper_like_exact_i20_k1_a1b1__improved,disaster_only_paper_like_exact,paper_like_exact,12,generated_cut_013,"{""line_01_02"":0,""line_02_03"":0,""line_02_19"":0,""line_03_04"":0,""line_03_23"":0,""line_04_05"":0,""line_05_06"":0,""line_06_07"":0,""line_06_26"":0,""line_07_08"":0,""line_08_09"":0,""line_09_10"":0,""line_10_11"":1,""line_11_12"":0,""line_12_13"":0,""line_13_14"":0,""line_14_15"":0,""line_15_16"":0,""line_16_17"":0,""line_17_18"":0,""line_19_20"":0,""line_20_21"":0,""line_21_22"":0,""line_23_24"":0,""line_24_25"":0,""line_26_27"":0,""line_27_28"":0,""line_28_29"":0,""line_29_30"":0,""line_30_31"":0,""line_31_32"":0,""line_32_33"":0}","[""line_10_11""]",False,7ada0917b2c03710,False,26454.920000000857,0.0,True,False,0,8,8,1,True,added
disaster_only_paper_like_exact_i20_k1_a1b1,improved,disaster_only_paper_like_exact_i20_k1_a1b1__improved,disaster_only_paper_like_exact,paper_like_exact,13,generated_cut_014,"{""line_01_02"":0,""line_02_03"":0,""line_02_19"":0,""line_03_04"":0,""line_03_23"":0,""line_04_05"":0,""line_05_06"":0,""line_06_07"":0,""line_06_26"":0,""line_07_08"":0,""line_08_09"":0,""line_09_10"":0,""line_10_11"":0,""line_11_12"":0,""line_12_13"":0,""line_13_14"":0,""line_14_15"":0,""line_15_16"":0,""line_16_17"":0,""line_17_18"":0,""line_19_20"":0,""line_20_21"":0,""line_21_22"":0,""line_23_24"":0,""line_24_25"":0,""line_26_27"":0,""line_27_28"":0,""line_28_29"":0,""line_29_30"":1,""line_30_31"":0,""line_31_32"":0,""line_32_33"":0}","[""line_29_30""]",False,3f45b3f8d549b4c4,False,26545.789999999804,0.0,True,False,0,4,4,1,True,added
disaster_only_paper_like_exact_i20_k1_a1b1,improved,disaster_only_paper_like_exact_i20_k1_a1b1__improved,disaster_only_paper_like_exact,paper_like_exact,14,generated_cut_015,"{""line_01_02"":0,""line_02_03"":0,""line_02_19"":0,""line_03_04"":0,""line_03_23"":0,""line_04_05"":0,""line_05_06"":0,""line_06_07"":0,""line_06_26"":0,""line_07_08"":0,""line_08_09"":0,""line_09_10"":0,""line_10_11"":0,""line_11_12"":1,""line_12_13"":0,""line_13_14"":0,""line_14_15"":0,""line_15_16"":0,""line_16_17"":0,""line_17_18"":0,""line_19_20"":0,""line_20_21"":0,""line_21_22"":0,""line_23_24"":0,""line_24_25"":0,""line_26_27"":0,""line_27_28"":0,""line_28_29"":0,""line_29_30"":0,""line_30_31"":0,""line_31_32"":0,""line_32_33"":0}","[""line_11_12""]",False,0224b7811e2ce27f,False,22363.970000000903,0.0,True,False,0,7,7,1,True,added
disaster_only_paper_like_exact_i20_k1_a1b1,improved,disaster_only_paper_like_exact_i20_k1_a1b1__improved,disaster_only_paper_like_exact,paper_like_exact,15,generated_cut_016,"{""line_01_02"":0,""line_02_03"":0,""line_02_19"":0,""line_03_04"":0,""line_03_23"":0,""line_04_05"":0,""line_05_06"":0,""line_06_07"":0,""line_06_26"":0,""line_07_08"":0,""line_08_09"":0,""line_09_10"":0,""line_10_11"":0,""line_11_12"":0,""line_12_13"":0,""line_13_14"":0,""line_14_15"":0,""line_15_16"":0,""line_16_17"":0,""line_17_18"":0,""line_19_20"":0,""line_20_21"":0,""line_21_22"":0,""line_23_24"":0,""line_24_25"":0,""line_26_27"":0,""line_27_28"":0,""line_28_29"":0,""line_29_30"":0,""line_30_31"":1,""line_31_32"":0,""line_32_33"":0}","[""line_30_31""]",False,a2a1098e2224d268,False,22909.37999999989,0.0,True,False,0,3,3,1,True,added
disaster_only_paper_like_exact_i20_k1_a1b1,improved,disaster_only_paper_like_exact_i20_k1_a1b1__improved,disaster_only_paper_like_exact,paper_like_exact,16,generated_cut_017,"{""line_01_02"":0,""line_02_03"":0,""line_02_19"":0,""line_03_04"":0,""line_03_23"":0,""line_04_05"":0,""line_05_06"":1,""line_06_07"":0,""line_06_26"":0,""line_07_08"":0,""line_08_09"":0,""line_09_10"":0,""line_10_11"":0,""line_11_12"":0,""line_12_13"":0,""line_13_14"":0,""line_14_15"":0,""line_15_16"":0,""line_16_17"":0,""line_17_18"":0,""line_19_20"":0,""line_20_21"":0,""line_21_22"":0,""line_23_24"":0,""line_24_25"":0,""line_26_27"":0,""line_27_28"":0,""line_28_29"":0,""line_29_30"":0,""line_30_31"":0,""line_31_32"":0,""line_32_33"":0}","[""line_05_06""]",False,301606c98c84a95e,False,15364.109999999753,1837.2697577535582,True,False,0,21,21,1,True,added
disaster_only_paper_like_exact_i20_k1_a1b1,improved,disaster_only_paper_like_exact_i20_k1_a1b1__improved,disaster_only_paper_like_exact,paper_like_exact,17,generated_cut_018,"{""line_01_02"":0,""line_02_03"":0,""line_02_19"":0,""line_03_04"":0,""line_03_23"":0,""line_04_05"":0,""line_05_06"":0,""line_06_07"":0,""line_06_26"":0,""line_07_08"":0,""line_08_09"":0,""line_09_10"":0,""line_10_11"":0,""line_11_12"":0,""line_12_13"":0,""line_13_14"":0,""line_14_15"":0,""line_15_16"":0,""line_16_17"":0,""line_17_18"":0,""line_19_20"":0,""line_20_21"":0,""line_21_22"":0,""line_23_24"":1,""line_24_25"":0,""line_26_27"":0,""line_27_28"":0,""line_28_29"":0,""line_29_30"":0,""line_30_31"":0,""line_31_32"":0,""line_32_33"":0}","[""line_23_24""]",False,09bc68d07949994e,False,15272.939999999944,2289.158835494891,True,False,0,2,2,1,True,added
disaster_only_paper_like_exact_i20_k1_a1b1,improved,disaster_only_paper_like_exact_i20_k1_a1b1__improved,disaster_only_paper_like_exact,paper_like_exact,18,generated_cut_019,"{""line_01_02"":0,""line_02_03"":0,""line_02_19"":1,""line_03_04"":0,""line_03_23"":0,""line_04_05"":0,""line_05_06"":0,""line_06_07"":0,""line_06_26"":0,""line_07_08"":0,""line_08_09"":0,""line_09_10"":0,""line_10_11"":0,""line_11_12"":0,""line_12_13"":0,""line_13_14"":0,""line_14_15"":0,""line_15_16"":0,""line_16_17"":0,""line_17_18"":0,""line_19_20"":0,""line_20_21"":0,""line_21_22"":0,""line_23_24"":0,""line_24_25"":0,""line_26_27"":0,""line_27_28"":0,""line_28_29"":0,""line_29_30"":0,""line_30_31"":0,""line_31_32"":0,""line_32_33"":0}","[""line_02_19""]",False,e48c518ede8c006a,False,13091.12000000081,1984.1506489122112,True,False,0,4,4,1,True,added
disaster_only_paper_like_exact_i40_k1_a1b1,baseline,disaster_only_paper_like_exact_i40_k1_a1b1__baseline,disaster_only_paper_like_exact,paper_like_exact,0,generated_cut_001,"{""line_01_02"":1,""line_02_03"":0,""line_02_19"":0,""line_03_04"":0,""line_03_23"":0,""line_04_05"":0,""line_05_06"":0,""line_06_07"":0,""line_06_26"":0,""line_07_08"":0,""line_08_09"":0,""line_09_10"":0,""line_10_11"":0,""line_11_12"":0,""line_12_13"":0,""line_13_14"":0,""line_14_15"":0,""line_15_16"":0,""line_16_17"":0,""line_17_18"":0,""line_19_20"":0,""line_20_21"":0,""line_21_22"":0,""line_23_24"":0,""line_24_25"":0,""line_26_27"":0,""line_27_28"":0,""line_28_29"":0,""line_29_30"":0,""line_30_31"":0,""line_31_32"":0,""line_32_33"":0}","[""line_01_02""]",False,04284b1dfaca16a8,False,151547.58000000287,23625.851866569337,False,True,0,32,32,1,True,added
disaster_only_paper_like_exact_i40_k1_a1b1,baseline,disaster_only_paper_like_exact_i40_k1_a1b1__baseline,disaster_only_paper_like_exact,paper_like_exact,1,generated_cut_002,"{""line_01_02"":0,""line_02_03"":1,""line_02_19"":0,""line_03_04"":0,""line_03_23"":0,""line_04_05"":0,""line_05_06"":0,""line_06_07"":0,""line_06_26"":0,""line_07_08"":0,""line_08_09"":0,""line_09_10"":0,""line_10_11"":0,""line_11_12"":0,""line_12_13"":0,""line_13_14"":0,""line_14_15"":0,""line_15_16"":0,""line_16_17"":0,""line_17_18"":0,""line_19_20"":0,""line_20_21"":0,""line_21_22"":0,""line_23_24"":0,""line_24_25"":0,""line_26_27"":0,""line_27_28"":0,""line_28_29"":0,""line_29_30"":0,""line_30_31"":0,""line_31_32"":0,""line_32_33"":0}","[""line_02_03""]",False,240ff0161476698e,False,129365.41000000201,2067.6952655529167,True,False,0,27,27,1,True,added
disaster_only_paper_like_exact_i40_k1_a1b1,baseline,disaster_only_paper_like_exact_i40_k1_a1b1__baseline,disaster_only_paper_like_exact,paper_like_exact,2,generated_cut_003,"{""line_01_02"":0,""line_02_03"":0,""line_02_19"":0,""line_03_04"":0,""line_03_23"":0,""line_04_05"":0,""line_05_06"":0,""line_06_07"":1,""line_06_26"":0,""line_07_08"":0,""line_08_09"":0,""line_09_10"":0,""line_10_11"":0,""line_11_12"":0,""line_12_13"":0,""line_13_14"":0,""line_14_15"":0,""line_15_16"":0,""line_16_17"":0,""line_17_18"":0,""line_19_20"":0,""line_20_21"":0,""line_21_22"":0,""line_23_24"":0,""line_24_25"":0,""line_26_27"":0,""line_27_28"":0,""line_28_29"":0,""line_29_30"":0,""line_30_31"":0,""line_31_32"":0,""line_32_33"":0}","[""line_06_07""]",False,4525023f49fa1ccd,False,50455.2200000009,0.0,True,False,0,12,12,1,True,added
disaster_only_paper_like_exact_i40_k1_a1b1,baseline,disaster_only_paper_like_exact_i40_k1_a1b1__baseline,disaster_only_paper_like_exact,paper_like_exact,3,generated_cut_004,"{""line_01_02"":0,""line_02_03"":0,""line_02_19"":0,""line_03_04"":0,""line_03_23"":0,""line_04_05"":0,""line_05_06"":0,""line_06_07"":0,""line_06_26"":1,""line_07_08"":0,""line_08_09"":0,""line_09_10"":0,""line_10_11"":0,""line_11_12"":0,""line_12_13"":0,""line_13_14"":0,""line_14_15"":0,""line_15_16"":0,""line_16_17"":0,""line_17_18"":0,""line_19_20"":0,""line_20_21"":0,""line_21_22"":0,""line_23_24"":0,""line_24_25"":0,""line_26_27"":0,""line_27_28"":0,""line_28_29"":0,""line_29_30"":0,""line_30_31"":0,""line_31_32"":0,""line_32_33"":0}","[""line_06_26""]",False,b4337d3cdfd5f526,False,45091.53000000003,3393.5267107963555,True,False,0,8,8,1,True,added
disaster_only_paper_like_exact_i40_k1_a1b1,baseline,disaster_only_paper_like_exact_i40_k1_a1b1__baseline,disaster_only_paper_like_exact,paper_like_exact,4,generated_cut_005,"{""line_01_02"":0,""line_02_03"":0,""line_02_19"":0,""line_03_04"":0,""line_03_23"":0,""line_04_05"":0,""line_05_06"":0,""line_06_07"":0,""line_06_26"":0,""line_07_08"":1,""line_08_09"":0,""line_09_10"":0,""line_10_11"":0,""line_11_12"":0,""line_12_13"":0,""line_13_14"":0,""line_14_15"":0,""line_15_16"":0,""line_16_17"":0,""line_17_18"":0,""line_19_20"":0,""line_20_21"":0,""line_21_22"":0,""line_23_24"":0,""line_24_25"":0,""line_26_27"":0,""line_27_28"":0,""line_28_29"":0,""line_29_30"":0,""line_30_31"":0,""line_31_32"":0,""line_32_33"":0}","[""line_07_08""]",False,c8307d544130bb7a,False,46818.81000000122,757.2448005663646,True,False,0,11,11,1,True,added
disaster_only_paper_like_exact_i40_k1_a1b1,baseline,disaster_only_paper_like_exact_i40_k1_a1b1__baseline,disaster_only_paper_like_exact,paper_like_exact,5,generated_cut_006,"{""line_01_02"":1,""line_02_03"":0,""line_02_19"":0,""line_03_04"":0,""line_03_23"":0,""line_04_05"":0,""line_05_06"":0,""line_06_07"":0,""line_06_26"":0,""line_07_08"":0,""line_08_09"":0,""line_09_10"":0,""line_10_11"":0,""line_11_12"":0,""line_12_13"":0,""line_13_14"":0,""line_14_15"":0,""line_15_16"":0,""line_16_17"":0,""line_17_18"":0,""line_19_20"":0,""line_20_21"":0,""line_21_22"":0,""line_23_24"":0,""line_24_25"":0,""line_26_27"":0,""line_27_28"":0,""line_28_29"":0,""line_29_30"":0,""line_30_31"":0,""line_31_32"":0,""line_32_33"":0}","[""line_01_02""]",True,ebaf218ae461f9ee,False,35998.7999999969,3464.9374164232177,True,False,0,32,32,1,True,added
disaster_only_paper_like_exact_i40_k1_a1b1,baseline,disaster_only_paper_like_exact_i40_k1_a1b1__baseline,disaster_only_paper_like_exact,paper_like_exact,6,generated_cut_007,"{""line_01_02"":0,""line_02_03"":0,""line_02_19"":0,""line_03_04"":0,""line_03_23"":0,""line_04_05"":0,""line_05_06"":0,""line_06_07"":0,""line_06_26"":0,""line_07_08"":0,""line_08_09"":0,""line_09_10"":0,""line_10_11"":0,""line_11_12"":0,""line_12_13"":0,""line_13_14"":0,""line_14_15"":0,""line_15_16"":0,""line_16_17"":0,""line_17_18"":0,""line_19_20"":0,""line_20_21"":0,""line_21_22"":0,""line_23_24"":0,""line_24_25"":0,""line_26_27"":0,""line_27_28"":0,""line_28_29"":1,""line_29_30"":0,""line_30_31"":0,""line_31_32"":0,""line_32_33"":0}","[""line_28_29""]",False,15cf99d24d6e579a,False,37455.08999999985,0.0,True,False,0,5,5,1,True,added
disaster_only_paper_like_exact_i40_k1_a1b1,baseline,disaster_only_paper_like_exact_i40_k1_a1b1__baseline,disaster_only_paper_like_exact,paper_like_exact,7,generated_cut_008,"{""line_01_02"":0,""line_02_03"":1,""line_02_19"":0,""line_03_04"":0,""line_03_23"":0,""line_04_05"":0,""line_05_06"":0,""line_06_07"":0,""line_06_26"":0,""line_07_08"":0,""line_08_09"":0,""line_09_10"":0,""line_10_11"":0,""line_11_12"":0,""line_12_13"":0,""line_13_14"":0,""line_14_15"":0,""line_15_16"":0,""line_16_17"":0,""line_17_18"":0,""line_19_20"":0,""line_20_21"":0,""line_21_22"":0,""line_23_24"":0,""line_24_25"":0,""line_26_27"":0,""line_27_28"":0,""line_28_29"":0,""line_29_30"":0,""line_30_31"":0,""line_31_32"":0,""line_32_33"":0}","[""line_02_03""]",True,551ecc45efa6e199,False,33182.60999999975,4296.733672037677,True,False,0,27,27,1,True,added
disaster_only_paper_like_exact_i40_k1_a1b1,baseline,disaster_only_paper_like_exact_i40_k1_a1b1__baseline,disaster_only_paper_like_exact,paper_like_exact,8,generated_cut_009,"{""line_01_02"":0,""line_02_03"":0,""line_02_19"":0,""line_03_04"":0,""line_03_23"":1,""line_04_05"":0,""line_05_06"":0,""line_06_07"":0,""line_06_26"":0,""line_07_08"":0,""line_08_09"":0,""line_09_10"":0,""line_10_11"":0,""line_11_12"":0,""line_12_13"":0,""line_13_14"":0,""line_14_15"":0,""line_15_16"":0,""line_16_17"":0,""line_17_18"":0,""line_19_20"":0,""line_20_21"":0,""line_21_22"":0,""line_23_24"":0,""line_24_25"":0,""line_26_27"":0,""line_27_28"":0,""line_28_29"":0,""line_29_30"":0,""line_30_31"":0,""line_31_32"":0,""line_32_33"":0}","[""line_03_23""]",False,984ea974fcfebcad,False,23454.890000000363,1331.9528675494876,True,False,0,3,3,1,True,added
disaster_only_paper_like_exact_i40_k1_a1b1,baseline,disaster_only_paper_like_exact_i40_k1_a1b1__baseline,disaster_only_paper_like_exact,paper_like_exact,9,generated_cut_010,"{""line_01_02"":0,""line_02_03"":0,""line_02_19"":0,""line_03_04"":0,""line_03_23"":0,""line_04_05"":0,""line_05_06"":0,""line_06_07"":0,""line_06_26"":0,""line_07_08"":0,""line_08_09"":0,""line_09_10"":1,""line_10_11"":0,""line_11_12"":0,""line_12_13"":0,""line_13_14"":0,""line_14_15"":0,""line_15_16"":0,""line_16_17"":0,""line_17_18"":0,""line_19_20"":0,""line_20_21"":0,""line_21_22"":0,""line_23_24"":0,""line_24_25"":0,""line_26_27"":0,""line_27_28"":0,""line_28_29"":0,""line_29_30"":0,""line_30_31"":0,""line_31_32"":0,""line_32_33"":0}","[""line_09_10""]",False,bdbcda2d74eb2471,False,27545.840000001015,0.0,True,False,0,9,9,1,True,added
disaster_only_paper_like_exact_i40_k1_a1b1,baseline,disaster_only_paper_like_exact_i40_k1_a1b1__baseline,disaster_only_paper_like_exact,paper_like_exact,10,generated_cut_011,"{""line_01_02"":0,""line_02_03"":0,""line_02_19"":0,""line_03_04"":1,""line_03_23"":0,""line_04_05"":0,""line_05_06"":0,""line_06_07"":0,""line_06_26"":0,""line_07_08"":0,""line_08_09"":0,""line_09_10"":0,""line_10_11"":0,""line_11_12"":0,""line_12_13"":0,""line_13_14"":0,""line_14_15"":0,""line_15_16"":0,""line_16_17"":0,""line_17_18"":0,""line_19_20"":0,""line_20_21"":0,""line_21_22"":0,""line_23_24"":0,""line_24_25"":0,""line_26_27"":0,""line_27_28"":0,""line_28_29"":0,""line_29_30"":0,""line_30_31"":0,""line_31_32"":0,""line_32_33"":0}","[""line_03_04""]",False,94ca887e0db66816,False,20636.889999999665,2343.3604648463806,True,False,0,23,23,1,True,added
disaster_only_paper_like_exact_i40_k1_a1b1,baseline,disaster_only_paper_like_exact_i40_k1_a1b1__baseline,disaster_only_paper_like_exact,paper_like_exact,11,generated_cut_012,"{""line_01_02"":0,""line_02_03"":0,""line_02_19"":0,""line_03_04"":0,""line_03_23"":0,""line_04_05"":1,""line_05_06"":0,""line_06_07"":0,""line_06_26"":0,""line_07_08"":0,""line_08_09"":0,""line_09_10"":0,""line_10_11"":0,""line_11_12"":0,""line_12_13"":0,""line_13_14"":0,""line_14_15"":0,""line_15_16"":0,""line_16_17"":0,""line_17_18"":0,""line_19_20"":0,""line_20_21"":0,""line_21_22"":0,""line_23_24"":0,""line_24_25"":0,""line_26_27"":0,""line_27_28"":0,""line_28_29"":0,""line_29_30"":0,""line_30_31"":0,""line_31_32"":0,""line_32_33"":0}","[""line_04_05""]",False,15972c514792944a,False,16455.02999999968,904.2072143816622,True,False,0,22,22,1,True,added
disaster_only_paper_like_exact_i40_k1_a1b1,baseline,disaster_only_paper_like_exact_i40_k1_a1b1__baseline,disaster_only_paper_like_exact,paper_like_exact,12,generated_cut_013,"{""line_01_02"":0,""line_02_03"":0,""line_02_19"":0,""line_03_04"":0,""line_03_23"":0,""line_04_05"":0,""line_05_06"":0,""line_06_07"":0,""line_06_26"":0,""line_07_08"":0,""line_08_09"":0,""line_09_10"":0,""line_10_11"":1,""line_11_12"":0,""line_12_13"":0,""line_13_14"":0,""line_14_15"":0,""line_15_16"":0,""line_16_17"":0,""line_17_18"":0,""line_19_20"":0,""line_20_21"":0,""line_21_22"":0,""line_23_24"":0,""line_24_25"":0,""line_26_27"":0,""line_27_28"":0,""line_28_29"":0,""line_29_30"":0,""line_30_31"":0,""line_31_32"":0,""line_32_33"":0}","[""line_10_11""]",False,7ada0917b2c03710,False,26454.920000000857,0.0,True,False,0,8,8,1,True,added
disaster_only_paper_like_exact_i40_k1_a1b1,baseline,disaster_only_paper_like_exact_i40_k1_a1b1__baseline,disaster_only_paper_like_exact,paper_like_exact,13,generated_cut_014,"{""line_01_02"":0,""line_02_03"":0,""line_02_19"":0,""line_03_04"":0,""line_03_23"":0,""line_04_05"":0,""line_05_06"":0,""line_06_07"":0,""line_06_26"":0,""line_07_08"":0,""line_08_09"":0,""line_09_10"":0,""line_10_11"":0,""line_11_12"":0,""line_12_13"":0,""line_13_14"":0,""line_14_15"":0,""line_15_16"":0,""line_16_17"":0,""line_17_18"":0,""line_19_20"":0,""line_20_21"":0,""line_21_22"":0,""line_23_24"":0,""line_24_25"":0,""line_26_27"":0,""line_27_28"":0,""line_28_29"":0,""line_29_30"":1,""line_30_31"":0,""line_31_32"":0,""line_32_33"":0}","[""line_29_30""]",False,3f45b3f8d549b4c4,False,26545.789999999804,0.0,True,False,0,4,4,1,True,added
disaster_only_paper_like_exact_i40_k1_a1b1,baseline,disaster_only_paper_like_exact_i40_k1_a1b1__baseline,disaster_only_paper_like_exact,paper_like_exact,14,generated_cut_015,"{""line_01_02"":0,""line_02_03"":0,""line_02_19"":0,""line_03_04"":0,""line_03_23"":0,""line_04_05"":0,""line_05_06"":0,""line_06_07"":0,""line_06_26"":0,""line_07_08"":0,""line_08_09"":0,""line_09_10"":0,""line_10_11"":0,""line_11_12"":1,""line_12_13"":0,""line_13_14"":0,""line_14_15"":0,""line_15_16"":0,""line_16_17"":0,""line_17_18"":0,""line_19_20"":0,""line_20_21"":0,""line_21_22"":0,""line_23_24"":0,""line_24_25"":0,""line_26_27"":0,""line_27_28"":0,""line_28_29"":0,""line_29_30"":0,""line_30_31"":0,""line_31_32"":0,""line_32_33"":0}","[""line_11_12""]",False,0224b7811e2ce27f,False,22363.970000000903,0.0,True,False,0,7,7,1,True,added
disaster_only_paper_like_exact_i40_k1_a1b1,baseline,disaster_only_paper_like_exact_i40_k1_a1b1__baseline,disaster_only_paper_like_exact,paper_like_exact,15,generated_cut_016,"{""line_01_02"":0,""line_02_03"":0,""line_02_19"":0,""line_03_04"":0,""line_03_23"":0,""line_04_05"":0,""line_05_06"":0,""line_06_07"":0,""line_06_26"":0,""line_07_08"":0,""line_08_09"":0,""line_09_10"":0,""line_10_11"":0,""line_11_12"":0,""line_12_13"":0,""line_13_14"":0,""line_14_15"":0,""line_15_16"":0,""line_16_17"":0,""line_17_18"":0,""line_19_20"":0,""line_20_21"":0,""line_21_22"":0,""line_23_24"":0,""line_24_25"":0,""line_26_27"":0,""line_27_28"":0,""line_28_29"":0,""line_29_30"":0,""line_30_31"":1,""line_31_32"":0,""line_32_33"":0}","[""line_30_31""]",False,a2a1098e2224d268,False,22909.37999999989,0.0,True,False,0,3,3,1,True,added
disaster_only_paper_like_exact_i40_k1_a1b1,baseline,disaster_only_paper_like_exact_i40_k1_a1b1__baseline,disaster_only_paper_like_exact,paper_like_exact,16,generated_cut_017,"{""line_01_02"":0,""line_02_03"":0,""line_02_19"":0,""line_03_04"":0,""line_03_23"":0,""line_04_05"":0,""line_05_06"":1,""line_06_07"":0,""line_06_26"":0,""line_07_08"":0,""line_08_09"":0,""line_09_10"":0,""line_10_11"":0,""line_11_12"":0,""line_12_13"":0,""line_13_14"":0,""line_14_15"":0,""line_15_16"":0,""line_16_17"":0,""line_17_18"":0,""line_19_20"":0,""line_20_21"":0,""line_21_22"":0,""line_23_24"":0,""line_24_25"":0,""line_26_27"":0,""line_27_28"":0,""line_28_29"":0,""line_29_30"":0,""line_30_31"":0,""line_31_32"":0,""line_32_33"":0}","[""line_05_06""]",False,301606c98c84a95e,False,15364.109999999753,1837.2697577535582,True,False,0,21,21,1,True,added
disaster_only_paper_like_exact_i40_k1_a1b1,baseline,disaster_only_paper_like_exact_i40_k1_a1b1__baseline,disaster_only_paper_like_exact,paper_like_exact,17,generated_cut_018,"{""line_01_02"":0,""line_02_03"":0,""line_02_19"":0,""line_03_04"":0,""line_03_23"":0,""line_04_05"":0,""line_05_06"":0,""line_06_07"":0,""line_06_26"":0,""line_07_08"":0,""line_08_09"":0,""line_09_10"":0,""line_10_11"":0,""line_11_12"":0,""line_12_13"":0,""line_13_14"":0,""line_14_15"":0,""line_15_16"":0,""line_16_17"":0,""line_17_18"":0,""line_19_20"":0,""line_20_21"":0,""line_21_22"":0,""line_23_24"":1,""line_24_25"":0,""line_26_27"":0,""line_27_28"":0,""line_28_29"":0,""line_29_30"":0,""line_30_31"":0,""line_31_32"":0,""line_32_33"":0}","[""line_23_24""]",False,09bc68d07949994e,False,15272.939999999944,2289.158835494891,True,False,0,2,2,1,True,added
disaster_only_paper_like_exact_i40_k1_a1b1,baseline,disaster_only_paper_like_exact_i40_k1_a1b1__baseline,disaster_only_paper_like_exact,paper_like_exact,18,generated_cut_019,"{""line_01_02"":0,""line_02_03"":0,""line_02_19"":1,""line_03_04"":0,""line_03_23"":0,""line_04_05"":0,""line_05_06"":0,""line_06_07"":0,""line_06_26"":0,""line_07_08"":0,""line_08_09"":0,""line_09_10"":0,""line_10_11"":0,""line_11_12"":0,""line_12_13"":0,""line_13_14"":0,""line_14_15"":0,""line_15_16"":0,""line_16_17"":0,""line_17_18"":0,""line_19_20"":0,""line_20_21"":0,""line_21_22"":0,""line_23_24"":0,""line_24_25"":0,""line_26_27"":0,""line_27_28"":0,""line_28_29"":0,""line_29_30"":0,""line_30_31"":0,""line_31_32"":0,""line_32_33"":0}","[""line_02_19""]",False,e48c518ede8c006a,False,13091.12000000081,1984.1506489122112,True,False,0,4,4,1,True,added
disaster_only_paper_like_exact_i40_k1_a1b1,baseline,disaster_only_paper_like_exact_i40_k1_a1b1__baseline,disaster_only_paper_like_exact,paper_like_exact,19,generated_cut_020,"{""line_01_02"":0,""line_02_03"":0,""line_02_19"":0,""line_03_04"":0,""line_03_23"":0,""line_04_05"":0,""line_05_06"":0,""line_06_07"":0,""line_06_26"":0,""line_07_08"":0,""line_08_09"":0,""line_09_10"":0,""line_10_11"":0,""line_11_12"":0,""line_12_13"":1,""line_13_14"":0,""line_14_15"":0,""line_15_16"":0,""line_16_17"":0,""line_17_18"":0,""line_19_20"":0,""line_20_21"":0,""line_21_22"":0,""line_23_24"":0,""line_24_25"":0,""line_26_27"":0,""line_27_28"":0,""line_28_29"":0,""line_29_30"":0,""line_30_31"":0,""line_31_32"":0,""line_32_33"":0}","[""line_12_13""]",False,f48250c648214235,False,21273.050000000512,0.0,True,False,0,6,6,1,True,added
disaster_only_paper_like_exact_i40_k1_a1b1,baseline,disaster_only_paper_like_exact_i40_k1_a1b1__baseline,disaster_only_paper_like_exact,paper_like_exact,20,generated_cut_021,"{""line_01_02"":0,""line_02_03"":0,""line_02_19"":0,""line_03_04"":0,""line_03_23"":0,""line_04_05"":0,""line_05_06"":0,""line_06_07"":0,""line_06_26"":0,""line_07_08"":0,""line_08_09"":0,""line_09_10"":0,""line_10_11"":0,""line_11_12"":0,""line_12_13"":0,""line_13_14"":0,""line_14_15"":0,""line_15_16"":0,""line_16_17"":0,""line_17_18"":0,""line_19_20"":0,""line_20_21"":0,""line_21_22"":0,""line_23_24"":0,""line_24_25"":0,""line_26_27"":0,""line_27_28"":0,""line_28_29"":0,""line_29_30"":0,""line_30_31"":0,""line_31_32"":1,""line_32_33"":0}","[""line_31_32""]",False,e2aa0ec50d8b8d87,False,20182.070000000065,0.0,True,False,0,2,2,1,True,added
disaster_only_paper_like_exact_i40_k1_a1b1,baseline,disaster_only_paper_like_exact_i40_k1_a1b1__baseline,disaster_only_paper_like_exact,paper_like_exact,21,generated_cut_022,"{""line_01_02"":0,""line_02_03"":0,""line_02_19"":0,""line_03_04"":0,""line_03_23"":0,""line_04_05"":0,""line_05_06"":0,""line_06_07"":0,""line_06_26"":0,""line_07_08"":0,""line_08_09"":0,""line_09_10"":0,""line_10_11"":0,""line_11_12"":0,""line_12_13"":0,""line_13_14"":1,""line_14_15"":0,""line_15_16"":0,""line_16_17"":0,""line_17_18"":0,""line_19_20"":0,""line_20_21"":0,""line_21_22"":0,""line_23_24"":0,""line_24_25"":0,""line_26_27"":0,""line_27_28"":0,""line_28_29"":0,""line_29_30"":0,""line_30_31"":0,""line_31_32"":0,""line_32_33"":0}","[""line_13_14""]",False,17376e331aa7b81c,False,20182.130000000587,0.0,True,False,0,5,5,1,True,added
disaster_only_paper_like_exact_i40_k1_a1b1,baseline,disaster_only_paper_like_exact_i40_k1_a1b1__baseline,disaster_only_paper_like_exact,paper_like_exact,22,generated_cut_023,"{""line_01_02"":0,""line_02_03"":0,""line_02_19"":0,""line_03_04"":0,""line_03_23"":0,""line_04_05"":0,""line_05_06"":0,""line_06_07"":0,""line_06_26"":0,""line_07_08"":0,""line_08_09"":0,""line_09_10"":0,""line_10_11"":0,""line_11_12"":0,""line_12_13"":0,""line_13_14"":0,""line_14_15"":0,""line_15_16"":0,""line_16_17"":0,""line_17_18"":0,""line_19_20"":1,""line_20_21"":0,""line_21_22"":0,""line_23_24"":0,""line_24_25"":0,""line_26_27"":0,""line_27_28"":0,""line_28_29"":0,""line_29_30"":0,""line_30_31"":0,""line_31_32"":0,""line_32_33"":0}","[""line_19_20""]",False,1eee546e404e0afa,False,11454.73000000068,166.62450580718723,True,False,0,3,3,1,True,added
disaster_only_paper_like_exact_i40_k1_a1b1,baseline,disaster_only_paper_like_exact_i40_k1_a1b1__baseline,disaster_only_paper_like_exact,paper_like_exact,23,generated_cut_024,"{""line_01_02"":1,""line_02_03"":0,""line_02_19"":0,""line_03_04"":0,""line_03_23"":0,""line_04_05"":0,""line_05_06"":0,""line_06_07"":0,""line_06_26"":0,""line_07_08"":0,""line_08_09"":0,""line_09_10"":0,""line_10_11"":0,""line_11_12"":0,""line_12_13"":0,""line_13_14"":0,""line_14_15"":0,""line_15_16"":0,""line_16_17"":0,""line_17_18"":0,""line_19_20"":0,""line_20_21"":0,""line_21_22"":0,""line_23_24"":0,""line_24_25"":0,""line_26_27"":0,""line_27_28"":0,""line_28_29"":0,""line_29_30"":0,""line_30_31"":0,""line_31_32"":0,""line_32_33"":0}","[""line_01_02""]",True,15ab73615083bc15,False,1686.199999999837,130.9471468466145,True,False,0,32,32,1,True,added
disaster_only_paper_like_exact_i40_k1_a1b1,improved,disaster_only_paper_like_exact_i40_k1_a1b1__improved,disaster_only_paper_like_exact,paper_like_exact,0,generated_cut_001,"{""line_01_02"":1,""line_02_03"":0,""line_02_19"":0,""line_03_04"":0,""line_03_23"":0,""line_04_05"":0,""line_05_06"":0,""line_06_07"":0,""line_06_26"":0,""line_07_08"":0,""line_08_09"":0,""line_09_10"":0,""line_10_11"":0,""line_11_12"":0,""line_12_13"":0,""line_13_14"":0,""line_14_15"":0,""line_15_16"":0,""line_16_17"":0,""line_17_18"":0,""line_19_20"":0,""line_20_21"":0,""line_21_22"":0,""line_23_24"":0,""line_24_25"":0,""line_26_27"":0,""line_27_28"":0,""line_28_29"":0,""line_29_30"":0,""line_30_31"":0,""line_31_32"":0,""line_32_33"":0}","[""line_01_02""]",False,04284b1dfaca16a8,False,151547.58000000287,23625.851866569337,False,True,0,32,32,1,True,added
disaster_only_paper_like_exact_i40_k1_a1b1,improved,disaster_only_paper_like_exact_i40_k1_a1b1__improved,disaster_only_paper_like_exact,paper_like_exact,1,generated_cut_002,"{""line_01_02"":0,""line_02_03"":1,""line_02_19"":0,""line_03_04"":0,""line_03_23"":0,""line_04_05"":0,""line_05_06"":0,""line_06_07"":0,""line_06_26"":0,""line_07_08"":0,""line_08_09"":0,""line_09_10"":0,""line_10_11"":0,""line_11_12"":0,""line_12_13"":0,""line_13_14"":0,""line_14_15"":0,""line_15_16"":0,""line_16_17"":0,""line_17_18"":0,""line_19_20"":0,""line_20_21"":0,""line_21_22"":0,""line_23_24"":0,""line_24_25"":0,""line_26_27"":0,""line_27_28"":0,""line_28_29"":0,""line_29_30"":0,""line_30_31"":0,""line_31_32"":0,""line_32_33"":0}","[""line_02_03""]",False,240ff0161476698e,False,129365.41000000201,2067.6952655529167,True,False,0,27,27,1,True,added
disaster_only_paper_like_exact_i40_k1_a1b1,improved,disaster_only_paper_like_exact_i40_k1_a1b1__improved,disaster_only_paper_like_exact,paper_like_exact,2,generated_cut_003,"{""line_01_02"":0,""line_02_03"":0,""line_02_19"":0,""line_03_04"":0,""line_03_23"":0,""line_04_05"":0,""line_05_06"":0,""line_06_07"":1,""line_06_26"":0,""line_07_08"":0,""line_08_09"":0,""line_09_10"":0,""line_10_11"":0,""line_11_12"":0,""line_12_13"":0,""line_13_14"":0,""line_14_15"":0,""line_15_16"":0,""line_16_17"":0,""line_17_18"":0,""line_19_20"":0,""line_20_21"":0,""line_21_22"":0,""line_23_24"":0,""line_24_25"":0,""line_26_27"":0,""line_27_28"":0,""line_28_29"":0,""line_29_30"":0,""line_30_31"":0,""line_31_32"":0,""line_32_33"":0}","[""line_06_07""]",False,4525023f49fa1ccd,False,50455.2200000009,0.0,True,False,0,12,12,1,True,added
disaster_only_paper_like_exact_i40_k1_a1b1,improved,disaster_only_paper_like_exact_i40_k1_a1b1__improved,disaster_only_paper_like_exact,paper_like_exact,3,generated_cut_004,"{""line_01_02"":0,""line_02_03"":0,""line_02_19"":0,""line_03_04"":0,""line_03_23"":0,""line_04_05"":0,""line_05_06"":0,""line_06_07"":0,""line_06_26"":1,""line_07_08"":0,""line_08_09"":0,""line_09_10"":0,""line_10_11"":0,""line_11_12"":0,""line_12_13"":0,""line_13_14"":0,""line_14_15"":0,""line_15_16"":0,""line_16_17"":0,""line_17_18"":0,""line_19_20"":0,""line_20_21"":0,""line_21_22"":0,""line_23_24"":0,""line_24_25"":0,""line_26_27"":0,""line_27_28"":0,""line_28_29"":0,""line_29_30"":0,""line_30_31"":0,""line_31_32"":0,""line_32_33"":0}","[""line_06_26""]",False,b4337d3cdfd5f526,False,45091.53000000003,3393.5267107963555,True,False,0,8,8,1,True,added
disaster_only_paper_like_exact_i40_k1_a1b1,improved,disaster_only_paper_like_exact_i40_k1_a1b1__improved,disaster_only_paper_like_exact,paper_like_exact,4,generated_cut_005,"{""line_01_02"":0,""line_02_03"":0,""line_02_19"":0,""line_03_04"":0,""line_03_23"":0,""line_04_05"":0,""line_05_06"":0,""line_06_07"":0,""line_06_26"":0,""line_07_08"":1,""line_08_09"":0,""line_09_10"":0,""line_10_11"":0,""line_11_12"":0,""line_12_13"":0,""line_13_14"":0,""line_14_15"":0,""line_15_16"":0,""line_16_17"":0,""line_17_18"":0,""line_19_20"":0,""line_20_21"":0,""line_21_22"":0,""line_23_24"":0,""line_24_25"":0,""line_26_27"":0,""line_27_28"":0,""line_28_29"":0,""line_29_30"":0,""line_30_31"":0,""line_31_32"":0,""line_32_33"":0}","[""line_07_08""]",False,c8307d544130bb7a,False,46818.81000000122,757.2448005663646,True,False,0,11,11,1,True,added
disaster_only_paper_like_exact_i40_k1_a1b1,improved,disaster_only_paper_like_exact_i40_k1_a1b1__improved,disaster_only_paper_like_exact,paper_like_exact,5,generated_cut_006,"{""line_01_02"":1,""line_02_03"":0,""line_02_19"":0,""line_03_04"":0,""line_03_23"":0,""line_04_05"":0,""line_05_06"":0,""line_06_07"":0,""line_06_26"":0,""line_07_08"":0,""line_08_09"":0,""line_09_10"":0,""line_10_11"":0,""line_11_12"":0,""line_12_13"":0,""line_13_14"":0,""line_14_15"":0,""line_15_16"":0,""line_16_17"":0,""line_17_18"":0,""line_19_20"":0,""line_20_21"":0,""line_21_22"":0,""line_23_24"":0,""line_24_25"":0,""line_26_27"":0,""line_27_28"":0,""line_28_29"":0,""line_29_30"":0,""line_30_31"":0,""line_31_32"":0,""line_32_33"":0}","[""line_01_02""]",True,ebaf218ae461f9ee,False,35998.7999999969,3464.9374164232177,True,False,0,32,32,1,True,added
disaster_only_paper_like_exact_i40_k1_a1b1,improved,disaster_only_paper_like_exact_i40_k1_a1b1__improved,disaster_only_paper_like_exact,paper_like_exact,6,generated_cut_007,"{""line_01_02"":0,""line_02_03"":0,""line_02_19"":0,""line_03_04"":0,""line_03_23"":0,""line_04_05"":0,""line_05_06"":0,""line_06_07"":0,""line_06_26"":0,""line_07_08"":0,""line_08_09"":0,""line_09_10"":0,""line_10_11"":0,""line_11_12"":0,""line_12_13"":0,""line_13_14"":0,""line_14_15"":0,""line_15_16"":0,""line_16_17"":0,""line_17_18"":0,""line_19_20"":0,""line_20_21"":0,""line_21_22"":0,""line_23_24"":0,""line_24_25"":0,""line_26_27"":0,""line_27_28"":0,""line_28_29"":1,""line_29_30"":0,""line_30_31"":0,""line_31_32"":0,""line_32_33"":0}","[""line_28_29""]",False,15cf99d24d6e579a,False,37455.08999999985,0.0,True,False,0,5,5,1,True,added
disaster_only_paper_like_exact_i40_k1_a1b1,improved,disaster_only_paper_like_exact_i40_k1_a1b1__improved,disaster_only_paper_like_exact,paper_like_exact,7,generated_cut_008,"{""line_01_02"":0,""line_02_03"":1,""line_02_19"":0,""line_03_04"":0,""line_03_23"":0,""line_04_05"":0,""line_05_06"":0,""line_06_07"":0,""line_06_26"":0,""line_07_08"":0,""line_08_09"":0,""line_09_10"":0,""line_10_11"":0,""line_11_12"":0,""line_12_13"":0,""line_13_14"":0,""line_14_15"":0,""line_15_16"":0,""line_16_17"":0,""line_17_18"":0,""line_19_20"":0,""line_20_21"":0,""line_21_22"":0,""line_23_24"":0,""line_24_25"":0,""line_26_27"":0,""line_27_28"":0,""line_28_29"":0,""line_29_30"":0,""line_30_31"":0,""line_31_32"":0,""line_32_33"":0}","[""line_02_03""]",True,551ecc45efa6e199,False,33182.60999999975,4296.733672037677,True,False,0,27,27,1,True,added
disaster_only_paper_like_exact_i40_k1_a1b1,improved,disaster_only_paper_like_exact_i40_k1_a1b1__improved,disaster_only_paper_like_exact,paper_like_exact,8,generated_cut_009,"{""line_01_02"":0,""line_02_03"":0,""line_02_19"":0,""line_03_04"":0,""line_03_23"":1,""line_04_05"":0,""line_05_06"":0,""line_06_07"":0,""line_06_26"":0,""line_07_08"":0,""line_08_09"":0,""line_09_10"":0,""line_10_11"":0,""line_11_12"":0,""line_12_13"":0,""line_13_14"":0,""line_14_15"":0,""line_15_16"":0,""line_16_17"":0,""line_17_18"":0,""line_19_20"":0,""line_20_21"":0,""line_21_22"":0,""line_23_24"":0,""line_24_25"":0,""line_26_27"":0,""line_27_28"":0,""line_28_29"":0,""line_29_30"":0,""line_30_31"":0,""line_31_32"":0,""line_32_33"":0}","[""line_03_23""]",False,984ea974fcfebcad,False,23454.890000000363,1331.9528675494876,True,False,0,3,3,1,True,added
disaster_only_paper_like_exact_i40_k1_a1b1,improved,disaster_only_paper_like_exact_i40_k1_a1b1__improved,disaster_only_paper_like_exact,paper_like_exact,9,generated_cut_010,"{""line_01_02"":0,""line_02_03"":0,""line_02_19"":0,""line_03_04"":0,""line_03_23"":0,""line_04_05"":0,""line_05_06"":0,""line_06_07"":0,""line_06_26"":0,""line_07_08"":0,""line_08_09"":0,""line_09_10"":1,""line_10_11"":0,""line_11_12"":0,""line_12_13"":0,""line_13_14"":0,""line_14_15"":0,""line_15_16"":0,""line_16_17"":0,""line_17_18"":0,""line_19_20"":0,""line_20_21"":0,""line_21_22"":0,""line_23_24"":0,""line_24_25"":0,""line_26_27"":0,""line_27_28"":0,""line_28_29"":0,""line_29_30"":0,""line_30_31"":0,""line_31_32"":0,""line_32_33"":0}","[""line_09_10""]",False,bdbcda2d74eb2471,False,27545.840000001015,0.0,True,False,0,9,9,1,True,added
disaster_only_paper_like_exact_i40_k1_a1b1,improved,disaster_only_paper_like_exact_i40_k1_a1b1__improved,disaster_only_paper_like_exact,paper_like_exact,10,generated_cut_011,"{""line_01_02"":0,""line_02_03"":0,""line_02_19"":0,""line_03_04"":1,""line_03_23"":0,""line_04_05"":0,""line_05_06"":0,""line_06_07"":0,""line_06_26"":0,""line_07_08"":0,""line_08_09"":0,""line_09_10"":0,""line_10_11"":0,""line_11_12"":0,""line_12_13"":0,""line_13_14"":0,""line_14_15"":0,""line_15_16"":0,""line_16_17"":0,""line_17_18"":0,""line_19_20"":0,""line_20_21"":0,""line_21_22"":0,""line_23_24"":0,""line_24_25"":0,""line_26_27"":0,""line_27_28"":0,""line_28_29"":0,""line_29_30"":0,""line_30_31"":0,""line_31_32"":0,""line_32_33"":0}","[""line_03_04""]",False,94ca887e0db66816,False,20636.889999999665,2343.3604648463806,True,False,0,23,23,1,True,added
disaster_only_paper_like_exact_i40_k1_a1b1,improved,disaster_only_paper_like_exact_i40_k1_a1b1__improved,disaster_only_paper_like_exact,paper_like_exact,11,generated_cut_012,"{""line_01_02"":0,""line_02_03"":0,""line_02_19"":0,""line_03_04"":0,""line_03_23"":0,""line_04_05"":1,""line_05_06"":0,""line_06_07"":0,""line_06_26"":0,""line_07_08"":0,""line_08_09"":0,""line_09_10"":0,""line_10_11"":0,""line_11_12"":0,""line_12_13"":0,""line_13_14"":0,""line_14_15"":0,""line_15_16"":0,""line_16_17"":0,""line_17_18"":0,""line_19_20"":0,""line_20_21"":0,""line_21_22"":0,""line_23_24"":0,""line_24_25"":0,""line_26_27"":0,""line_27_28"":0,""line_28_29"":0,""line_29_30"":0,""line_30_31"":0,""line_31_32"":0,""line_32_33"":0}","[""line_04_05""]",False,15972c514792944a,False,16455.02999999968,904.2072143816622,True,False,0,22,22,1,True,added
disaster_only_paper_like_exact_i40_k1_a1b1,improved,disaster_only_paper_like_exact_i40_k1_a1b1__improved,disaster_only_paper_like_exact,paper_like_exact,12,generated_cut_013,"{""line_01_02"":0,""line_02_03"":0,""line_02_19"":0,""line_03_04"":0,""line_03_23"":0,""line_04_05"":0,""line_05_06"":0,""line_06_07"":0,""line_06_26"":0,""line_07_08"":0,""line_08_09"":0,""line_09_10"":0,""line_10_11"":1,""line_11_12"":0,""line_12_13"":0,""line_13_14"":0,""line_14_15"":0,""line_15_16"":0,""line_16_17"":0,""line_17_18"":0,""line_19_20"":0,""line_20_21"":0,""line_21_22"":0,""line_23_24"":0,""line_24_25"":0,""line_26_27"":0,""line_27_28"":0,""line_28_29"":0,""line_29_30"":0,""line_30_31"":0,""line_31_32"":0,""line_32_33"":0}","[""line_10_11""]",False,7ada0917b2c03710,False,26454.920000000857,0.0,True,False,0,8,8,1,True,added
disaster_only_paper_like_exact_i40_k1_a1b1,improved,disaster_only_paper_like_exact_i40_k1_a1b1__improved,disaster_only_paper_like_exact,paper_like_exact,13,generated_cut_014,"{""line_01_02"":0,""line_02_03"":0,""line_02_19"":0,""line_03_04"":0,""line_03_23"":0,""line_04_05"":0,""line_05_06"":0,""line_06_07"":0,""line_06_26"":0,""line_07_08"":0,""line_08_09"":0,""line_09_10"":0,""line_10_11"":0,""line_11_12"":0,""line_12_13"":0,""line_13_14"":0,""line_14_15"":0,""line_15_16"":0,""line_16_17"":0,""line_17_18"":0,""line_19_20"":0,""line_20_21"":0,""line_21_22"":0,""line_23_24"":0,""line_24_25"":0,""line_26_27"":0,""line_27_28"":0,""line_28_29"":0,""line_29_30"":1,""line_30_31"":0,""line_31_32"":0,""line_32_33"":0}","[""line_29_30""]",False,3f45b3f8d549b4c4,False,26545.789999999804,0.0,True,False,0,4,4,1,True,added
disaster_only_paper_like_exact_i40_k1_a1b1,improved,disaster_only_paper_like_exact_i40_k1_a1b1__improved,disaster_only_paper_like_exact,paper_like_exact,14,generated_cut_015,"{""line_01_02"":0,""line_02_03"":0,""line_02_19"":0,""line_03_04"":0,""line_03_23"":0,""line_04_05"":0,""line_05_06"":0,""line_06_07"":0,""line_06_26"":0,""line_07_08"":0,""line_08_09"":0,""line_09_10"":0,""line_10_11"":0,""line_11_12"":1,""line_12_13"":0,""line_13_14"":0,""line_14_15"":0,""line_15_16"":0,""line_16_17"":0,""line_17_18"":0,""line_19_20"":0,""line_20_21"":0,""line_21_22"":0,""line_23_24"":0,""line_24_25"":0,""line_26_27"":0,""line_27_28"":0,""line_28_29"":0,""line_29_30"":0,""line_30_31"":0,""line_31_32"":0,""line_32_33"":0}","[""line_11_12""]",False,0224b7811e2ce27f,False,22363.970000000903,0.0,True,False,0,7,7,1,True,added
disaster_only_paper_like_exact_i40_k1_a1b1,improved,disaster_only_paper_like_exact_i40_k1_a1b1__improved,disaster_only_paper_like_exact,paper_like_exact,15,generated_cut_016,"{""line_01_02"":0,""line_02_03"":0,""line_02_19"":0,""line_03_04"":0,""line_03_23"":0,""line_04_05"":0,""line_05_06"":0,""line_06_07"":0,""line_06_26"":0,""line_07_08"":0,""line_08_09"":0,""line_09_10"":0,""line_10_11"":0,""line_11_12"":0,""line_12_13"":0,""line_13_14"":0,""line_14_15"":0,""line_15_16"":0,""line_16_17"":0,""line_17_18"":0,""line_19_20"":0,""line_20_21"":0,""line_21_22"":0,""line_23_24"":0,""line_24_25"":0,""line_26_27"":0,""line_27_28"":0,""line_28_29"":0,""line_29_30"":0,""line_30_31"":1,""line_31_32"":0,""line_32_33"":0}","[""line_30_31""]",False,a2a1098e2224d268,False,22909.37999999989,0.0,True,False,0,3,3,1,True,added
disaster_only_paper_like_exact_i40_k1_a1b1,improved,disaster_only_paper_like_exact_i40_k1_a1b1__improved,disaster_only_paper_like_exact,paper_like_exact,16,generated_cut_017,"{""line_01_02"":0,""line_02_03"":0,""line_02_19"":0,""line_03_04"":0,""line_03_23"":0,""line_04_05"":0,""line_05_06"":1,""line_06_07"":0,""line_06_26"":0,""line_07_08"":0,""line_08_09"":0,""line_09_10"":0,""line_10_11"":0,""line_11_12"":0,""line_12_13"":0,""line_13_14"":0,""line_14_15"":0,""line_15_16"":0,""line_16_17"":0,""line_17_18"":0,""line_19_20"":0,""line_20_21"":0,""line_21_22"":0,""line_23_24"":0,""line_24_25"":0,""line_26_27"":0,""line_27_28"":0,""line_28_29"":0,""line_29_30"":0,""line_30_31"":0,""line_31_32"":0,""line_32_33"":0}","[""line_05_06""]",False,301606c98c84a95e,False,15364.109999999753,1837.2697577535582,True,False,0,21,21,1,True,added
disaster_only_paper_like_exact_i40_k1_a1b1,improved,disaster_only_paper_like_exact_i40_k1_a1b1__improved,disaster_only_paper_like_exact,paper_like_exact,17,generated_cut_018,"{""line_01_02"":0,""line_02_03"":0,""line_02_19"":0,""line_03_04"":0,""line_03_23"":0,""line_04_05"":0,""line_05_06"":0,""line_06_07"":0,""line_06_26"":0,""line_07_08"":0,""line_08_09"":0,""line_09_10"":0,""line_10_11"":0,""line_11_12"":0,""line_12_13"":0,""line_13_14"":0,""line_14_15"":0,""line_15_16"":0,""line_16_17"":0,""line_17_18"":0,""line_19_20"":0,""line_20_21"":0,""line_21_22"":0,""line_23_24"":1,""line_24_25"":0,""line_26_27"":0,""line_27_28"":0,""line_28_29"":0,""line_29_30"":0,""line_30_31"":0,""line_31_32"":0,""line_32_33"":0}","[""line_23_24""]",False,09bc68d07949994e,False,15272.939999999944,2289.158835494891,True,False,0,2,2,1,True,added
disaster_only_paper_like_exact_i40_k1_a1b1,improved,disaster_only_paper_like_exact_i40_k1_a1b1__improved,disaster_only_paper_like_exact,paper_like_exact,18,generated_cut_019,"{""line_01_02"":0,""line_02_03"":0,""line_02_19"":1,""line_03_04"":0,""line_03_23"":0,""line_04_05"":0,""line_05_06"":0,""line_06_07"":0,""line_06_26"":0,""line_07_08"":0,""line_08_09"":0,""line_09_10"":0,""line_10_11"":0,""line_11_12"":0,""line_12_13"":0,""line_13_14"":0,""line_14_15"":0,""line_15_16"":0,""line_16_17"":0,""line_17_18"":0,""line_19_20"":0,""line_20_21"":0,""line_21_22"":0,""line_23_24"":0,""line_24_25"":0,""line_26_27"":0,""line_27_28"":0,""line_28_29"":0,""line_29_30"":0,""line_30_31"":0,""line_31_32"":0,""line_32_33"":0}","[""line_02_19""]",False,e48c518ede8c006a,False,13091.12000000081,1984.1506489122112,True,False,0,4,4,1,True,added
disaster_only_paper_like_exact_i40_k1_a1b1,improved,disaster_only_paper_like_exact_i40_k1_a1b1__improved,disaster_only_paper_like_exact,paper_like_exact,19,generated_cut_020,"{""line_01_02"":0,""line_02_03"":0,""line_02_19"":0,""line_03_04"":0,""line_03_23"":0,""line_04_05"":0,""line_05_06"":0,""line_06_07"":0,""line_06_26"":0,""line_07_08"":0,""line_08_09"":0,""line_09_10"":0,""line_10_11"":0,""line_11_12"":0,""line_12_13"":1,""line_13_14"":0,""line_14_15"":0,""line_15_16"":0,""line_16_17"":0,""line_17_18"":0,""line_19_20"":0,""line_20_21"":0,""line_21_22"":0,""line_23_24"":0,""line_24_25"":0,""line_26_27"":0,""line_27_28"":0,""line_28_29"":0,""line_29_30"":0,""line_30_31"":0,""line_31_32"":0,""line_32_33"":0}","[""line_12_13""]",False,f48250c648214235,False,21273.050000000512,0.0,True,False,0,6,6,1,True,added
disaster_only_paper_like_exact_i40_k1_a1b1,improved,disaster_only_paper_like_exact_i40_k1_a1b1__improved,disaster_only_paper_like_exact,paper_like_exact,20,generated_cut_021,"{""line_01_02"":0,""line_02_03"":0,""line_02_19"":0,""line_03_04"":0,""line_03_23"":0,""line_04_05"":0,""line_05_06"":0,""line_06_07"":0,""line_06_26"":0,""line_07_08"":0,""line_08_09"":0,""line_09_10"":0,""line_10_11"":0,""line_11_12"":0,""line_12_13"":0,""line_13_14"":0,""line_14_15"":0,""line_15_16"":0,""line_16_17"":0,""line_17_18"":0,""line_19_20"":0,""line_20_21"":0,""line_21_22"":0,""line_23_24"":0,""line_24_25"":0,""line_26_27"":0,""line_27_28"":0,""line_28_29"":0,""line_29_30"":0,""line_30_31"":0,""line_31_32"":1,""line_32_33"":0}","[""line_31_32""]",False,e2aa0ec50d8b8d87,False,20182.070000000065,0.0,True,False,0,2,2,1,True,added
disaster_only_paper_like_exact_i40_k1_a1b1,improved,disaster_only_paper_like_exact_i40_k1_a1b1__improved,disaster_only_paper_like_exact,paper_like_exact,21,generated_cut_022,"{""line_01_02"":0,""line_02_03"":0,""line_02_19"":0,""line_03_04"":0,""line_03_23"":0,""line_04_05"":0,""line_05_06"":0,""line_06_07"":0,""line_06_26"":0,""line_07_08"":0,""line_08_09"":0,""line_09_10"":0,""line_10_11"":0,""line_11_12"":0,""line_12_13"":0,""line_13_14"":1,""line_14_15"":0,""line_15_16"":0,""line_16_17"":0,""line_17_18"":0,""line_19_20"":0,""line_20_21"":0,""line_21_22"":0,""line_23_24"":0,""line_24_25"":0,""line_26_27"":0,""line_27_28"":0,""line_28_29"":0,""line_29_30"":0,""line_30_31"":0,""line_31_32"":0,""line_32_33"":0}","[""line_13_14""]",False,17376e331aa7b81c,False,20182.130000000587,0.0,True,False,0,5,5,1,True,added
disaster_only_paper_like_exact_i40_k1_a1b1,improved,disaster_only_paper_like_exact_i40_k1_a1b1__improved,disaster_only_paper_like_exact,paper_like_exact,22,generated_cut_023,"{""line_01_02"":0,""line_02_03"":0,""line_02_19"":0,""line_03_04"":0,""line_03_23"":0,""line_04_05"":0,""line_05_06"":0,""line_06_07"":0,""line_06_26"":0,""line_07_08"":0,""line_08_09"":0,""line_09_10"":0,""line_10_11"":0,""line_11_12"":0,""line_12_13"":0,""line_13_14"":0,""line_14_15"":0,""line_15_16"":0,""line_16_17"":0,""line_17_18"":0,""line_19_20"":1,""line_20_21"":0,""line_21_22"":0,""line_23_24"":0,""line_24_25"":0,""line_26_27"":0,""line_27_28"":0,""line_28_29"":0,""line_29_30"":0,""line_30_31"":0,""line_31_32"":0,""line_32_33"":0}","[""line_19_20""]",False,1eee546e404e0afa,False,11454.73000000068,166.62450580718723,True,False,0,3,3,1,True,added
disaster_only_paper_like_exact_i40_k1_a1b1,improved,disaster_only_paper_like_exact_i40_k1_a1b1__improved,disaster_only_paper_like_exact,paper_like_exact,23,generated_cut_024,"{""line_01_02"":1,""line_02_03"":0,""line_02_19"":0,""line_03_04"":0,""line_03_23"":0,""line_04_05"":0,""line_05_06"":0,""line_06_07"":0,""line_06_26"":0,""line_07_08"":0,""line_08_09"":0,""line_09_10"":0,""line_10_11"":0,""line_11_12"":0,""line_12_13"":0,""line_13_14"":0,""line_14_15"":0,""line_15_16"":0,""line_16_17"":0,""line_17_18"":0,""line_19_20"":0,""line_20_21"":0,""line_21_22"":0,""line_23_24"":0,""line_24_25"":0,""line_26_27"":0,""line_27_28"":0,""line_28_29"":0,""line_29_30"":0,""line_30_31"":0,""line_31_32"":0,""line_32_33"":0}","[""line_01_02""]",True,15ab73615083bc15,False,1686.199999999837,130.9471468466145,True,False,0,32,32,1,True,added
disaster_only_paper_like_exact_i5_k2_a1b1,baseline,disaster_only_paper_like_exact_i5_k2_a1b1__baseline,disaster_only_paper_like_exact,paper_like_exact,0,generated_cut_001,"{""line_01_02"":1,""line_02_03"":0,""line_02_19"":0,""line_03_04"":0,""line_03_23"":0,""line_04_05"":0,""line_05_06"":0,""line_06_07"":0,""line_06_26"":0,""line_07_08"":0,""line_08_09"":0,""line_09_10"":0,""line_10_11"":1,""line_11_12"":0,""line_12_13"":0,""line_13_14"":0,""line_14_15"":0,""line_15_16"":0,""line_16_17"":0,""line_17_18"":0,""line_19_20"":0,""line_20_21"":0,""line_21_22"":0,""line_23_24"":0,""line_24_25"":0,""line_26_27"":0,""line_27_28"":0,""line_28_29"":0,""line_29_30"":0,""line_30_31"":0,""line_31_32"":0,""line_32_33"":0}","[""line_01_02"",""line_10_11""]",False,04284b1dfaca16a8,False,151547.58000000287,23625.851866569337,False,True,0,32,32,1,True,added
disaster_only_paper_like_exact_i5_k2_a1b1,baseline,disaster_only_paper_like_exact_i5_k2_a1b1__baseline,disaster_only_paper_like_exact,paper_like_exact,1,generated_cut_002,"{""line_01_02"":0,""line_02_03"":1,""line_02_19"":1,""line_03_04"":0,""line_03_23"":0,""line_04_05"":0,""line_05_06"":0,""line_06_07"":0,""line_06_26"":0,""line_07_08"":0,""line_08_09"":0,""line_09_10"":0,""line_10_11"":0,""line_11_12"":0,""line_12_13"":0,""line_13_14"":0,""line_14_15"":0,""line_15_16"":0,""line_16_17"":0,""line_17_18"":0,""line_19_20"":0,""line_20_21"":0,""line_21_22"":0,""line_23_24"":0,""line_24_25"":0,""line_26_27"":0,""line_27_28"":0,""line_28_29"":0,""line_29_30"":0,""line_30_31"":0,""line_31_32"":0,""line_32_33"":0}","[""line_02_03"",""line_02_19""]",False,7023baf585baad6f,False,142456.52999999654,3197.841413332906,True,False,0,31,31,2,True,added
disaster_only_paper_like_exact_i5_k2_a1b1,baseline,disaster_only_paper_like_exact_i5_k2_a1b1__baseline,disaster_only_paper_like_exact,paper_like_exact,2,generated_cut_003,"{""line_01_02"":0,""line_02_03"":0,""line_02_19"":0,""line_03_04"":0,""line_03_23"":0,""line_04_05"":0,""line_05_06"":0,""line_06_07"":1,""line_06_26"":0,""line_07_08"":0,""line_08_09"":0,""line_09_10"":0,""line_10_11"":0,""line_11_12"":0,""line_12_13"":0,""line_13_14"":0,""line_14_15"":0,""line_15_16"":0,""line_16_17"":0,""line_17_18"":0,""line_19_20"":0,""line_20_21"":0,""line_21_22"":0,""line_23_24"":0,""line_24_25"":0,""line_26_27"":1,""line_27_28"":0,""line_28_29"":0,""line_29_30"":0,""line_30_31"":0,""line_31_32"":0,""line_32_33"":0}","[""line_06_07"",""line_26_27""]",False,8ba5c28c8ec81e32,False,90092.14999999711,-1.0550138540565968e-10,True,False,0,19,19,2,True,added
disaster_only_paper_like_exact_i5_k2_a1b1,baseline,disaster_only_paper_like_exact_i5_k2_a1b1__baseline,disaster_only_paper_like_exact,paper_like_exact,3,generated_cut_004,"{""line_01_02"":0,""line_02_03"":0,""line_02_19"":0,""line_03_04"":0,""line_03_23"":1,""line_04_05"":0,""line_05_06"":0,""line_06_07"":1,""line_06_26"":0,""line_07_08"":0,""line_08_09"":0,""line_09_10"":0,""line_10_11"":0,""line_11_12"":0,""line_12_13"":0,""line_13_14"":0,""line_14_15"":0,""line_15_16"":0,""line_16_17"":0,""line_17_18"":0,""line_19_20"":0,""line_20_21"":0,""line_21_22"":0,""line_23_24"":0,""line_24_25"":0,""line_26_27"":0,""line_27_28"":0,""line_28_29"":0,""line_29_30"":0,""line_30_31"":0,""line_31_32"":0,""line_32_33"":0}","[""line_03_23"",""line_06_07""]",False,4913fb4744f51471,False,73910.10999999754,1.0550138540565968e-10,True,False,0,15,15,2,True,added
disaster_only_paper_like_exact_i5_k2_a1b1,improved,disaster_only_paper_like_exact_i5_k2_a1b1__improved,disaster_only_paper_like_exact,paper_like_exact,0,generated_cut_001,"{""line_01_02"":1,""line_02_03"":0,""line_02_19"":0,""line_03_04"":0,""line_03_23"":0,""line_04_05"":0,""line_05_06"":0,""line_06_07"":0,""line_06_26"":0,""line_07_08"":0,""line_08_09"":0,""line_09_10"":0,""line_10_11"":1,""line_11_12"":0,""line_12_13"":0,""line_13_14"":0,""line_14_15"":0,""line_15_16"":0,""line_16_17"":0,""line_17_18"":0,""line_19_20"":0,""line_20_21"":0,""line_21_22"":0,""line_23_24"":0,""line_24_25"":0,""line_26_27"":0,""line_27_28"":0,""line_28_29"":0,""line_29_30"":0,""line_30_31"":0,""line_31_32"":0,""line_32_33"":0}","[""line_01_02"",""line_10_11""]",False,04284b1dfaca16a8,False,151547.58000000287,23625.851866569337,False,True,0,32,32,1,True,added
disaster_only_paper_like_exact_i5_k2_a1b1,improved,disaster_only_paper_like_exact_i5_k2_a1b1__improved,disaster_only_paper_like_exact,paper_like_exact,1,generated_cut_002,"{""line_01_02"":0,""line_02_03"":1,""line_02_19"":1,""line_03_04"":0,""line_03_23"":0,""line_04_05"":0,""line_05_06"":0,""line_06_07"":0,""line_06_26"":0,""line_07_08"":0,""line_08_09"":0,""line_09_10"":0,""line_10_11"":0,""line_11_12"":0,""line_12_13"":0,""line_13_14"":0,""line_14_15"":0,""line_15_16"":0,""line_16_17"":0,""line_17_18"":0,""line_19_20"":0,""line_20_21"":0,""line_21_22"":0,""line_23_24"":0,""line_24_25"":0,""line_26_27"":0,""line_27_28"":0,""line_28_29"":0,""line_29_30"":0,""line_30_31"":0,""line_31_32"":0,""line_32_33"":0}","[""line_02_03"",""line_02_19""]",False,7023baf585baad6f,False,142456.52999999654,3197.841413332906,True,False,0,31,31,2,True,added
disaster_only_paper_like_exact_i5_k2_a1b1,improved,disaster_only_paper_like_exact_i5_k2_a1b1__improved,disaster_only_paper_like_exact,paper_like_exact,2,generated_cut_003,"{""line_01_02"":0,""line_02_03"":0,""line_02_19"":0,""line_03_04"":0,""line_03_23"":0,""line_04_05"":0,""line_05_06"":0,""line_06_07"":1,""line_06_26"":0,""line_07_08"":0,""line_08_09"":0,""line_09_10"":0,""line_10_11"":0,""line_11_12"":0,""line_12_13"":0,""line_13_14"":0,""line_14_15"":0,""line_15_16"":0,""line_16_17"":0,""line_17_18"":0,""line_19_20"":0,""line_20_21"":0,""line_21_22"":0,""line_23_24"":0,""line_24_25"":0,""line_26_27"":1,""line_27_28"":0,""line_28_29"":0,""line_29_30"":0,""line_30_31"":0,""line_31_32"":0,""line_32_33"":0}","[""line_06_07"",""line_26_27""]",False,8ba5c28c8ec81e32,False,90092.14999999711,-1.0550138540565968e-10,True,False,0,19,19,2,True,added
disaster_only_paper_like_exact_i5_k2_a1b1,improved,disaster_only_paper_like_exact_i5_k2_a1b1__improved,disaster_only_paper_like_exact,paper_like_exact,3,generated_cut_004,"{""line_01_02"":0,""line_02_03"":0,""line_02_19"":0,""line_03_04"":0,""line_03_23"":1,""line_04_05"":0,""line_05_06"":0,""line_06_07"":1,""line_06_26"":0,""line_07_08"":0,""line_08_09"":0,""line_09_10"":0,""line_10_11"":0,""line_11_12"":0,""line_12_13"":0,""line_13_14"":0,""line_14_15"":0,""line_15_16"":0,""line_16_17"":0,""line_17_18"":0,""line_19_20"":0,""line_20_21"":0,""line_21_22"":0,""line_23_24"":0,""line_24_25"":0,""line_26_27"":0,""line_27_28"":0,""line_28_29"":0,""line_29_30"":0,""line_30_31"":0,""line_31_32"":0,""line_32_33"":0}","[""line_03_23"",""line_06_07""]",False,4913fb4744f51471,False,73910.10999999754,1.0550138540565968e-10,True,False,0,15,15,2,True,added
disaster_only_paper_like_exact_i20_k2_a1b1,baseline,disaster_only_paper_like_exact_i20_k2_a1b1__baseline,disaster_only_paper_like_exact,paper_like_exact,0,generated_cut_001,"{""line_01_02"":1,""line_02_03"":0,""line_02_19"":0,""line_03_04"":0,""line_03_23"":0,""line_04_05"":0,""line_05_06"":0,""line_06_07"":0,""line_06_26"":0,""line_07_08"":0,""line_08_09"":0,""line_09_10"":0,""line_10_11"":1,""line_11_12"":0,""line_12_13"":0,""line_13_14"":0,""line_14_15"":0,""line_15_16"":0,""line_16_17"":0,""line_17_18"":0,""line_19_20"":0,""line_20_21"":0,""line_21_22"":0,""line_23_24"":0,""line_24_25"":0,""line_26_27"":0,""line_27_28"":0,""line_28_29"":0,""line_29_30"":0,""line_30_31"":0,""line_31_32"":0,""line_32_33"":0}","[""line_01_02"",""line_10_11""]",False,04284b1dfaca16a8,False,151547.58000000287,23625.851866569337,False,True,0,32,32,1,True,added
disaster_only_paper_like_exact_i20_k2_a1b1,baseline,disaster_only_paper_like_exact_i20_k2_a1b1__baseline,disaster_only_paper_like_exact,paper_like_exact,1,generated_cut_002,"{""line_01_02"":0,""line_02_03"":1,""line_02_19"":1,""line_03_04"":0,""line_03_23"":0,""line_04_05"":0,""line_05_06"":0,""line_06_07"":0,""line_06_26"":0,""line_07_08"":0,""line_08_09"":0,""line_09_10"":0,""line_10_11"":0,""line_11_12"":0,""line_12_13"":0,""line_13_14"":0,""line_14_15"":0,""line_15_16"":0,""line_16_17"":0,""line_17_18"":0,""line_19_20"":0,""line_20_21"":0,""line_21_22"":0,""line_23_24"":0,""line_24_25"":0,""line_26_27"":0,""line_27_28"":0,""line_28_29"":0,""line_29_30"":0,""line_30_31"":0,""line_31_32"":0,""line_32_33"":0}","[""line_02_03"",""line_02_19""]",False,7023baf585baad6f,False,142456.52999999654,3197.841413332906,True,False,0,31,31,2,True,added
disaster_only_paper_like_exact_i20_k2_a1b1,baseline,disaster_only_paper_like_exact_i20_k2_a1b1__baseline,disaster_only_paper_like_exact,paper_like_exact,2,generated_cut_003,"{""line_01_02"":0,""line_02_03"":0,""line_02_19"":0,""line_03_04"":0,""line_03_23"":0,""line_04_05"":0,""line_05_06"":0,""line_06_07"":1,""line_06_26"":0,""line_07_08"":0,""line_08_09"":0,""line_09_10"":0,""line_10_11"":0,""line_11_12"":0,""line_12_13"":0,""line_13_14"":0,""line_14_15"":0,""line_15_16"":0,""line_16_17"":0,""line_17_18"":0,""line_19_20"":0,""line_20_21"":0,""line_21_22"":0,""line_23_24"":0,""line_24_25"":0,""line_26_27"":1,""line_27_28"":0,""line_28_29"":0,""line_29_30"":0,""line_30_31"":0,""line_31_32"":0,""line_32_33"":0}","[""line_06_07"",""line_26_27""]",False,8ba5c28c8ec81e32,False,90092.14999999711,-1.0550138540565968e-10,True,False,0,19,19,2,True,added
disaster_only_paper_like_exact_i20_k2_a1b1,baseline,disaster_only_paper_like_exact_i20_k2_a1b1__baseline,disaster_only_paper_like_exact,paper_like_exact,3,generated_cut_004,"{""line_01_02"":0,""line_02_03"":0,""line_02_19"":0,""line_03_04"":0,""line_03_23"":1,""line_04_05"":0,""line_05_06"":0,""line_06_07"":1,""line_06_26"":0,""line_07_08"":0,""line_08_09"":0,""line_09_10"":0,""line_10_11"":0,""line_11_12"":0,""line_12_13"":0,""line_13_14"":0,""line_14_15"":0,""line_15_16"":0,""line_16_17"":0,""line_17_18"":0,""line_19_20"":0,""line_20_21"":0,""line_21_22"":0,""line_23_24"":0,""line_24_25"":0,""line_26_27"":0,""line_27_28"":0,""line_28_29"":0,""line_29_30"":0,""line_30_31"":0,""line_31_32"":0,""line_32_33"":0}","[""line_03_23"",""line_06_07""]",False,4913fb4744f51471,False,73910.10999999754,1.0550138540565968e-10,True,False,0,15,15,2,True,added
disaster_only_paper_like_exact_i20_k2_a1b1,baseline,disaster_only_paper_like_exact_i20_k2_a1b1__baseline,disaster_only_paper_like_exact,paper_like_exact,4,generated_cut_005,"{""line_01_02"":0,""line_02_03"":0,""line_02_19"":0,""line_03_04"":0,""line_03_23"":0,""line_04_05"":0,""line_05_06"":0,""line_06_07"":0,""line_06_26"":1,""line_07_08"":0,""line_08_09"":0,""line_09_10"":0,""line_10_11"":1,""line_11_12"":0,""line_12_13"":0,""line_13_14"":0,""line_14_15"":0,""line_15_16"":0,""line_16_17"":0,""line_17_18"":0,""line_19_20"":0,""line_20_21"":0,""line_21_22"":0,""line_23_24"":0,""line_24_25"":0,""line_26_27"":0,""line_27_28"":0,""line_28_29"":0,""line_29_30"":0,""line_30_31"":0,""line_31_32"":0,""line_32_33"":0}","[""line_06_26"",""line_10_11""]",False,af88aac51e863df2,False,71546.44999999786,0.0,True,False,0,16,16,2,True,added
disaster_only_paper_like_exact_i20_k2_a1b1,baseline,disaster_only_paper_like_exact_i20_k2_a1b1__baseline,disaster_only_paper_like_exact,paper_like_exact,5,generated_cut_006,"{""line_01_02"":0,""line_02_03"":0,""line_02_19"":0,""line_03_04"":0,""line_03_23"":1,""line_04_05"":0,""line_05_06"":0,""line_06_07"":0,""line_06_26"":1,""line_07_08"":0,""line_08_09"":0,""line_09_10"":0,""line_10_11"":0,""line_11_12"":0,""line_12_13"":0,""line_13_14"":0,""line_14_15"":0,""line_15_16"":0,""line_16_17"":0,""line_17_18"":0,""line_19_20"":0,""line_20_21"":0,""line_21_22"":0,""line_23_24"":0,""line_24_25"":0,""line_26_27"":0,""line_27_28"":0,""line_28_29"":0,""line_29_30"":0,""line_30_31"":0,""line_31_32"":0,""line_32_33"":0}","[""line_03_23"",""line_06_26""]",False,2f32d7bcd389e08b,False,68546.419999999,3020.6253635827306,True,False,0,11,11,2,True,added
disaster_only_paper_like_exact_i20_k2_a1b1,baseline,disaster_only_paper_like_exact_i20_k2_a1b1__baseline,disaster_only_paper_like_exact,paper_like_exact,6,generated_cut_007,"{""line_01_02"":1,""line_02_03"":0,""line_02_19"":0,""line_03_04"":0,""line_03_23"":0,""line_04_05"":0,""line_05_06"":1,""line_06_07"":0,""line_06_26"":0,""line_07_08"":0,""line_08_09"":0,""line_09_10"":0,""line_10_11"":0,""line_11_12"":0,""line_12_13"":0,""line_13_14"":0,""line_14_15"":0,""line_15_16"":0,""line_16_17"":0,""line_17_18"":0,""line_19_20"":0,""line_20_21"":0,""line_21_22"":0,""line_23_24"":0,""line_24_25"":0,""line_26_27"":0,""line_27_28"":0,""line_28_29"":0,""line_29_30"":0,""line_30_31"":0,""line_31_32"":0,""line_32_33"":0}","[""line_01_02"",""line_05_06""]",False,80da8ca98689f9e8,False,60726.439999994356,1101.939762775226,True,False,0,32,32,2,True,added
disaster_only_paper_like_exact_i20_k2_a1b1,baseline,disaster_only_paper_like_exact_i20_k2_a1b1__baseline,disaster_only_paper_like_exact,paper_like_exact,7,generated_cut_008,"{""line_01_02"":0,""line_02_03"":0,""line_02_19"":0,""line_03_04"":0,""line_03_23"":0,""line_04_05"":0,""line_05_06"":0,""line_06_07"":0,""line_06_26"":0,""line_07_08"":1,""line_08_09"":0,""line_09_10"":0,""line_10_11"":0,""line_11_12"":0,""line_12_13"":0,""line_13_14"":0,""line_14_15"":0,""line_15_16"":0,""line_16_17"":0,""line_17_18"":0,""line_19_20"":0,""line_20_21"":0,""line_21_22"":0,""line_23_24"":0,""line_24_25"":0,""line_26_27"":0,""line_27_28"":0,""line_28_29"":1,""line_29_30"":0,""line_30_31"":0,""line_31_32"":0,""line_32_33"":0}","[""line_07_08"",""line_28_29""]",False,6d449df7101658a1,False,84273.89999999804,417.4362574915467,True,False,0,16,16,2,True,added
disaster_only_paper_like_exact_i20_k2_a1b1,baseline,disaster_only_paper_like_exact_i20_k2_a1b1__baseline,disaster_only_paper_like_exact,paper_like_exact,8,generated_cut_009,"{""line_01_02"":1,""line_02_03"":0,""line_02_19"":0,""line_03_04"":0,""line_03_23"":0,""line_04_05"":0,""line_05_06"":0,""line_06_07"":0,""line_06_26"":0,""line_07_08"":1,""line_08_09"":0,""line_09_10"":0,""line_10_11"":0,""line_11_12"":0,""line_12_13"":0,""line_13_14"":0,""line_14_15"":0,""line_15_16"":0,""line_16_17"":0,""line_17_18"":0,""line_19_20"":0,""line_20_21"":0,""line_21_22"":0,""line_23_24"":0,""line_24_25"":0,""line_26_27"":0,""line_27_28"":0,""line_28_29"":0,""line_29_30"":0,""line_30_31"":0,""line_31_32"":0,""line_32_33"":0}","[""line_01_02"",""line_07_08""]",False,1b6bbe1b8e28a9ce,False,66455.90000000107,-3.637978807091713e-12,True,False,0,32,32,2,True,added
disaster_only_paper_like_exact_i20_k2_a1b1,baseline,disaster_only_paper_like_exact_i20_k2_a1b1__baseline,disaster_only_paper_like_exact,paper_like_exact,9,generated_cut_010,"{""line_01_02"":0,""line_02_03"":0,""line_02_19"":0,""line_03_04"":0,""line_03_23"":0,""line_04_05"":0,""line_05_06"":0,""line_06_07"":0,""line_06_26"":1,""line_07_08"":0,""line_08_09"":0,""line_09_10"":0,""line_10_11"":0,""line_11_12"":1,""line_12_13"":0,""line_13_14"":0,""line_14_15"":0,""line_15_16"":0,""line_16_17"":0,""line_17_18"":0,""line_19_20"":0,""line_20_21"":0,""line_21_22"":0,""line_23_24"":0,""line_24_25"":0,""line_26_27"":0,""line_27_28"":0,""line_28_29"":0,""line_29_30"":0,""line_30_31"":0,""line_31_32"":0,""line_32_33"":0}","[""line_06_26"",""line_11_12""]",False,9287284c490038c2,False,67455.49999999814,0.0,True,False,0,15,15,2,True,added
disaster_only_paper_like_exact_i20_k2_a1b1,baseline,disaster_only_paper_like_exact_i20_k2_a1b1__baseline,disaster_only_paper_like_exact,paper_like_exact,10,generated_cut_011,"{""line_01_02"":1,""line_02_03"":0,""line_02_19"":0,""line_03_04"":0,""line_03_23"":0,""line_04_05"":0,""line_05_06"":0,""line_06_07"":0,""line_06_26"":1,""line_07_08"":0,""line_08_09"":0,""line_09_10"":0,""line_10_11"":0,""line_11_12"":0,""line_12_13"":0,""line_13_14"":0,""line_14_15"":0,""line_15_16"":0,""line_16_17"":0,""line_17_18"":0,""line_19_20"":0,""line_20_21"":0,""line_21_22"":0,""line_23_24"":0,""line_24_25"":0,""line_26_27"":0,""line_27_28"":0,""line_28_29"":0,""line_29_30"":0,""line_30_31"":0,""line_31_32"":0,""line_32_33"":0}","[""line_01_02"",""line_06_26""]",False,1b1ed19134eff394,False,63910.42000000039,5691.497170293591,True,False,0,32,32,2,True,added
disaster_only_paper_like_exact_i20_k2_a1b1,baseline,disaster_only_paper_like_exact_i20_k2_a1b1__baseline,disaster_only_paper_like_exact,paper_like_exact,11,generated_cut_012,"{""line_01_02"":0,""line_02_03"":1,""line_02_19"":0,""line_03_04"":0,""line_03_23"":0,""line_04_05"":0,""line_05_06"":0,""line_06_07"":0,""line_06_26"":0,""line_07_08"":0,""line_08_09"":0,""line_09_10"":0,""line_10_11"":0,""line_11_12"":0,""line_12_13"":0,""line_13_14"":0,""line_14_15"":0,""line_15_16"":0,""line_16_17"":0,""line_17_18"":0,""line_19_20"":0,""line_20_21"":0,""line_21_22"":0,""line_23_24"":0,""line_24_25"":0,""line_26_27"":0,""line_27_28"":0,""line_28_29"":0,""line_29_30"":0,""line_30_31"":1,""line_31_32"":0,""line_32_33"":0}","[""line_02_03"",""line_30_31""]",False,0cbb2cf8a5844287,False,46455.53000000119,-7.275957614183426e-11,True,False,0,27,27,2,True,added
disaster_only_paper_like_exact_i20_k2_a1b1,baseline,disaster_only_paper_like_exact_i20_k2_a1b1__baseline,disaster_only_paper_like_exact,paper_like_exact,12,generated_cut_013,"{""line_01_02"":0,""line_02_03"":1,""line_02_19"":0,""line_03_04"":0,""line_03_23"":0,""line_04_05"":0,""line_05_06"":0,""line_06_07"":0,""line_06_26"":0,""line_07_08"":0,""line_08_09"":0,""line_09_10"":0,""line_10_11"":0,""line_11_12"":0,""line_12_13"":0,""line_13_14"":0,""line_14_15"":0,""line_15_16"":0,""line_16_17"":0,""line_17_18"":0,""line_19_20"":0,""line_20_21"":0,""line_21_22"":0,""line_23_24"":0,""line_24_25"":0,""line_26_27"":0,""line_27_28"":0,""line_28_29"":0,""line_29_30"":0,""line_30_31"":0,""line_31_32"":1,""line_32_33"":0}","[""line_02_03"",""line_31_32""]",False,d7098c81c595ad54,False,46455.530000001425,5.093170329928398e-11,True,False,0,27,27,2,True,added
disaster_only_paper_like_exact_i20_k2_a1b1,baseline,disaster_only_paper_like_exact_i20_k2_a1b1__baseline,disaster_only_paper_like_exact,paper_like_exact,13,generated_cut_014,"{""line_01_02"":0,""line_02_03"":1,""line_02_19"":0,""line_03_04"":0,""line_03_23"":0,""line_04_05"":0,""line_05_06"":0,""line_06_07"":0,""line_06_26"":0,""line_07_08"":0,""line_08_09"":0,""line_09_10"":0,""line_10_11"":0,""line_11_12"":0,""line_12_13"":0,""line_13_14"":1,""line_14_15"":0,""line_15_16"":0,""line_16_17"":0,""line_17_18"":0,""line_19_20"":0,""line_20_21"":0,""line_21_22"":0,""line_23_24"":0,""line_24_25"":0,""line_26_27"":0,""line_27_28"":0,""line_28_29"":0,""line_29_30"":0,""line_30_31"":0,""line_31_32"":0,""line_32_33"":0}","[""line_02_03"",""line_13_14""]",False,06e8fa30e2e75d8d,False,44273.73000000161,2.1827872842550278e-11,True,False,0,27,27,2,True,added
disaster_only_paper_like_exact_i20_k2_a1b1,baseline,disaster_only_paper_like_exact_i20_k2_a1b1__baseline,disaster_only_paper_like_exact,paper_like_exact,14,generated_cut_015,"{""line_01_02"":0,""line_02_03"":1,""line_02_19"":0,""line_03_04"":0,""line_03_23"":0,""line_04_05"":0,""line_05_06"":0,""line_06_07"":0,""line_06_26"":0,""line_07_08"":0,""line_08_09"":0,""line_09_10"":0,""line_10_11"":0,""line_11_12"":0,""line_12_13"":0,""line_13_14"":0,""line_14_15"":0,""line_15_16"":0,""line_16_17"":0,""line_17_18"":0,""line_19_20"":1,""line_20_21"":0,""line_21_22"":0,""line_23_24"":0,""line_24_25"":0,""line_26_27"":0,""line_27_28"":0,""line_28_29"":0,""line_29_30"":0,""line_30_31"":0,""line_31_32"":0,""line_32_33"":0}","[""line_02_03"",""line_19_20""]",False,08ec02addf8df0b4,False,42637.34000000078,3888.4755871827438,True,False,0,30,30,2,True,added
disaster_only_paper_like_exact_i20_k2_a1b1,baseline,disaster_only_paper_like_exact_i20_k2_a1b1__baseline,disaster_only_paper_like_exact,paper_like_exact,15,generated_cut_016,"{""line_01_02"":0,""line_02_03"":1,""line_02_19"":0,""line_03_04"":1,""line_03_23"":0,""line_04_05"":0,""line_05_06"":0,""line_06_07"":0,""line_06_26"":0,""line_07_08"":0,""line_08_09"":0,""line_09_10"":0,""line_10_11"":0,""line_11_12"":0,""line_12_13"":0,""line_13_14"":0,""line_14_15"":0,""line_15_16"":0,""line_16_17"":0,""line_17_18"":0,""line_19_20"":0,""line_20_21"":0,""line_21_22"":0,""line_23_24"":0,""line_24_25"":0,""line_26_27"":0,""line_27_28"":0,""line_28_29"":0,""line_29_30"":0,""line_30_31"":0,""line_31_32"":0,""line_32_33"":0}","[""line_02_03"",""line_03_04""]",False,d7547fd684d79f0e,False,39728.169999996666,1669.085999162853,True,False,0,27,27,2,True,added
disaster_only_paper_like_exact_i20_k2_a1b1,baseline,disaster_only_paper_like_exact_i20_k2_a1b1__baseline,disaster_only_paper_like_exact,paper_like_exact,16,generated_cut_017,"{""line_01_02"":0,""line_02_03"":0,""line_02_19"":0,""line_03_04"":0,""line_03_23"":0,""line_04_05"":0,""line_05_06"":0,""line_06_07"":0,""line_06_26"":1,""line_07_08"":0,""line_08_09"":0,""line_09_10"":0,""line_10_11"":0,""line_11_12"":0,""line_12_13"":0,""line_13_14"":0,""line_14_15"":0,""line_15_16"":0,""line_16_17"":0,""line_17_18"":0,""line_19_20"":0,""line_20_21"":0,""line_21_22"":0,""line_23_24"":1,""line_24_25"":0,""line_26_27"":0,""line_27_28"":0,""line_28_29"":0,""line_29_30"":0,""line_30_31"":0,""line_31_32"":0,""line_32_33"":0}","[""line_06_26"",""line_23_24""]",False,77748050c30a1efb,False,56728.06999999657,558.6189881923492,True,False,0,10,10,2,True,added
disaster_only_paper_like_exact_i20_k2_a1b1,baseline,disaster_only_paper_like_exact_i20_k2_a1b1__baseline,disaster_only_paper_like_exact,paper_like_exact,17,generated_cut_018,"{""line_01_02"":0,""line_02_03"":0,""line_02_19"":0,""line_03_04"":0,""line_03_23"":0,""line_04_05"":0,""line_05_06"":0,""line_06_07"":0,""line_06_26"":0,""line_07_08"":1,""line_08_09"":0,""line_09_10"":0,""line_10_11"":0,""line_11_12"":0,""line_12_13"":0,""line_13_14"":0,""line_14_15"":0,""line_15_16"":0,""line_16_17"":0,""line_17_18"":0,""line_19_20"":0,""line_20_21"":0,""line_21_22"":0,""line_23_24"":1,""line_24_25"":0,""line_26_27"":0,""line_27_28"":0,""line_28_29"":0,""line_29_30"":0,""line_30_31"":0,""line_31_32"":0,""line_32_33"":0}","[""line_07_08"",""line_23_24""]",False,23e4b53abf673ac0,False,62091.75000000093,282.67875737454597,True,False,0,13,13,2,True,added
disaster_only_paper_like_exact_i20_k2_a1b1,baseline,disaster_only_paper_like_exact_i20_k2_a1b1__baseline,disaster_only_paper_like_exact,paper_like_exact,18,generated_cut_019,"{""line_01_02"":0,""line_02_03"":1,""line_02_19"":1,""line_03_04"":0,""line_03_23"":0,""line_04_05"":0,""line_05_06"":0,""line_06_07"":0,""line_06_26"":0,""line_07_08"":0,""line_08_09"":0,""line_09_10"":0,""line_10_11"":0,""line_11_12"":0,""line_12_13"":0,""line_13_14"":0,""line_14_15"":0,""line_15_16"":0,""line_16_17"":0,""line_17_18"":0,""line_19_20"":0,""line_20_21"":0,""line_21_22"":0,""line_23_24"":0,""line_24_25"":0,""line_26_27"":0,""line_27_28"":0,""line_28_29"":0,""line_29_30"":0,""line_30_31"":0,""line_31_32"":0,""line_32_33"":0}","[""line_02_03"",""line_02_19""]",True,d161a34ac9bb1998,False,41273.73000000138,676.8655329544781,True,False,0,31,31,2,True,added
disaster_only_paper_like_exact_i20_k2_a1b1,improved,disaster_only_paper_like_exact_i20_k2_a1b1__improved,disaster_only_paper_like_exact,paper_like_exact,0,generated_cut_001,"{""line_01_02"":1,""line_02_03"":0,""line_02_19"":0,""line_03_04"":0,""line_03_23"":0,""line_04_05"":0,""line_05_06"":0,""line_06_07"":0,""line_06_26"":0,""line_07_08"":0,""line_08_09"":0,""line_09_10"":0,""line_10_11"":1,""line_11_12"":0,""line_12_13"":0,""line_13_14"":0,""line_14_15"":0,""line_15_16"":0,""line_16_17"":0,""line_17_18"":0,""line_19_20"":0,""line_20_21"":0,""line_21_22"":0,""line_23_24"":0,""line_24_25"":0,""line_26_27"":0,""line_27_28"":0,""line_28_29"":0,""line_29_30"":0,""line_30_31"":0,""line_31_32"":0,""line_32_33"":0}","[""line_01_02"",""line_10_11""]",False,04284b1dfaca16a8,False,151547.58000000287,23625.851866569337,False,True,0,32,32,1,True,added
disaster_only_paper_like_exact_i20_k2_a1b1,improved,disaster_only_paper_like_exact_i20_k2_a1b1__improved,disaster_only_paper_like_exact,paper_like_exact,1,generated_cut_002,"{""line_01_02"":0,""line_02_03"":1,""line_02_19"":1,""line_03_04"":0,""line_03_23"":0,""line_04_05"":0,""line_05_06"":0,""line_06_07"":0,""line_06_26"":0,""line_07_08"":0,""line_08_09"":0,""line_09_10"":0,""line_10_11"":0,""line_11_12"":0,""line_12_13"":0,""line_13_14"":0,""line_14_15"":0,""line_15_16"":0,""line_16_17"":0,""line_17_18"":0,""line_19_20"":0,""line_20_21"":0,""line_21_22"":0,""line_23_24"":0,""line_24_25"":0,""line_26_27"":0,""line_27_28"":0,""line_28_29"":0,""line_29_30"":0,""line_30_31"":0,""line_31_32"":0,""line_32_33"":0}","[""line_02_03"",""line_02_19""]",False,7023baf585baad6f,False,142456.52999999654,3197.841413332906,True,False,0,31,31,2,True,added
disaster_only_paper_like_exact_i20_k2_a1b1,improved,disaster_only_paper_like_exact_i20_k2_a1b1__improved,disaster_only_paper_like_exact,paper_like_exact,2,generated_cut_003,"{""line_01_02"":0,""line_02_03"":0,""line_02_19"":0,""line_03_04"":0,""line_03_23"":0,""line_04_05"":0,""line_05_06"":0,""line_06_07"":1,""line_06_26"":0,""line_07_08"":0,""line_08_09"":0,""line_09_10"":0,""line_10_11"":0,""line_11_12"":0,""line_12_13"":0,""line_13_14"":0,""line_14_15"":0,""line_15_16"":0,""line_16_17"":0,""line_17_18"":0,""line_19_20"":0,""line_20_21"":0,""line_21_22"":0,""line_23_24"":0,""line_24_25"":0,""line_26_27"":1,""line_27_28"":0,""line_28_29"":0,""line_29_30"":0,""line_30_31"":0,""line_31_32"":0,""line_32_33"":0}","[""line_06_07"",""line_26_27""]",False,8ba5c28c8ec81e32,False,90092.14999999711,-1.0550138540565968e-10,True,False,0,19,19,2,True,added
disaster_only_paper_like_exact_i20_k2_a1b1,improved,disaster_only_paper_like_exact_i20_k2_a1b1__improved,disaster_only_paper_like_exact,paper_like_exact,3,generated_cut_004,"{""line_01_02"":0,""line_02_03"":0,""line_02_19"":0,""line_03_04"":0,""line_03_23"":1,""line_04_05"":0,""line_05_06"":0,""line_06_07"":1,""line_06_26"":0,""line_07_08"":0,""line_08_09"":0,""line_09_10"":0,""line_10_11"":0,""line_11_12"":0,""line_12_13"":0,""line_13_14"":0,""line_14_15"":0,""line_15_16"":0,""line_16_17"":0,""line_17_18"":0,""line_19_20"":0,""line_20_21"":0,""line_21_22"":0,""line_23_24"":0,""line_24_25"":0,""line_26_27"":0,""line_27_28"":0,""line_28_29"":0,""line_29_30"":0,""line_30_31"":0,""line_31_32"":0,""line_32_33"":0}","[""line_03_23"",""line_06_07""]",False,4913fb4744f51471,False,73910.10999999754,1.0550138540565968e-10,True,False,0,15,15,2,True,added
disaster_only_paper_like_exact_i20_k2_a1b1,improved,disaster_only_paper_like_exact_i20_k2_a1b1__improved,disaster_only_paper_like_exact,paper_like_exact,4,generated_cut_005,"{""line_01_02"":0,""line_02_03"":0,""line_02_19"":0,""line_03_04"":0,""line_03_23"":0,""line_04_05"":0,""line_05_06"":0,""line_06_07"":0,""line_06_26"":1,""line_07_08"":0,""line_08_09"":0,""line_09_10"":0,""line_10_11"":1,""line_11_12"":0,""line_12_13"":0,""line_13_14"":0,""line_14_15"":0,""line_15_16"":0,""line_16_17"":0,""line_17_18"":0,""line_19_20"":0,""line_20_21"":0,""line_21_22"":0,""line_23_24"":0,""line_24_25"":0,""line_26_27"":0,""line_27_28"":0,""line_28_29"":0,""line_29_30"":0,""line_30_31"":0,""line_31_32"":0,""line_32_33"":0}","[""line_06_26"",""line_10_11""]",False,af88aac51e863df2,False,71546.44999999786,0.0,True,False,0,16,16,2,True,added
disaster_only_paper_like_exact_i20_k2_a1b1,improved,disaster_only_paper_like_exact_i20_k2_a1b1__improved,disaster_only_paper_like_exact,paper_like_exact,5,generated_cut_006,"{""line_01_02"":0,""line_02_03"":0,""line_02_19"":0,""line_03_04"":0,""line_03_23"":1,""line_04_05"":0,""line_05_06"":0,""line_06_07"":0,""line_06_26"":1,""line_07_08"":0,""line_08_09"":0,""line_09_10"":0,""line_10_11"":0,""line_11_12"":0,""line_12_13"":0,""line_13_14"":0,""line_14_15"":0,""line_15_16"":0,""line_16_17"":0,""line_17_18"":0,""line_19_20"":0,""line_20_21"":0,""line_21_22"":0,""line_23_24"":0,""line_24_25"":0,""line_26_27"":0,""line_27_28"":0,""line_28_29"":0,""line_29_30"":0,""line_30_31"":0,""line_31_32"":0,""line_32_33"":0}","[""line_03_23"",""line_06_26""]",False,2f32d7bcd389e08b,False,68546.419999999,3020.6253635827306,True,False,0,11,11,2,True,added
disaster_only_paper_like_exact_i20_k2_a1b1,improved,disaster_only_paper_like_exact_i20_k2_a1b1__improved,disaster_only_paper_like_exact,paper_like_exact,6,generated_cut_007,"{""line_01_02"":1,""line_02_03"":0,""line_02_19"":0,""line_03_04"":0,""line_03_23"":0,""line_04_05"":0,""line_05_06"":1,""line_06_07"":0,""line_06_26"":0,""line_07_08"":0,""line_08_09"":0,""line_09_10"":0,""line_10_11"":0,""line_11_12"":0,""line_12_13"":0,""line_13_14"":0,""line_14_15"":0,""line_15_16"":0,""line_16_17"":0,""line_17_18"":0,""line_19_20"":0,""line_20_21"":0,""line_21_22"":0,""line_23_24"":0,""line_24_25"":0,""line_26_27"":0,""line_27_28"":0,""line_28_29"":0,""line_29_30"":0,""line_30_31"":0,""line_31_32"":0,""line_32_33"":0}","[""line_01_02"",""line_05_06""]",False,80da8ca98689f9e8,False,60726.439999994356,1101.939762775226,True,False,0,32,32,2,True,added
disaster_only_paper_like_exact_i20_k2_a1b1,improved,disaster_only_paper_like_exact_i20_k2_a1b1__improved,disaster_only_paper_like_exact,paper_like_exact,7,generated_cut_008,"{""line_01_02"":0,""line_02_03"":0,""line_02_19"":0,""line_03_04"":0,""line_03_23"":0,""line_04_05"":0,""line_05_06"":0,""line_06_07"":0,""line_06_26"":0,""line_07_08"":1,""line_08_09"":0,""line_09_10"":0,""line_10_11"":0,""line_11_12"":0,""line_12_13"":0,""line_13_14"":0,""line_14_15"":0,""line_15_16"":0,""line_16_17"":0,""line_17_18"":0,""line_19_20"":0,""line_20_21"":0,""line_21_22"":0,""line_23_24"":0,""line_24_25"":0,""line_26_27"":0,""line_27_28"":0,""line_28_29"":1,""line_29_30"":0,""line_30_31"":0,""line_31_32"":0,""line_32_33"":0}","[""line_07_08"",""line_28_29""]",False,6d449df7101658a1,False,84273.89999999804,417.4362574915467,True,False,0,16,16,2,True,added
disaster_only_paper_like_exact_i20_k2_a1b1,improved,disaster_only_paper_like_exact_i20_k2_a1b1__improved,disaster_only_paper_like_exact,paper_like_exact,8,generated_cut_009,"{""line_01_02"":1,""line_02_03"":0,""line_02_19"":0,""line_03_04"":0,""line_03_23"":0,""line_04_05"":0,""line_05_06"":0,""line_06_07"":0,""line_06_26"":0,""line_07_08"":1,""line_08_09"":0,""line_09_10"":0,""line_10_11"":0,""line_11_12"":0,""line_12_13"":0,""line_13_14"":0,""line_14_15"":0,""line_15_16"":0,""line_16_17"":0,""line_17_18"":0,""line_19_20"":0,""line_20_21"":0,""line_21_22"":0,""line_23_24"":0,""line_24_25"":0,""line_26_27"":0,""line_27_28"":0,""line_28_29"":0,""line_29_30"":0,""line_30_31"":0,""line_31_32"":0,""line_32_33"":0}","[""line_01_02"",""line_07_08""]",False,1b6bbe1b8e28a9ce,False,66455.90000000107,-3.637978807091713e-12,True,False,0,32,32,2,True,added
disaster_only_paper_like_exact_i20_k2_a1b1,improved,disaster_only_paper_like_exact_i20_k2_a1b1__improved,disaster_only_paper_like_exact,paper_like_exact,9,generated_cut_010,"{""line_01_02"":0,""line_02_03"":0,""line_02_19"":0,""line_03_04"":0,""line_03_23"":0,""line_04_05"":0,""line_05_06"":0,""line_06_07"":0,""line_06_26"":1,""line_07_08"":0,""line_08_09"":0,""line_09_10"":0,""line_10_11"":0,""line_11_12"":1,""line_12_13"":0,""line_13_14"":0,""line_14_15"":0,""line_15_16"":0,""line_16_17"":0,""line_17_18"":0,""line_19_20"":0,""line_20_21"":0,""line_21_22"":0,""line_23_24"":0,""line_24_25"":0,""line_26_27"":0,""line_27_28"":0,""line_28_29"":0,""line_29_30"":0,""line_30_31"":0,""line_31_32"":0,""line_32_33"":0}","[""line_06_26"",""line_11_12""]",False,9287284c490038c2,False,67455.49999999814,0.0,True,False,0,15,15,2,True,added
disaster_only_paper_like_exact_i20_k2_a1b1,improved,disaster_only_paper_like_exact_i20_k2_a1b1__improved,disaster_only_paper_like_exact,paper_like_exact,10,generated_cut_011,"{""line_01_02"":1,""line_02_03"":0,""line_02_19"":0,""line_03_04"":0,""line_03_23"":0,""line_04_05"":0,""line_05_06"":0,""line_06_07"":0,""line_06_26"":1,""line_07_08"":0,""line_08_09"":0,""line_09_10"":0,""line_10_11"":0,""line_11_12"":0,""line_12_13"":0,""line_13_14"":0,""line_14_15"":0,""line_15_16"":0,""line_16_17"":0,""line_17_18"":0,""line_19_20"":0,""line_20_21"":0,""line_21_22"":0,""line_23_24"":0,""line_24_25"":0,""line_26_27"":0,""line_27_28"":0,""line_28_29"":0,""line_29_30"":0,""line_30_31"":0,""line_31_32"":0,""line_32_33"":0}","[""line_01_02"",""line_06_26""]",False,1b1ed19134eff394,False,63910.42000000039,5691.497170293591,True,False,0,32,32,2,True,added
disaster_only_paper_like_exact_i20_k2_a1b1,improved,disaster_only_paper_like_exact_i20_k2_a1b1__improved,disaster_only_paper_like_exact,paper_like_exact,11,generated_cut_012,"{""line_01_02"":0,""line_02_03"":1,""line_02_19"":0,""line_03_04"":0,""line_03_23"":0,""line_04_05"":0,""line_05_06"":0,""line_06_07"":0,""line_06_26"":0,""line_07_08"":0,""line_08_09"":0,""line_09_10"":0,""line_10_11"":0,""line_11_12"":0,""line_12_13"":0,""line_13_14"":0,""line_14_15"":0,""line_15_16"":0,""line_16_17"":0,""line_17_18"":0,""line_19_20"":0,""line_20_21"":0,""line_21_22"":0,""line_23_24"":0,""line_24_25"":0,""line_26_27"":0,""line_27_28"":0,""line_28_29"":0,""line_29_30"":0,""line_30_31"":1,""line_31_32"":0,""line_32_33"":0}","[""line_02_03"",""line_30_31""]",False,0cbb2cf8a5844287,False,46455.53000000119,-7.275957614183426e-11,True,False,0,27,27,2,True,added
disaster_only_paper_like_exact_i20_k2_a1b1,improved,disaster_only_paper_like_exact_i20_k2_a1b1__improved,disaster_only_paper_like_exact,paper_like_exact,12,generated_cut_013,"{""line_01_02"":0,""line_02_03"":1,""line_02_19"":0,""line_03_04"":0,""line_03_23"":0,""line_04_05"":0,""line_05_06"":0,""line_06_07"":0,""line_06_26"":0,""line_07_08"":0,""line_08_09"":0,""line_09_10"":0,""line_10_11"":0,""line_11_12"":0,""line_12_13"":0,""line_13_14"":0,""line_14_15"":0,""line_15_16"":0,""line_16_17"":0,""line_17_18"":0,""line_19_20"":0,""line_20_21"":0,""line_21_22"":0,""line_23_24"":0,""line_24_25"":0,""line_26_27"":0,""line_27_28"":0,""line_28_29"":0,""line_29_30"":0,""line_30_31"":0,""line_31_32"":1,""line_32_33"":0}","[""line_02_03"",""line_31_32""]",False,d7098c81c595ad54,False,46455.530000001425,5.093170329928398e-11,True,False,0,27,27,2,True,added
disaster_only_paper_like_exact_i20_k2_a1b1,improved,disaster_only_paper_like_exact_i20_k2_a1b1__improved,disaster_only_paper_like_exact,paper_like_exact,13,generated_cut_014,"{""line_01_02"":0,""line_02_03"":1,""line_02_19"":0,""line_03_04"":0,""line_03_23"":0,""line_04_05"":0,""line_05_06"":0,""line_06_07"":0,""line_06_26"":0,""line_07_08"":0,""line_08_09"":0,""line_09_10"":0,""line_10_11"":0,""line_11_12"":0,""line_12_13"":0,""line_13_14"":1,""line_14_15"":0,""line_15_16"":0,""line_16_17"":0,""line_17_18"":0,""line_19_20"":0,""line_20_21"":0,""line_21_22"":0,""line_23_24"":0,""line_24_25"":0,""line_26_27"":0,""line_27_28"":0,""line_28_29"":0,""line_29_30"":0,""line_30_31"":0,""line_31_32"":0,""line_32_33"":0}","[""line_02_03"",""line_13_14""]",False,06e8fa30e2e75d8d,False,44273.73000000161,2.1827872842550278e-11,True,False,0,27,27,2,True,added
disaster_only_paper_like_exact_i20_k2_a1b1,improved,disaster_only_paper_like_exact_i20_k2_a1b1__improved,disaster_only_paper_like_exact,paper_like_exact,14,generated_cut_015,"{""line_01_02"":0,""line_02_03"":1,""line_02_19"":0,""line_03_04"":0,""line_03_23"":0,""line_04_05"":0,""line_05_06"":0,""line_06_07"":0,""line_06_26"":0,""line_07_08"":0,""line_08_09"":0,""line_09_10"":0,""line_10_11"":0,""line_11_12"":0,""line_12_13"":0,""line_13_14"":0,""line_14_15"":0,""line_15_16"":0,""line_16_17"":0,""line_17_18"":0,""line_19_20"":1,""line_20_21"":0,""line_21_22"":0,""line_23_24"":0,""line_24_25"":0,""line_26_27"":0,""line_27_28"":0,""line_28_29"":0,""line_29_30"":0,""line_30_31"":0,""line_31_32"":0,""line_32_33"":0}","[""line_02_03"",""line_19_20""]",False,08ec02addf8df0b4,False,42637.34000000078,3888.4755871827438,True,False,0,30,30,2,True,added
disaster_only_paper_like_exact_i20_k2_a1b1,improved,disaster_only_paper_like_exact_i20_k2_a1b1__improved,disaster_only_paper_like_exact,paper_like_exact,15,generated_cut_016,"{""line_01_02"":0,""line_02_03"":1,""line_02_19"":0,""line_03_04"":1,""line_03_23"":0,""line_04_05"":0,""line_05_06"":0,""line_06_07"":0,""line_06_26"":0,""line_07_08"":0,""line_08_09"":0,""line_09_10"":0,""line_10_11"":0,""line_11_12"":0,""line_12_13"":0,""line_13_14"":0,""line_14_15"":0,""line_15_16"":0,""line_16_17"":0,""line_17_18"":0,""line_19_20"":0,""line_20_21"":0,""line_21_22"":0,""line_23_24"":0,""line_24_25"":0,""line_26_27"":0,""line_27_28"":0,""line_28_29"":0,""line_29_30"":0,""line_30_31"":0,""line_31_32"":0,""line_32_33"":0}","[""line_02_03"",""line_03_04""]",False,d7547fd684d79f0e,False,39728.169999996666,1669.085999162853,True,False,0,27,27,2,True,added
disaster_only_paper_like_exact_i20_k2_a1b1,improved,disaster_only_paper_like_exact_i20_k2_a1b1__improved,disaster_only_paper_like_exact,paper_like_exact,16,generated_cut_017,"{""line_01_02"":0,""line_02_03"":0,""line_02_19"":0,""line_03_04"":0,""line_03_23"":0,""line_04_05"":0,""line_05_06"":0,""line_06_07"":0,""line_06_26"":1,""line_07_08"":0,""line_08_09"":0,""line_09_10"":0,""line_10_11"":0,""line_11_12"":0,""line_12_13"":0,""line_13_14"":0,""line_14_15"":0,""line_15_16"":0,""line_16_17"":0,""line_17_18"":0,""line_19_20"":0,""line_20_21"":0,""line_21_22"":0,""line_23_24"":1,""line_24_25"":0,""line_26_27"":0,""line_27_28"":0,""line_28_29"":0,""line_29_30"":0,""line_30_31"":0,""line_31_32"":0,""line_32_33"":0}","[""line_06_26"",""line_23_24""]",False,77748050c30a1efb,False,56728.06999999657,558.6189881923492,True,False,0,10,10,2,True,added
disaster_only_paper_like_exact_i20_k2_a1b1,improved,disaster_only_paper_like_exact_i20_k2_a1b1__improved,disaster_only_paper_like_exact,paper_like_exact,17,generated_cut_018,"{""line_01_02"":0,""line_02_03"":0,""line_02_19"":0,""line_03_04"":0,""line_03_23"":0,""line_04_05"":0,""line_05_06"":0,""line_06_07"":0,""line_06_26"":0,""line_07_08"":1,""line_08_09"":0,""line_09_10"":0,""line_10_11"":0,""line_11_12"":0,""line_12_13"":0,""line_13_14"":0,""line_14_15"":0,""line_15_16"":0,""line_16_17"":0,""line_17_18"":0,""line_19_20"":0,""line_20_21"":0,""line_21_22"":0,""line_23_24"":1,""line_24_25"":0,""line_26_27"":0,""line_27_28"":0,""line_28_29"":0,""line_29_30"":0,""line_30_31"":0,""line_31_32"":0,""line_32_33"":0}","[""line_07_08"",""line_23_24""]",False,23e4b53abf673ac0,False,62091.75000000093,282.67875737454597,True,False,0,13,13,2,True,added
disaster_only_paper_like_exact_i20_k2_a1b1,improved,disaster_only_paper_like_exact_i20_k2_a1b1__improved,disaster_only_paper_like_exact,paper_like_exact,18,generated_cut_019,"{""line_01_02"":0,""line_02_03"":1,""line_02_19"":1,""line_03_04"":0,""line_03_23"":0,""line_04_05"":0,""line_05_06"":0,""line_06_07"":0,""line_06_26"":0,""line_07_08"":0,""line_08_09"":0,""line_09_10"":0,""line_10_11"":0,""line_11_12"":0,""line_12_13"":0,""line_13_14"":0,""line_14_15"":0,""line_15_16"":0,""line_16_17"":0,""line_17_18"":0,""line_19_20"":0,""line_20_21"":0,""line_21_22"":0,""line_23_24"":0,""line_24_25"":0,""line_26_27"":0,""line_27_28"":0,""line_28_29"":0,""line_29_30"":0,""line_30_31"":0,""line_31_32"":0,""line_32_33"":0}","[""line_02_03"",""line_02_19""]",True,d161a34ac9bb1998,False,41273.73000000138,676.8655329544781,True,False,0,31,31,2,True,added
disaster_only_paper_like_exact_i40_k2_a1b1,baseline,disaster_only_paper_like_exact_i40_k2_a1b1__baseline,disaster_only_paper_like_exact,paper_like_exact,0,generated_cut_001,"{""line_01_02"":1,""line_02_03"":0,""line_02_19"":0,""line_03_04"":0,""line_03_23"":0,""line_04_05"":0,""line_05_06"":0,""line_06_07"":0,""line_06_26"":0,""line_07_08"":0,""line_08_09"":0,""line_09_10"":0,""line_10_11"":1,""line_11_12"":0,""line_12_13"":0,""line_13_14"":0,""line_14_15"":0,""line_15_16"":0,""line_16_17"":0,""line_17_18"":0,""line_19_20"":0,""line_20_21"":0,""line_21_22"":0,""line_23_24"":0,""line_24_25"":0,""line_26_27"":0,""line_27_28"":0,""line_28_29"":0,""line_29_30"":0,""line_30_31"":0,""line_31_32"":0,""line_32_33"":0}","[""line_01_02"",""line_10_11""]",False,04284b1dfaca16a8,False,151547.58000000287,23625.851866569337,False,True,0,32,32,1,True,added
disaster_only_paper_like_exact_i40_k2_a1b1,baseline,disaster_only_paper_like_exact_i40_k2_a1b1__baseline,disaster_only_paper_like_exact,paper_like_exact,1,generated_cut_002,"{""line_01_02"":0,""line_02_03"":1,""line_02_19"":1,""line_03_04"":0,""line_03_23"":0,""line_04_05"":0,""line_05_06"":0,""line_06_07"":0,""line_06_26"":0,""line_07_08"":0,""line_08_09"":0,""line_09_10"":0,""line_10_11"":0,""line_11_12"":0,""line_12_13"":0,""line_13_14"":0,""line_14_15"":0,""line_15_16"":0,""line_16_17"":0,""line_17_18"":0,""line_19_20"":0,""line_20_21"":0,""line_21_22"":0,""line_23_24"":0,""line_24_25"":0,""line_26_27"":0,""line_27_28"":0,""line_28_29"":0,""line_29_30"":0,""line_30_31"":0,""line_31_32"":0,""line_32_33"":0}","[""line_02_03"",""line_02_19""]",False,7023baf585baad6f,False,142456.52999999654,3197.841413332906,True,False,0,31,31,2,True,added
disaster_only_paper_like_exact_i40_k2_a1b1,baseline,disaster_only_paper_like_exact_i40_k2_a1b1__baseline,disaster_only_paper_like_exact,paper_like_exact,2,generated_cut_003,"{""line_01_02"":0,""line_02_03"":0,""line_02_19"":0,""line_03_04"":0,""line_03_23"":0,""line_04_05"":0,""line_05_06"":0,""line_06_07"":1,""line_06_26"":0,""line_07_08"":0,""line_08_09"":0,""line_09_10"":0,""line_10_11"":0,""line_11_12"":0,""line_12_13"":0,""line_13_14"":0,""line_14_15"":0,""line_15_16"":0,""line_16_17"":0,""line_17_18"":0,""line_19_20"":0,""line_20_21"":0,""line_21_22"":0,""line_23_24"":0,""line_24_25"":0,""line_26_27"":1,""line_27_28"":0,""line_28_29"":0,""line_29_30"":0,""line_30_31"":0,""line_31_32"":0,""line_32_33"":0}","[""line_06_07"",""line_26_27""]",False,8ba5c28c8ec81e32,False,90092.14999999711,-1.0550138540565968e-10,True,False,0,19,19,2,True,added
disaster_only_paper_like_exact_i40_k2_a1b1,baseline,disaster_only_paper_like_exact_i40_k2_a1b1__baseline,disaster_only_paper_like_exact,paper_like_exact,3,generated_cut_004,"{""line_01_02"":0,""line_02_03"":0,""line_02_19"":0,""line_03_04"":0,""line_03_23"":1,""line_04_05"":0,""line_05_06"":0,""line_06_07"":1,""line_06_26"":0,""line_07_08"":0,""line_08_09"":0,""line_09_10"":0,""line_10_11"":0,""line_11_12"":0,""line_12_13"":0,""line_13_14"":0,""line_14_15"":0,""line_15_16"":0,""line_16_17"":0,""line_17_18"":0,""line_19_20"":0,""line_20_21"":0,""line_21_22"":0,""line_23_24"":0,""line_24_25"":0,""line_26_27"":0,""line_27_28"":0,""line_28_29"":0,""line_29_30"":0,""line_30_31"":0,""line_31_32"":0,""line_32_33"":0}","[""line_03_23"",""line_06_07""]",False,4913fb4744f51471,False,73910.10999999754,1.0550138540565968e-10,True,False,0,15,15,2,True,added
disaster_only_paper_like_exact_i40_k2_a1b1,baseline,disaster_only_paper_like_exact_i40_k2_a1b1__baseline,disaster_only_paper_like_exact,paper_like_exact,4,generated_cut_005,"{""line_01_02"":0,""line_02_03"":0,""line_02_19"":0,""line_03_04"":0,""line_03_23"":0,""line_04_05"":0,""line_05_06"":0,""line_06_07"":0,""line_06_26"":1,""line_07_08"":0,""line_08_09"":0,""line_09_10"":0,""line_10_11"":1,""line_11_12"":0,""line_12_13"":0,""line_13_14"":0,""line_14_15"":0,""line_15_16"":0,""line_16_17"":0,""line_17_18"":0,""line_19_20"":0,""line_20_21"":0,""line_21_22"":0,""line_23_24"":0,""line_24_25"":0,""line_26_27"":0,""line_27_28"":0,""line_28_29"":0,""line_29_30"":0,""line_30_31"":0,""line_31_32"":0,""line_32_33"":0}","[""line_06_26"",""line_10_11""]",False,af88aac51e863df2,False,71546.44999999786,0.0,True,False,0,16,16,2,True,added
disaster_only_paper_like_exact_i40_k2_a1b1,baseline,disaster_only_paper_like_exact_i40_k2_a1b1__baseline,disaster_only_paper_like_exact,paper_like_exact,5,generated_cut_006,"{""line_01_02"":0,""line_02_03"":0,""line_02_19"":0,""line_03_04"":0,""line_03_23"":1,""line_04_05"":0,""line_05_06"":0,""line_06_07"":0,""line_06_26"":1,""line_07_08"":0,""line_08_09"":0,""line_09_10"":0,""line_10_11"":0,""line_11_12"":0,""line_12_13"":0,""line_13_14"":0,""line_14_15"":0,""line_15_16"":0,""line_16_17"":0,""line_17_18"":0,""line_19_20"":0,""line_20_21"":0,""line_21_22"":0,""line_23_24"":0,""line_24_25"":0,""line_26_27"":0,""line_27_28"":0,""line_28_29"":0,""line_29_30"":0,""line_30_31"":0,""line_31_32"":0,""line_32_33"":0}","[""line_03_23"",""line_06_26""]",False,2f32d7bcd389e08b,False,68546.419999999,3020.6253635827306,True,False,0,11,11,2,True,added
disaster_only_paper_like_exact_i40_k2_a1b1,baseline,disaster_only_paper_like_exact_i40_k2_a1b1__baseline,disaster_only_paper_like_exact,paper_like_exact,6,generated_cut_007,"{""line_01_02"":1,""line_02_03"":0,""line_02_19"":0,""line_03_04"":0,""line_03_23"":0,""line_04_05"":0,""line_05_06"":1,""line_06_07"":0,""line_06_26"":0,""line_07_08"":0,""line_08_09"":0,""line_09_10"":0,""line_10_11"":0,""line_11_12"":0,""line_12_13"":0,""line_13_14"":0,""line_14_15"":0,""line_15_16"":0,""line_16_17"":0,""line_17_18"":0,""line_19_20"":0,""line_20_21"":0,""line_21_22"":0,""line_23_24"":0,""line_24_25"":0,""line_26_27"":0,""line_27_28"":0,""line_28_29"":0,""line_29_30"":0,""line_30_31"":0,""line_31_32"":0,""line_32_33"":0}","[""line_01_02"",""line_05_06""]",False,80da8ca98689f9e8,False,60726.439999994356,1101.939762775226,True,False,0,32,32,2,True,added
disaster_only_paper_like_exact_i40_k2_a1b1,baseline,disaster_only_paper_like_exact_i40_k2_a1b1__baseline,disaster_only_paper_like_exact,paper_like_exact,7,generated_cut_008,"{""line_01_02"":0,""line_02_03"":0,""line_02_19"":0,""line_03_04"":0,""line_03_23"":0,""line_04_05"":0,""line_05_06"":0,""line_06_07"":0,""line_06_26"":0,""line_07_08"":1,""line_08_09"":0,""line_09_10"":0,""line_10_11"":0,""line_11_12"":0,""line_12_13"":0,""line_13_14"":0,""line_14_15"":0,""line_15_16"":0,""line_16_17"":0,""line_17_18"":0,""line_19_20"":0,""line_20_21"":0,""line_21_22"":0,""line_23_24"":0,""line_24_25"":0,""line_26_27"":0,""line_27_28"":0,""line_28_29"":1,""line_29_30"":0,""line_30_31"":0,""line_31_32"":0,""line_32_33"":0}","[""line_07_08"",""line_28_29""]",False,6d449df7101658a1,False,84273.89999999804,417.4362574915467,True,False,0,16,16,2,True,added
disaster_only_paper_like_exact_i40_k2_a1b1,baseline,disaster_only_paper_like_exact_i40_k2_a1b1__baseline,disaster_only_paper_like_exact,paper_like_exact,8,generated_cut_009,"{""line_01_02"":1,""line_02_03"":0,""line_02_19"":0,""line_03_04"":0,""line_03_23"":0,""line_04_05"":0,""line_05_06"":0,""line_06_07"":0,""line_06_26"":0,""line_07_08"":1,""line_08_09"":0,""line_09_10"":0,""line_10_11"":0,""line_11_12"":0,""line_12_13"":0,""line_13_14"":0,""line_14_15"":0,""line_15_16"":0,""line_16_17"":0,""line_17_18"":0,""line_19_20"":0,""line_20_21"":0,""line_21_22"":0,""line_23_24"":0,""line_24_25"":0,""line_26_27"":0,""line_27_28"":0,""line_28_29"":0,""line_29_30"":0,""line_30_31"":0,""line_31_32"":0,""line_32_33"":0}","[""line_01_02"",""line_07_08""]",False,1b6bbe1b8e28a9ce,False,66455.90000000107,-3.637978807091713e-12,True,False,0,32,32,2,True,added
disaster_only_paper_like_exact_i40_k2_a1b1,baseline,disaster_only_paper_like_exact_i40_k2_a1b1__baseline,disaster_only_paper_like_exact,paper_like_exact,9,generated_cut_010,"{""line_01_02"":0,""line_02_03"":0,""line_02_19"":0,""line_03_04"":0,""line_03_23"":0,""line_04_05"":0,""line_05_06"":0,""line_06_07"":0,""line_06_26"":1,""line_07_08"":0,""line_08_09"":0,""line_09_10"":0,""line_10_11"":0,""line_11_12"":1,""line_12_13"":0,""line_13_14"":0,""line_14_15"":0,""line_15_16"":0,""line_16_17"":0,""line_17_18"":0,""line_19_20"":0,""line_20_21"":0,""line_21_22"":0,""line_23_24"":0,""line_24_25"":0,""line_26_27"":0,""line_27_28"":0,""line_28_29"":0,""line_29_30"":0,""line_30_31"":0,""line_31_32"":0,""line_32_33"":0}","[""line_06_26"",""line_11_12""]",False,9287284c490038c2,False,67455.49999999814,0.0,True,False,0,15,15,2,True,added
disaster_only_paper_like_exact_i40_k2_a1b1,baseline,disaster_only_paper_like_exact_i40_k2_a1b1__baseline,disaster_only_paper_like_exact,paper_like_exact,10,generated_cut_011,"{""line_01_02"":1,""line_02_03"":0,""line_02_19"":0,""line_03_04"":0,""line_03_23"":0,""line_04_05"":0,""line_05_06"":0,""line_06_07"":0,""line_06_26"":1,""line_07_08"":0,""line_08_09"":0,""line_09_10"":0,""line_10_11"":0,""line_11_12"":0,""line_12_13"":0,""line_13_14"":0,""line_14_15"":0,""line_15_16"":0,""line_16_17"":0,""line_17_18"":0,""line_19_20"":0,""line_20_21"":0,""line_21_22"":0,""line_23_24"":0,""line_24_25"":0,""line_26_27"":0,""line_27_28"":0,""line_28_29"":0,""line_29_30"":0,""line_30_31"":0,""line_31_32"":0,""line_32_33"":0}","[""line_01_02"",""line_06_26""]",False,1b1ed19134eff394,False,63910.42000000039,5691.497170293591,True,False,0,32,32,2,True,added
disaster_only_paper_like_exact_i40_k2_a1b1,baseline,disaster_only_paper_like_exact_i40_k2_a1b1__baseline,disaster_only_paper_like_exact,paper_like_exact,11,generated_cut_012,"{""line_01_02"":0,""line_02_03"":1,""line_02_19"":0,""line_03_04"":0,""line_03_23"":0,""line_04_05"":0,""line_05_06"":0,""line_06_07"":0,""line_06_26"":0,""line_07_08"":0,""line_08_09"":0,""line_09_10"":0,""line_10_11"":0,""line_11_12"":0,""line_12_13"":0,""line_13_14"":0,""line_14_15"":0,""line_15_16"":0,""line_16_17"":0,""line_17_18"":0,""line_19_20"":0,""line_20_21"":0,""line_21_22"":0,""line_23_24"":0,""line_24_25"":0,""line_26_27"":0,""line_27_28"":0,""line_28_29"":0,""line_29_30"":0,""line_30_31"":1,""line_31_32"":0,""line_32_33"":0}","[""line_02_03"",""line_30_31""]",False,0cbb2cf8a5844287,False,46455.53000000119,-7.275957614183426e-11,True,False,0,27,27,2,True,added
disaster_only_paper_like_exact_i40_k2_a1b1,baseline,disaster_only_paper_like_exact_i40_k2_a1b1__baseline,disaster_only_paper_like_exact,paper_like_exact,12,generated_cut_013,"{""line_01_02"":0,""line_02_03"":1,""line_02_19"":0,""line_03_04"":0,""line_03_23"":0,""line_04_05"":0,""line_05_06"":0,""line_06_07"":0,""line_06_26"":0,""line_07_08"":0,""line_08_09"":0,""line_09_10"":0,""line_10_11"":0,""line_11_12"":0,""line_12_13"":0,""line_13_14"":0,""line_14_15"":0,""line_15_16"":0,""line_16_17"":0,""line_17_18"":0,""line_19_20"":0,""line_20_21"":0,""line_21_22"":0,""line_23_24"":0,""line_24_25"":0,""line_26_27"":0,""line_27_28"":0,""line_28_29"":0,""line_29_30"":0,""line_30_31"":0,""line_31_32"":1,""line_32_33"":0}","[""line_02_03"",""line_31_32""]",False,d7098c81c595ad54,False,46455.530000001425,5.093170329928398e-11,True,False,0,27,27,2,True,added
disaster_only_paper_like_exact_i40_k2_a1b1,baseline,disaster_only_paper_like_exact_i40_k2_a1b1__baseline,disaster_only_paper_like_exact,paper_like_exact,13,generated_cut_014,"{""line_01_02"":0,""line_02_03"":1,""line_02_19"":0,""line_03_04"":0,""line_03_23"":0,""line_04_05"":0,""line_05_06"":0,""line_06_07"":0,""line_06_26"":0,""line_07_08"":0,""line_08_09"":0,""line_09_10"":0,""line_10_11"":0,""line_11_12"":0,""line_12_13"":0,""line_13_14"":1,""line_14_15"":0,""line_15_16"":0,""line_16_17"":0,""line_17_18"":0,""line_19_20"":0,""line_20_21"":0,""line_21_22"":0,""line_23_24"":0,""line_24_25"":0,""line_26_27"":0,""line_27_28"":0,""line_28_29"":0,""line_29_30"":0,""line_30_31"":0,""line_31_32"":0,""line_32_33"":0}","[""line_02_03"",""line_13_14""]",False,06e8fa30e2e75d8d,False,44273.73000000161,2.1827872842550278e-11,True,False,0,27,27,2,True,added
disaster_only_paper_like_exact_i40_k2_a1b1,baseline,disaster_only_paper_like_exact_i40_k2_a1b1__baseline,disaster_only_paper_like_exact,paper_like_exact,14,generated_cut_015,"{""line_01_02"":0,""line_02_03"":1,""line_02_19"":0,""line_03_04"":0,""line_03_23"":0,""line_04_05"":0,""line_05_06"":0,""line_06_07"":0,""line_06_26"":0,""line_07_08"":0,""line_08_09"":0,""line_09_10"":0,""line_10_11"":0,""line_11_12"":0,""line_12_13"":0,""line_13_14"":0,""line_14_15"":0,""line_15_16"":0,""line_16_17"":0,""line_17_18"":0,""line_19_20"":1,""line_20_21"":0,""line_21_22"":0,""line_23_24"":0,""line_24_25"":0,""line_26_27"":0,""line_27_28"":0,""line_28_29"":0,""line_29_30"":0,""line_30_31"":0,""line_31_32"":0,""line_32_33"":0}","[""line_02_03"",""line_19_20""]",False,08ec02addf8df0b4,False,42637.34000000078,3888.4755871827438,True,False,0,30,30,2,True,added
disaster_only_paper_like_exact_i40_k2_a1b1,baseline,disaster_only_paper_like_exact_i40_k2_a1b1__baseline,disaster_only_paper_like_exact,paper_like_exact,15,generated_cut_016,"{""line_01_02"":0,""line_02_03"":1,""line_02_19"":0,""line_03_04"":1,""line_03_23"":0,""line_04_05"":0,""line_05_06"":0,""line_06_07"":0,""line_06_26"":0,""line_07_08"":0,""line_08_09"":0,""line_09_10"":0,""line_10_11"":0,""line_11_12"":0,""line_12_13"":0,""line_13_14"":0,""line_14_15"":0,""line_15_16"":0,""line_16_17"":0,""line_17_18"":0,""line_19_20"":0,""line_20_21"":0,""line_21_22"":0,""line_23_24"":0,""line_24_25"":0,""line_26_27"":0,""line_27_28"":0,""line_28_29"":0,""line_29_30"":0,""line_30_31"":0,""line_31_32"":0,""line_32_33"":0}","[""line_02_03"",""line_03_04""]",False,d7547fd684d79f0e,False,39728.169999996666,1669.085999162853,True,False,0,27,27,2,True,added
disaster_only_paper_like_exact_i40_k2_a1b1,baseline,disaster_only_paper_like_exact_i40_k2_a1b1__baseline,disaster_only_paper_like_exact,paper_like_exact,16,generated_cut_017,"{""line_01_02"":0,""line_02_03"":0,""line_02_19"":0,""line_03_04"":0,""line_03_23"":0,""line_04_05"":0,""line_05_06"":0,""line_06_07"":0,""line_06_26"":1,""line_07_08"":0,""line_08_09"":0,""line_09_10"":0,""line_10_11"":0,""line_11_12"":0,""line_12_13"":0,""line_13_14"":0,""line_14_15"":0,""line_15_16"":0,""line_16_17"":0,""line_17_18"":0,""line_19_20"":0,""line_20_21"":0,""line_21_22"":0,""line_23_24"":1,""line_24_25"":0,""line_26_27"":0,""line_27_28"":0,""line_28_29"":0,""line_29_30"":0,""line_30_31"":0,""line_31_32"":0,""line_32_33"":0}","[""line_06_26"",""line_23_24""]",False,77748050c30a1efb,False,56728.06999999657,558.6189881923492,True,False,0,10,10,2,True,added
disaster_only_paper_like_exact_i40_k2_a1b1,baseline,disaster_only_paper_like_exact_i40_k2_a1b1__baseline,disaster_only_paper_like_exact,paper_like_exact,17,generated_cut_018,"{""line_01_02"":0,""line_02_03"":0,""line_02_19"":0,""line_03_04"":0,""line_03_23"":0,""line_04_05"":0,""line_05_06"":0,""line_06_07"":0,""line_06_26"":0,""line_07_08"":1,""line_08_09"":0,""line_09_10"":0,""line_10_11"":0,""line_11_12"":0,""line_12_13"":0,""line_13_14"":0,""line_14_15"":0,""line_15_16"":0,""line_16_17"":0,""line_17_18"":0,""line_19_20"":0,""line_20_21"":0,""line_21_22"":0,""line_23_24"":1,""line_24_25"":0,""line_26_27"":0,""line_27_28"":0,""line_28_29"":0,""line_29_30"":0,""line_30_31"":0,""line_31_32"":0,""line_32_33"":0}","[""line_07_08"",""line_23_24""]",False,23e4b53abf673ac0,False,62091.75000000093,282.67875737454597,True,False,0,13,13,2,True,added
disaster_only_paper_like_exact_i40_k2_a1b1,baseline,disaster_only_paper_like_exact_i40_k2_a1b1__baseline,disaster_only_paper_like_exact,paper_like_exact,18,generated_cut_019,"{""line_01_02"":0,""line_02_03"":1,""line_02_19"":1,""line_03_04"":0,""line_03_23"":0,""line_04_05"":0,""line_05_06"":0,""line_06_07"":0,""line_06_26"":0,""line_07_08"":0,""line_08_09"":0,""line_09_10"":0,""line_10_11"":0,""line_11_12"":0,""line_12_13"":0,""line_13_14"":0,""line_14_15"":0,""line_15_16"":0,""line_16_17"":0,""line_17_18"":0,""line_19_20"":0,""line_20_21"":0,""line_21_22"":0,""line_23_24"":0,""line_24_25"":0,""line_26_27"":0,""line_27_28"":0,""line_28_29"":0,""line_29_30"":0,""line_30_31"":0,""line_31_32"":0,""line_32_33"":0}","[""line_02_03"",""line_02_19""]",True,d161a34ac9bb1998,False,41273.73000000138,676.8655329544781,True,False,0,31,31,2,True,added
disaster_only_paper_like_exact_i40_k2_a1b1,baseline,disaster_only_paper_like_exact_i40_k2_a1b1__baseline,disaster_only_paper_like_exact,paper_like_exact,19,generated_cut_020,"{""line_01_02"":1,""line_02_03"":0,""line_02_19"":0,""line_03_04"":0,""line_03_23"":0,""line_04_05"":1,""line_05_06"":0,""line_06_07"":0,""line_06_26"":0,""line_07_08"":0,""line_08_09"":0,""line_09_10"":0,""line_10_11"":0,""line_11_12"":0,""line_12_13"":0,""line_13_14"":0,""line_14_15"":0,""line_15_16"":0,""line_16_17"":0,""line_17_18"":0,""line_19_20"":0,""line_20_21"":0,""line_21_22"":0,""line_23_24"":0,""line_24_25"":0,""line_26_27"":0,""line_27_28"":0,""line_28_29"":0,""line_29_30"":0,""line_30_31"":0,""line_31_32"":0,""line_32_33"":0}","[""line_01_02"",""line_04_05""]",False,ec885f206d4a91e9,False,40362.75999999419,1465.7872286917918,True,False,0,32,32,2,True,added
disaster_only_paper_like_exact_i40_k2_a1b1,baseline,disaster_only_paper_like_exact_i40_k2_a1b1__baseline,disaster_only_paper_like_exact,paper_like_exact,20,generated_cut_021,"{""line_01_02"":0,""line_02_03"":0,""line_02_19"":0,""line_03_04"":1,""line_03_23"":0,""line_04_05"":0,""line_05_06"":0,""line_06_07"":0,""line_06_26"":0,""line_07_08"":0,""line_08_09"":0,""line_09_10"":0,""line_10_11"":0,""line_11_12"":0,""line_12_13"":0,""line_13_14"":0,""line_14_15"":0,""line_15_16"":0,""line_16_17"":0,""line_17_18"":0,""line_19_20"":0,""line_20_21"":0,""line_21_22"":0,""line_23_24"":1,""line_24_25"":0,""line_26_27"":0,""line_27_28"":0,""line_28_29"":0,""line_29_30"":0,""line_30_31"":0,""line_31_32"":0,""line_32_33"":0}","[""line_03_04"",""line_23_24""]",False,5760c2aaf5a7380a,False,29909.830000000075,279.7184928116403,True,False,0,25,25,2,True,added
disaster_only_paper_like_exact_i40_k2_a1b1,baseline,disaster_only_paper_like_exact_i40_k2_a1b1__baseline,disaster_only_paper_like_exact,paper_like_exact,21,generated_cut_022,"{""line_01_02"":0,""line_02_03"":1,""line_02_19"":0,""line_03_04"":0,""line_03_23"":0,""line_04_05"":0,""line_05_06"":1,""line_06_07"":0,""line_06_26"":0,""line_07_08"":0,""line_08_09"":0,""line_09_10"":0,""line_10_11"":0,""line_11_12"":0,""line_12_13"":0,""line_13_14"":0,""line_14_15"":0,""line_15_16"":0,""line_16_17"":0,""line_17_18"":0,""line_19_20"":0,""line_20_21"":0,""line_21_22"":0,""line_23_24"":0,""line_24_25"":0,""line_26_27"":0,""line_27_28"":0,""line_28_29"":0,""line_29_30"":0,""line_30_31"":0,""line_31_32"":0,""line_32_33"":0}","[""line_02_03"",""line_05_06""]",False,9a8998ffd5e44b73,False,42273.73000000045,2877.259718347261,True,False,0,27,27,2,True,added
disaster_only_paper_like_exact_i40_k2_a1b1,baseline,disaster_only_paper_like_exact_i40_k2_a1b1__baseline,disaster_only_paper_like_exact,paper_like_exact,22,generated_cut_023,"{""line_01_02"":1,""line_02_03"":0,""line_02_19"":0,""line_03_04"":0,""line_03_23"":1,""line_04_05"":0,""line_05_06"":0,""line_06_07"":0,""line_06_26"":0,""line_07_08"":0,""line_08_09"":0,""line_09_10"":0,""line_10_11"":0,""line_11_12"":0,""line_12_13"":0,""line_13_14"":0,""line_14_15"":0,""line_15_16"":0,""line_16_17"":0,""line_17_18"":0,""line_19_20"":0,""line_20_21"":0,""line_21_22"":0,""line_23_24"":0,""line_24_25"":0,""line_26_27"":0,""line_27_28"":0,""line_28_29"":0,""line_29_30"":0,""line_30_31"":0,""line_31_32"":0,""line_32_33"":0}","[""line_01_02"",""line_03_23""]",False,9427191e8666adf4,False,35636.0400000005,54.01136417457019,True,False,0,32,32,2,True,added
disaster_only_paper_like_exact_i40_k2_a1b1,baseline,disaster_only_paper_like_exact_i40_k2_a1b1__baseline,disaster_only_paper_like_exact,paper_like_exact,23,generated_cut_024,"{""line_01_02"":0,""line_02_03"":0,""line_02_19"":1,""line_03_04"":0,""line_03_23"":0,""line_04_05"":1,""line_05_06"":0,""line_06_07"":0,""line_06_26"":0,""line_07_08"":0,""line_08_09"":0,""line_09_10"":0,""line_10_11"":0,""line_11_12"":0,""line_12_13"":0,""line_13_14"":0,""line_14_15"":0,""line_15_16"":0,""line_16_17"":0,""line_17_18"":0,""line_19_20"":0,""line_20_21"":0,""line_21_22"":0,""line_23_24"":0,""line_24_25"":0,""line_26_27"":0,""line_27_28"":0,""line_28_29"":0,""line_29_30"":0,""line_30_31"":0,""line_31_32"":0,""line_32_33"":0}","[""line_02_19"",""line_04_05""]",False,f4f57dd917839ad6,False,27909.760000000242,834.5265289692397,True,False,0,26,26,2,True,added
disaster_only_paper_like_exact_i40_k2_a1b1,baseline,disaster_only_paper_like_exact_i40_k2_a1b1__baseline,disaster_only_paper_like_exact,paper_like_exact,24,generated_cut_025,"{""line_01_02"":0,""line_02_03"":0,""line_02_19"":1,""line_03_04"":0,""line_03_23"":1,""line_04_05"":0,""line_05_06"":0,""line_06_07"":0,""line_06_26"":0,""line_07_08"":0,""line_08_09"":0,""line_09_10"":0,""line_10_11"":0,""line_11_12"":0,""line_12_13"":0,""line_13_14"":0,""line_14_15"":0,""line_15_16"":0,""line_16_17"":0,""line_17_18"":0,""line_19_20"":0,""line_20_21"":0,""line_21_22"":0,""line_23_24"":0,""line_24_25"":0,""line_26_27"":0,""line_27_28"":0,""line_28_29"":0,""line_29_30"":0,""line_30_31"":0,""line_31_32"":0,""line_32_33"":0}","[""line_02_19"",""line_03_23""]",False,7844725556e6bf84,False,21363.200000000186,74.08541048433108,True,False,0,7,7,2,True,added
disaster_only_paper_like_exact_i40_k2_a1b1,baseline,disaster_only_paper_like_exact_i40_k2_a1b1__baseline,disaster_only_paper_like_exact,paper_like_exact,25,generated_cut_026,"{""line_01_02"":0,""line_02_03"":1,""line_02_19"":0,""line_03_04"":0,""line_03_23"":0,""line_04_05"":0,""line_05_06"":0,""line_06_07"":0,""line_06_26"":0,""line_07_08"":0,""line_08_09"":1,""line_09_10"":0,""line_10_11"":0,""line_11_12"":0,""line_12_13"":0,""line_13_14"":0,""line_14_15"":0,""line_15_16"":0,""line_16_17"":0,""line_17_18"":0,""line_19_20"":0,""line_20_21"":0,""line_21_22"":0,""line_23_24"":0,""line_24_25"":0,""line_26_27"":0,""line_27_28"":0,""line_28_29"":0,""line_29_30"":0,""line_30_31"":0,""line_31_32"":0,""line_32_33"":0}","[""line_02_03"",""line_08_09""]",False,61e3d3a685a89ab7,False,30146.95999999903,598.0903068108164,True,False,0,27,27,2,True,added
disaster_only_paper_like_exact_i40_k2_a1b1,baseline,disaster_only_paper_like_exact_i40_k2_a1b1__baseline,disaster_only_paper_like_exact,paper_like_exact,26,generated_cut_027,"{""line_01_02"":1,""line_02_03"":0,""line_02_19"":0,""line_03_04"":0,""line_03_23"":0,""line_04_05"":0,""line_05_06"":0,""line_06_07"":0,""line_06_26"":0,""line_07_08"":0,""line_08_09"":0,""line_09_10"":0,""line_10_11"":0,""line_11_12"":0,""line_12_13"":0,""line_13_14"":0,""line_14_15"":0,""line_15_16"":0,""line_16_17"":0,""line_17_18"":0,""line_19_20"":1,""line_20_21"":0,""line_21_22"":0,""line_23_24"":0,""line_24_25"":0,""line_26_27"":0,""line_27_28"":0,""line_28_29"":0,""line_29_30"":0,""line_30_31"":0,""line_31_32"":0,""line_32_33"":0}","[""line_01_02"",""line_19_20""]",False,f7197acb745135c4,False,27636.040000000736,12.522898678667843,True,False,0,32,32,2,True,added
disaster_only_paper_like_exact_i40_k2_a1b1,baseline,disaster_only_paper_like_exact_i40_k2_a1b1__baseline,disaster_only_paper_like_exact,paper_like_exact,27,generated_cut_028,"{""line_01_02"":0,""line_02_03"":1,""line_02_19"":0,""line_03_04"":0,""line_03_23"":0,""line_04_05"":0,""line_05_06"":0,""line_06_07"":0,""line_06_26"":0,""line_07_08"":0,""line_08_09"":0,""line_09_10"":0,""line_10_11"":0,""line_11_12"":0,""line_12_13"":0,""line_13_14"":0,""line_14_15"":0,""line_15_16"":0,""line_16_17"":1,""line_17_18"":0,""line_19_20"":0,""line_20_21"":0,""line_21_22"":0,""line_23_24"":0,""line_24_25"":0,""line_26_27"":0,""line_27_28"":0,""line_28_29"":0,""line_29_30"":0,""line_30_31"":0,""line_31_32"":0,""line_32_33"":0}","[""line_02_03"",""line_16_17""]",False,b832080419fc9938,False,27908.950000000885,2.9103830456733704e-11,True,False,0,27,27,2,True,added
disaster_only_paper_like_exact_i40_k2_a1b1,baseline,disaster_only_paper_like_exact_i40_k2_a1b1__baseline,disaster_only_paper_like_exact,paper_like_exact,28,generated_cut_029,"{""line_01_02"":0,""line_02_03"":1,""line_02_19"":0,""line_03_04"":0,""line_03_23"":0,""line_04_05"":0,""line_05_06"":0,""line_06_07"":0,""line_06_26"":0,""line_07_08"":0,""line_08_09"":1,""line_09_10"":0,""line_10_11"":0,""line_11_12"":0,""line_12_13"":0,""line_13_14"":0,""line_14_15"":0,""line_15_16"":0,""line_16_17"":0,""line_17_18"":0,""line_19_20"":0,""line_20_21"":0,""line_21_22"":0,""line_23_24"":0,""line_24_25"":0,""line_26_27"":0,""line_27_28"":0,""line_28_29"":0,""line_29_30"":0,""line_30_31"":0,""line_31_32"":0,""line_32_33"":0}","[""line_02_03"",""line_08_09""]",True,24802b542dd48678,False,24483.01999999932,461.323043805467,True,False,0,27,27,2,True,added
disaster_only_paper_like_exact_i40_k2_a1b1,baseline,disaster_only_paper_like_exact_i40_k2_a1b1__baseline,disaster_only_paper_like_exact,paper_like_exact,29,generated_cut_030,"{""line_01_02"":0,""line_02_03"":0,""line_02_19"":0,""line_03_04"":0,""line_03_23"":0,""line_04_05"":0,""line_05_06"":0,""line_06_07"":1,""line_06_26"":0,""line_07_08"":0,""line_08_09"":0,""line_09_10"":1,""line_10_11"":0,""line_11_12"":0,""line_12_13"":0,""line_13_14"":0,""line_14_15"":0,""line_15_16"":0,""line_16_17"":0,""line_17_18"":0,""line_19_20"":0,""line_20_21"":0,""line_21_22"":0,""line_23_24"":0,""line_24_25"":0,""line_26_27"":0,""line_27_28"":0,""line_28_29"":0,""line_29_30"":0,""line_30_31"":0,""line_31_32"":0,""line_32_33"":0}","[""line_06_07"",""line_09_10""]",False,cccc03c3021bfe0c,False,25091.339999998454,928.0525585617579,True,False,0,12,12,2,True,added
disaster_only_paper_like_exact_i40_k2_a1b1,baseline,disaster_only_paper_like_exact_i40_k2_a1b1__baseline,disaster_only_paper_like_exact,paper_like_exact,30,generated_cut_031,"{""line_01_02"":0,""line_02_03"":0,""line_02_19"":1,""line_03_04"":0,""line_03_23"":0,""line_04_05"":0,""line_05_06"":0,""line_06_07"":0,""line_06_26"":0,""line_07_08"":0,""line_08_09"":0,""line_09_10"":1,""line_10_11"":0,""line_11_12"":0,""line_12_13"":0,""line_13_14"":0,""line_14_15"":0,""line_15_16"":0,""line_16_17"":0,""line_17_18"":0,""line_19_20"":0,""line_20_21"":0,""line_21_22"":0,""line_23_24"":0,""line_24_25"":0,""line_26_27"":0,""line_27_28"":0,""line_28_29"":0,""line_29_30"":0,""line_30_31"":0,""line_31_32"":0,""line_32_33"":0}","[""line_02_19"",""line_09_10""]",False,c0e77c47db2a5336,False,39000.56999999797,733.0591173206049,True,False,0,13,13,2,True,added
disaster_only_paper_like_exact_i40_k2_a1b1,baseline,disaster_only_paper_like_exact_i40_k2_a1b1__baseline,disaster_only_paper_like_exact,paper_like_exact,31,generated_cut_032,"{""line_01_02"":0,""line_02_03"":0,""line_02_19"":1,""line_03_04"":0,""line_03_23"":0,""line_04_05"":0,""line_05_06"":0,""line_06_07"":0,""line_06_26"":0,""line_07_08"":0,""line_08_09"":0,""line_09_10"":0,""line_10_11"":0,""line_11_12"":0,""line_12_13"":0,""line_13_14"":0,""line_14_15"":0,""line_15_16"":0,""line_16_17"":0,""line_17_18"":0,""line_19_20"":0,""line_20_21"":0,""line_21_22"":0,""line_23_24"":1,""line_24_25"":0,""line_26_27"":0,""line_27_28"":0,""line_28_29"":0,""line_29_30"":0,""line_30_31"":0,""line_31_32"":0,""line_32_33"":0}","[""line_02_19"",""line_23_24""]",False,b9ddfcf1f153e02b,False,18055.629999995697,213.61311112847034,True,False,0,6,6,2,True,added
disaster_only_paper_like_exact_i40_k2_a1b1,baseline,disaster_only_paper_like_exact_i40_k2_a1b1__baseline,disaster_only_paper_like_exact,paper_like_exact,32,generated_cut_033,"{""line_01_02"":1,""line_02_03"":0,""line_02_19"":0,""line_03_04"":0,""line_03_23"":0,""line_04_05"":0,""line_05_06"":0,""line_06_07"":0,""line_06_26"":0,""line_07_08"":0,""line_08_09"":0,""line_09_10"":0,""line_10_11"":0,""line_11_12"":0,""line_12_13"":0,""line_13_14"":0,""line_14_15"":0,""line_15_16"":0,""line_16_17"":0,""line_17_18"":0,""line_19_20"":0,""line_20_21"":0,""line_21_22"":0,""line_23_24"":0,""line_24_25"":0,""line_26_27"":1,""line_27_28"":0,""line_28_29"":0,""line_29_30"":0,""line_30_31"":0,""line_31_32"":0,""line_32_33"":0}","[""line_01_02"",""line_26_27""]",False,37ef31db8e1eb573,False,21910.720000000205,180.05820111411595,True,False,0,32,32,2,True,added
disaster_only_paper_like_exact_i40_k2_a1b1,baseline,disaster_only_paper_like_exact_i40_k2_a1b1__baseline,disaster_only_paper_like_exact,paper_like_exact,33,generated_cut_034,"{""line_01_02"":0,""line_02_03"":0,""line_02_19"":0,""line_03_04"":0,""line_03_23"":1,""line_04_05"":0,""line_05_06"":1,""line_06_07"":0,""line_06_26"":0,""line_07_08"":0,""line_08_09"":0,""line_09_10"":0,""line_10_11"":0,""line_11_12"":0,""line_12_13"":0,""line_13_14"":0,""line_14_15"":0,""line_15_16"":0,""line_16_17"":0,""line_17_18"":0,""line_19_20"":0,""line_20_21"":0,""line_21_22"":0,""line_23_24"":0,""line_24_25"":0,""line_26_27"":0,""line_27_28"":0,""line_28_29"":0,""line_29_30"":0,""line_30_31"":0,""line_31_32"":0,""line_32_33"":0}","[""line_03_23"",""line_05_06""]",False,f227b3aa2abf70ad,False,29273.440000000177,331.5434532238214,True,False,0,24,24,2,True,added
disaster_only_paper_like_exact_i40_k2_a1b1,baseline,disaster_only_paper_like_exact_i40_k2_a1b1__baseline,disaster_only_paper_like_exact,paper_like_exact,34,generated_cut_035,"{""line_01_02"":0,""line_02_03"":0,""line_02_19"":0,""line_03_04"":0,""line_03_23"":0,""line_04_05"":1,""line_05_06"":0,""line_06_07"":0,""line_06_26"":0,""line_07_08"":0,""line_08_09"":0,""line_09_10"":0,""line_10_11"":0,""line_11_12"":0,""line_12_13"":0,""line_13_14"":0,""line_14_15"":0,""line_15_16"":0,""line_16_17"":0,""line_17_18"":0,""line_19_20"":0,""line_20_21"":0,""line_21_22"":0,""line_23_24"":1,""line_24_25"":0,""line_26_27"":0,""line_27_28"":0,""line_28_29"":0,""line_29_30"":0,""line_30_31"":0,""line_31_32"":0,""line_32_33"":0}","[""line_04_05"",""line_23_24""]",False,5f96d6673c0b2da4,False,18273.099999999045,158.89709364113514,True,False,0,24,24,2,True,added
disaster_only_paper_like_exact_i40_k2_a1b1,baseline,disaster_only_paper_like_exact_i40_k2_a1b1__baseline,disaster_only_paper_like_exact,paper_like_exact,35,generated_cut_036,"{""line_01_02"":0,""line_02_03"":0,""line_02_19"":1,""line_03_04"":1,""line_03_23"":0,""line_04_05"":0,""line_05_06"":0,""line_06_07"":0,""line_06_26"":0,""line_07_08"":0,""line_08_09"":0,""line_09_10"":0,""line_10_11"":0,""line_11_12"":0,""line_12_13"":0,""line_13_14"":0,""line_14_15"":0,""line_15_16"":0,""line_16_17"":0,""line_17_18"":0,""line_19_20"":0,""line_20_21"":0,""line_21_22"":0,""line_23_24"":0,""line_24_25"":0,""line_26_27"":0,""line_27_28"":0,""line_28_29"":0,""line_29_30"":0,""line_30_31"":0,""line_31_32"":0,""line_32_33"":0}","[""line_02_19"",""line_03_04""]",False,7d994ae40bf7096f,False,20748.879999992438,64.88507798546925,True,False,0,27,27,2,True,added
disaster_only_paper_like_exact_i40_k2_a1b1,baseline,disaster_only_paper_like_exact_i40_k2_a1b1__baseline,disaster_only_paper_like_exact,paper_like_exact,36,generated_cut_037,"{""line_01_02"":0,""line_02_03"":0,""line_02_19"":0,""line_03_04"":0,""line_03_23"":0,""line_04_05"":0,""line_05_06"":0,""line_06_07"":0,""line_06_26"":1,""line_07_08"":0,""line_08_09"":0,""line_09_10"":0,""line_10_11"":0,""line_11_12"":0,""line_12_13"":0,""line_13_14"":0,""line_14_15"":0,""line_15_16"":0,""line_16_17"":0,""line_17_18"":0,""line_19_20"":0,""line_20_21"":0,""line_21_22"":0,""line_23_24"":0,""line_24_25"":1,""line_26_27"":0,""line_27_28"":0,""line_28_29"":0,""line_29_30"":0,""line_30_31"":0,""line_31_32"":0,""line_32_33"":0}","[""line_06_26"",""line_24_25""]",False,fbc1d083d4188f1b,False,11363.96000000008,1622.0749273611364,True,False,0,9,9,2,True,added
disaster_only_paper_like_exact_i40_k2_a1b1,baseline,disaster_only_paper_like_exact_i40_k2_a1b1__baseline,disaster_only_paper_like_exact,paper_like_exact,37,generated_cut_038,"{""line_01_02"":0,""line_02_03"":0,""line_02_19"":0,""line_03_04"":0,""line_03_23"":0,""line_04_05"":0,""line_05_06"":0,""line_06_07"":0,""line_06_26"":1,""line_07_08"":0,""line_08_09"":0,""line_09_10"":0,""line_10_11"":0,""line_11_12"":0,""line_12_13"":0,""line_13_14"":0,""line_14_15"":0,""line_15_16"":0,""line_16_17"":0,""line_17_18"":0,""line_19_20"":0,""line_20_21"":0,""line_21_22"":0,""line_23_24"":0,""line_24_25"":0,""line_26_27"":1,""line_27_28"":0,""line_28_29"":0,""line_29_30"":0,""line_30_31"":0,""line_31_32"":0,""line_32_33"":0}","[""line_06_26"",""line_26_27""]",False,102dce2845e270a9,False,8091.169999998994,115.03435542416992,True,False,0,8,8,2,True,added
disaster_only_paper_like_exact_i40_k2_a1b1,baseline,disaster_only_paper_like_exact_i40_k2_a1b1__baseline,disaster_only_paper_like_exact,paper_like_exact,38,generated_cut_039,"{""line_01_02"":1,""line_02_03"":0,""line_02_19"":0,""line_03_04"":0,""line_03_23"":0,""line_04_05"":0,""line_05_06"":0,""line_06_07"":0,""line_06_26"":0,""line_07_08"":0,""line_08_09"":1,""line_09_10"":0,""line_10_11"":0,""line_11_12"":0,""line_12_13"":0,""line_13_14"":0,""line_14_15"":0,""line_15_16"":0,""line_16_17"":0,""line_17_18"":0,""line_19_20"":0,""line_20_21"":0,""line_21_22"":0,""line_23_24"":0,""line_24_25"":0,""line_26_27"":0,""line_27_28"":0,""line_28_29"":0,""line_29_30"":0,""line_30_31"":0,""line_31_32"":0,""line_32_33"":0}","[""line_01_02"",""line_08_09""]",False,1f0759a9297da96c,False,37454.35999999987,8.712171112849319,True,False,0,32,32,2,True,added
disaster_only_paper_like_exact_i40_k2_a1b1,improved,disaster_only_paper_like_exact_i40_k2_a1b1__improved,disaster_only_paper_like_exact,paper_like_exact,0,generated_cut_001,"{""line_01_02"":1,""line_02_03"":0,""line_02_19"":0,""line_03_04"":0,""line_03_23"":0,""line_04_05"":0,""line_05_06"":0,""line_06_07"":0,""line_06_26"":0,""line_07_08"":0,""line_08_09"":0,""line_09_10"":0,""line_10_11"":1,""line_11_12"":0,""line_12_13"":0,""line_13_14"":0,""line_14_15"":0,""line_15_16"":0,""line_16_17"":0,""line_17_18"":0,""line_19_20"":0,""line_20_21"":0,""line_21_22"":0,""line_23_24"":0,""line_24_25"":0,""line_26_27"":0,""line_27_28"":0,""line_28_29"":0,""line_29_30"":0,""line_30_31"":0,""line_31_32"":0,""line_32_33"":0}","[""line_01_02"",""line_10_11""]",False,04284b1dfaca16a8,False,151547.58000000287,23625.851866569337,False,True,0,32,32,1,True,added
disaster_only_paper_like_exact_i40_k2_a1b1,improved,disaster_only_paper_like_exact_i40_k2_a1b1__improved,disaster_only_paper_like_exact,paper_like_exact,1,generated_cut_002,"{""line_01_02"":0,""line_02_03"":1,""line_02_19"":1,""line_03_04"":0,""line_03_23"":0,""line_04_05"":0,""line_05_06"":0,""line_06_07"":0,""line_06_26"":0,""line_07_08"":0,""line_08_09"":0,""line_09_10"":0,""line_10_11"":0,""line_11_12"":0,""line_12_13"":0,""line_13_14"":0,""line_14_15"":0,""line_15_16"":0,""line_16_17"":0,""line_17_18"":0,""line_19_20"":0,""line_20_21"":0,""line_21_22"":0,""line_23_24"":0,""line_24_25"":0,""line_26_27"":0,""line_27_28"":0,""line_28_29"":0,""line_29_30"":0,""line_30_31"":0,""line_31_32"":0,""line_32_33"":0}","[""line_02_03"",""line_02_19""]",False,7023baf585baad6f,False,142456.52999999654,3197.841413332906,True,False,0,31,31,2,True,added
disaster_only_paper_like_exact_i40_k2_a1b1,improved,disaster_only_paper_like_exact_i40_k2_a1b1__improved,disaster_only_paper_like_exact,paper_like_exact,2,generated_cut_003,"{""line_01_02"":0,""line_02_03"":0,""line_02_19"":0,""line_03_04"":0,""line_03_23"":0,""line_04_05"":0,""line_05_06"":0,""line_06_07"":1,""line_06_26"":0,""line_07_08"":0,""line_08_09"":0,""line_09_10"":0,""line_10_11"":0,""line_11_12"":0,""line_12_13"":0,""line_13_14"":0,""line_14_15"":0,""line_15_16"":0,""line_16_17"":0,""line_17_18"":0,""line_19_20"":0,""line_20_21"":0,""line_21_22"":0,""line_23_24"":0,""line_24_25"":0,""line_26_27"":1,""line_27_28"":0,""line_28_29"":0,""line_29_30"":0,""line_30_31"":0,""line_31_32"":0,""line_32_33"":0}","[""line_06_07"",""line_26_27""]",False,8ba5c28c8ec81e32,False,90092.14999999711,-1.0550138540565968e-10,True,False,0,19,19,2,True,added
disaster_only_paper_like_exact_i40_k2_a1b1,improved,disaster_only_paper_like_exact_i40_k2_a1b1__improved,disaster_only_paper_like_exact,paper_like_exact,3,generated_cut_004,"{""line_01_02"":0,""line_02_03"":0,""line_02_19"":0,""line_03_04"":0,""line_03_23"":1,""line_04_05"":0,""line_05_06"":0,""line_06_07"":1,""line_06_26"":0,""line_07_08"":0,""line_08_09"":0,""line_09_10"":0,""line_10_11"":0,""line_11_12"":0,""line_12_13"":0,""line_13_14"":0,""line_14_15"":0,""line_15_16"":0,""line_16_17"":0,""line_17_18"":0,""line_19_20"":0,""line_20_21"":0,""line_21_22"":0,""line_23_24"":0,""line_24_25"":0,""line_26_27"":0,""line_27_28"":0,""line_28_29"":0,""line_29_30"":0,""line_30_31"":0,""line_31_32"":0,""line_32_33"":0}","[""line_03_23"",""line_06_07""]",False,4913fb4744f51471,False,73910.10999999754,1.0550138540565968e-10,True,False,0,15,15,2,True,added
disaster_only_paper_like_exact_i40_k2_a1b1,improved,disaster_only_paper_like_exact_i40_k2_a1b1__improved,disaster_only_paper_like_exact,paper_like_exact,4,generated_cut_005,"{""line_01_02"":0,""line_02_03"":0,""line_02_19"":0,""line_03_04"":0,""line_03_23"":0,""line_04_05"":0,""line_05_06"":0,""line_06_07"":0,""line_06_26"":1,""line_07_08"":0,""line_08_09"":0,""line_09_10"":0,""line_10_11"":1,""line_11_12"":0,""line_12_13"":0,""line_13_14"":0,""line_14_15"":0,""line_15_16"":0,""line_16_17"":0,""line_17_18"":0,""line_19_20"":0,""line_20_21"":0,""line_21_22"":0,""line_23_24"":0,""line_24_25"":0,""line_26_27"":0,""line_27_28"":0,""line_28_29"":0,""line_29_30"":0,""line_30_31"":0,""line_31_32"":0,""line_32_33"":0}","[""line_06_26"",""line_10_11""]",False,af88aac51e863df2,False,71546.44999999786,0.0,True,False,0,16,16,2,True,added
disaster_only_paper_like_exact_i40_k2_a1b1,improved,disaster_only_paper_like_exact_i40_k2_a1b1__improved,disaster_only_paper_like_exact,paper_like_exact,5,generated_cut_006,"{""line_01_02"":0,""line_02_03"":0,""line_02_19"":0,""line_03_04"":0,""line_03_23"":1,""line_04_05"":0,""line_05_06"":0,""line_06_07"":0,""line_06_26"":1,""line_07_08"":0,""line_08_09"":0,""line_09_10"":0,""line_10_11"":0,""line_11_12"":0,""line_12_13"":0,""line_13_14"":0,""line_14_15"":0,""line_15_16"":0,""line_16_17"":0,""line_17_18"":0,""line_19_20"":0,""line_20_21"":0,""line_21_22"":0,""line_23_24"":0,""line_24_25"":0,""line_26_27"":0,""line_27_28"":0,""line_28_29"":0,""line_29_30"":0,""line_30_31"":0,""line_31_32"":0,""line_32_33"":0}","[""line_03_23"",""line_06_26""]",False,2f32d7bcd389e08b,False,68546.419999999,3020.6253635827306,True,False,0,11,11,2,True,added
disaster_only_paper_like_exact_i40_k2_a1b1,improved,disaster_only_paper_like_exact_i40_k2_a1b1__improved,disaster_only_paper_like_exact,paper_like_exact,6,generated_cut_007,"{""line_01_02"":1,""line_02_03"":0,""line_02_19"":0,""line_03_04"":0,""line_03_23"":0,""line_04_05"":0,""line_05_06"":1,""line_06_07"":0,""line_06_26"":0,""line_07_08"":0,""line_08_09"":0,""line_09_10"":0,""line_10_11"":0,""line_11_12"":0,""line_12_13"":0,""line_13_14"":0,""line_14_15"":0,""line_15_16"":0,""line_16_17"":0,""line_17_18"":0,""line_19_20"":0,""line_20_21"":0,""line_21_22"":0,""line_23_24"":0,""line_24_25"":0,""line_26_27"":0,""line_27_28"":0,""line_28_29"":0,""line_29_30"":0,""line_30_31"":0,""line_31_32"":0,""line_32_33"":0}","[""line_01_02"",""line_05_06""]",False,80da8ca98689f9e8,False,60726.439999994356,1101.939762775226,True,False,0,32,32,2,True,added
disaster_only_paper_like_exact_i40_k2_a1b1,improved,disaster_only_paper_like_exact_i40_k2_a1b1__improved,disaster_only_paper_like_exact,paper_like_exact,7,generated_cut_008,"{""line_01_02"":0,""line_02_03"":0,""line_02_19"":0,""line_03_04"":0,""line_03_23"":0,""line_04_05"":0,""line_05_06"":0,""line_06_07"":0,""line_06_26"":0,""line_07_08"":1,""line_08_09"":0,""line_09_10"":0,""line_10_11"":0,""line_11_12"":0,""line_12_13"":0,""line_13_14"":0,""line_14_15"":0,""line_15_16"":0,""line_16_17"":0,""line_17_18"":0,""line_19_20"":0,""line_20_21"":0,""line_21_22"":0,""line_23_24"":0,""line_24_25"":0,""line_26_27"":0,""line_27_28"":0,""line_28_29"":1,""line_29_30"":0,""line_30_31"":0,""line_31_32"":0,""line_32_33"":0}","[""line_07_08"",""line_28_29""]",False,6d449df7101658a1,False,84273.89999999804,417.4362574915467,True,False,0,16,16,2,True,added
disaster_only_paper_like_exact_i40_k2_a1b1,improved,disaster_only_paper_like_exact_i40_k2_a1b1__improved,disaster_only_paper_like_exact,paper_like_exact,8,generated_cut_009,"{""line_01_02"":1,""line_02_03"":0,""line_02_19"":0,""line_03_04"":0,""line_03_23"":0,""line_04_05"":0,""line_05_06"":0,""line_06_07"":0,""line_06_26"":0,""line_07_08"":1,""line_08_09"":0,""line_09_10"":0,""line_10_11"":0,""line_11_12"":0,""line_12_13"":0,""line_13_14"":0,""line_14_15"":0,""line_15_16"":0,""line_16_17"":0,""line_17_18"":0,""line_19_20"":0,""line_20_21"":0,""line_21_22"":0,""line_23_24"":0,""line_24_25"":0,""line_26_27"":0,""line_27_28"":0,""line_28_29"":0,""line_29_30"":0,""line_30_31"":0,""line_31_32"":0,""line_32_33"":0}","[""line_01_02"",""line_07_08""]",False,1b6bbe1b8e28a9ce,False,66455.90000000107,-3.637978807091713e-12,True,False,0,32,32,2,True,added
disaster_only_paper_like_exact_i40_k2_a1b1,improved,disaster_only_paper_like_exact_i40_k2_a1b1__improved,disaster_only_paper_like_exact,paper_like_exact,9,generated_cut_010,"{""line_01_02"":0,""line_02_03"":0,""line_02_19"":0,""line_03_04"":0,""line_03_23"":0,""line_04_05"":0,""line_05_06"":0,""line_06_07"":0,""line_06_26"":1,""line_07_08"":0,""line_08_09"":0,""line_09_10"":0,""line_10_11"":0,""line_11_12"":1,""line_12_13"":0,""line_13_14"":0,""line_14_15"":0,""line_15_16"":0,""line_16_17"":0,""line_17_18"":0,""line_19_20"":0,""line_20_21"":0,""line_21_22"":0,""line_23_24"":0,""line_24_25"":0,""line_26_27"":0,""line_27_28"":0,""line_28_29"":0,""line_29_30"":0,""line_30_31"":0,""line_31_32"":0,""line_32_33"":0}","[""line_06_26"",""line_11_12""]",False,9287284c490038c2,False,67455.49999999814,0.0,True,False,0,15,15,2,True,added
disaster_only_paper_like_exact_i40_k2_a1b1,improved,disaster_only_paper_like_exact_i40_k2_a1b1__improved,disaster_only_paper_like_exact,paper_like_exact,10,generated_cut_011,"{""line_01_02"":1,""line_02_03"":0,""line_02_19"":0,""line_03_04"":0,""line_03_23"":0,""line_04_05"":0,""line_05_06"":0,""line_06_07"":0,""line_06_26"":1,""line_07_08"":0,""line_08_09"":0,""line_09_10"":0,""line_10_11"":0,""line_11_12"":0,""line_12_13"":0,""line_13_14"":0,""line_14_15"":0,""line_15_16"":0,""line_16_17"":0,""line_17_18"":0,""line_19_20"":0,""line_20_21"":0,""line_21_22"":0,""line_23_24"":0,""line_24_25"":0,""line_26_27"":0,""line_27_28"":0,""line_28_29"":0,""line_29_30"":0,""line_30_31"":0,""line_31_32"":0,""line_32_33"":0}","[""line_01_02"",""line_06_26""]",False,1b1ed19134eff394,False,63910.42000000039,5691.497170293591,True,False,0,32,32,2,True,added
disaster_only_paper_like_exact_i40_k2_a1b1,improved,disaster_only_paper_like_exact_i40_k2_a1b1__improved,disaster_only_paper_like_exact,paper_like_exact,11,generated_cut_012,"{""line_01_02"":0,""line_02_03"":1,""line_02_19"":0,""line_03_04"":0,""line_03_23"":0,""line_04_05"":0,""line_05_06"":0,""line_06_07"":0,""line_06_26"":0,""line_07_08"":0,""line_08_09"":0,""line_09_10"":0,""line_10_11"":0,""line_11_12"":0,""line_12_13"":0,""line_13_14"":0,""line_14_15"":0,""line_15_16"":0,""line_16_17"":0,""line_17_18"":0,""line_19_20"":0,""line_20_21"":0,""line_21_22"":0,""line_23_24"":0,""line_24_25"":0,""line_26_27"":0,""line_27_28"":0,""line_28_29"":0,""line_29_30"":0,""line_30_31"":1,""line_31_32"":0,""line_32_33"":0}","[""line_02_03"",""line_30_31""]",False,0cbb2cf8a5844287,False,46455.53000000119,-7.275957614183426e-11,True,False,0,27,27,2,True,added
disaster_only_paper_like_exact_i40_k2_a1b1,improved,disaster_only_paper_like_exact_i40_k2_a1b1__improved,disaster_only_paper_like_exact,paper_like_exact,12,generated_cut_013,"{""line_01_02"":0,""line_02_03"":1,""line_02_19"":0,""line_03_04"":0,""line_03_23"":0,""line_04_05"":0,""line_05_06"":0,""line_06_07"":0,""line_06_26"":0,""line_07_08"":0,""line_08_09"":0,""line_09_10"":0,""line_10_11"":0,""line_11_12"":0,""line_12_13"":0,""line_13_14"":0,""line_14_15"":0,""line_15_16"":0,""line_16_17"":0,""line_17_18"":0,""line_19_20"":0,""line_20_21"":0,""line_21_22"":0,""line_23_24"":0,""line_24_25"":0,""line_26_27"":0,""line_27_28"":0,""line_28_29"":0,""line_29_30"":0,""line_30_31"":0,""line_31_32"":1,""line_32_33"":0}","[""line_02_03"",""line_31_32""]",False,d7098c81c595ad54,False,46455.530000001425,5.093170329928398e-11,True,False,0,27,27,2,True,added
disaster_only_paper_like_exact_i40_k2_a1b1,improved,disaster_only_paper_like_exact_i40_k2_a1b1__improved,disaster_only_paper_like_exact,paper_like_exact,13,generated_cut_014,"{""line_01_02"":0,""line_02_03"":1,""line_02_19"":0,""line_03_04"":0,""line_03_23"":0,""line_04_05"":0,""line_05_06"":0,""line_06_07"":0,""line_06_26"":0,""line_07_08"":0,""line_08_09"":0,""line_09_10"":0,""line_10_11"":0,""line_11_12"":0,""line_12_13"":0,""line_13_14"":1,""line_14_15"":0,""line_15_16"":0,""line_16_17"":0,""line_17_18"":0,""line_19_20"":0,""line_20_21"":0,""line_21_22"":0,""line_23_24"":0,""line_24_25"":0,""line_26_27"":0,""line_27_28"":0,""line_28_29"":0,""line_29_30"":0,""line_30_31"":0,""line_31_32"":0,""line_32_33"":0}","[""line_02_03"",""line_13_14""]",False,06e8fa30e2e75d8d,False,44273.73000000161,2.1827872842550278e-11,True,False,0,27,27,2,True,added
disaster_only_paper_like_exact_i40_k2_a1b1,improved,disaster_only_paper_like_exact_i40_k2_a1b1__improved,disaster_only_paper_like_exact,paper_like_exact,14,generated_cut_015,"{""line_01_02"":0,""line_02_03"":1,""line_02_19"":0,""line_03_04"":0,""line_03_23"":0,""line_04_05"":0,""line_05_06"":0,""line_06_07"":0,""line_06_26"":0,""line_07_08"":0,""line_08_09"":0,""line_09_10"":0,""line_10_11"":0,""line_11_12"":0,""line_12_13"":0,""line_13_14"":0,""line_14_15"":0,""line_15_16"":0,""line_16_17"":0,""line_17_18"":0,""line_19_20"":1,""line_20_21"":0,""line_21_22"":0,""line_23_24"":0,""line_24_25"":0,""line_26_27"":0,""line_27_28"":0,""line_28_29"":0,""line_29_30"":0,""line_30_31"":0,""line_31_32"":0,""line_32_33"":0}","[""line_02_03"",""line_19_20""]",False,08ec02addf8df0b4,False,42637.34000000078,3888.4755871827438,True,False,0,30,30,2,True,added
disaster_only_paper_like_exact_i40_k2_a1b1,improved,disaster_only_paper_like_exact_i40_k2_a1b1__improved,disaster_only_paper_like_exact,paper_like_exact,15,generated_cut_016,"{""line_01_02"":0,""line_02_03"":1,""line_02_19"":0,""line_03_04"":1,""line_03_23"":0,""line_04_05"":0,""line_05_06"":0,""line_06_07"":0,""line_06_26"":0,""line_07_08"":0,""line_08_09"":0,""line_09_10"":0,""line_10_11"":0,""line_11_12"":0,""line_12_13"":0,""line_13_14"":0,""line_14_15"":0,""line_15_16"":0,""line_16_17"":0,""line_17_18"":0,""line_19_20"":0,""line_20_21"":0,""line_21_22"":0,""line_23_24"":0,""line_24_25"":0,""line_26_27"":0,""line_27_28"":0,""line_28_29"":0,""line_29_30"":0,""line_30_31"":0,""line_31_32"":0,""line_32_33"":0}","[""line_02_03"",""line_03_04""]",False,d7547fd684d79f0e,False,39728.169999996666,1669.085999162853,True,False,0,27,27,2,True,added
disaster_only_paper_like_exact_i40_k2_a1b1,improved,disaster_only_paper_like_exact_i40_k2_a1b1__improved,disaster_only_paper_like_exact,paper_like_exact,16,generated_cut_017,"{""line_01_02"":0,""line_02_03"":0,""line_02_19"":0,""line_03_04"":0,""line_03_23"":0,""line_04_05"":0,""line_05_06"":0,""line_06_07"":0,""line_06_26"":1,""line_07_08"":0,""line_08_09"":0,""line_09_10"":0,""line_10_11"":0,""line_11_12"":0,""line_12_13"":0,""line_13_14"":0,""line_14_15"":0,""line_15_16"":0,""line_16_17"":0,""line_17_18"":0,""line_19_20"":0,""line_20_21"":0,""line_21_22"":0,""line_23_24"":1,""line_24_25"":0,""line_26_27"":0,""line_27_28"":0,""line_28_29"":0,""line_29_30"":0,""line_30_31"":0,""line_31_32"":0,""line_32_33"":0}","[""line_06_26"",""line_23_24""]",False,77748050c30a1efb,False,56728.06999999657,558.6189881923492,True,False,0,10,10,2,True,added
disaster_only_paper_like_exact_i40_k2_a1b1,improved,disaster_only_paper_like_exact_i40_k2_a1b1__improved,disaster_only_paper_like_exact,paper_like_exact,17,generated_cut_018,"{""line_01_02"":0,""line_02_03"":0,""line_02_19"":0,""line_03_04"":0,""line_03_23"":0,""line_04_05"":0,""line_05_06"":0,""line_06_07"":0,""line_06_26"":0,""line_07_08"":1,""line_08_09"":0,""line_09_10"":0,""line_10_11"":0,""line_11_12"":0,""line_12_13"":0,""line_13_14"":0,""line_14_15"":0,""line_15_16"":0,""line_16_17"":0,""line_17_18"":0,""line_19_20"":0,""line_20_21"":0,""line_21_22"":0,""line_23_24"":1,""line_24_25"":0,""line_26_27"":0,""line_27_28"":0,""line_28_29"":0,""line_29_30"":0,""line_30_31"":0,""line_31_32"":0,""line_32_33"":0}","[""line_07_08"",""line_23_24""]",False,23e4b53abf673ac0,False,62091.75000000093,282.67875737454597,True,False,0,13,13,2,True,added
disaster_only_paper_like_exact_i40_k2_a1b1,improved,disaster_only_paper_like_exact_i40_k2_a1b1__improved,disaster_only_paper_like_exact,paper_like_exact,18,generated_cut_019,"{""line_01_02"":0,""line_02_03"":1,""line_02_19"":1,""line_03_04"":0,""line_03_23"":0,""line_04_05"":0,""line_05_06"":0,""line_06_07"":0,""line_06_26"":0,""line_07_08"":0,""line_08_09"":0,""line_09_10"":0,""line_10_11"":0,""line_11_12"":0,""line_12_13"":0,""line_13_14"":0,""line_14_15"":0,""line_15_16"":0,""line_16_17"":0,""line_17_18"":0,""line_19_20"":0,""line_20_21"":0,""line_21_22"":0,""line_23_24"":0,""line_24_25"":0,""line_26_27"":0,""line_27_28"":0,""line_28_29"":0,""line_29_30"":0,""line_30_31"":0,""line_31_32"":0,""line_32_33"":0}","[""line_02_03"",""line_02_19""]",True,d161a34ac9bb1998,False,41273.73000000138,676.8655329544781,True,False,0,31,31,2,True,added
disaster_only_paper_like_exact_i40_k2_a1b1,improved,disaster_only_paper_like_exact_i40_k2_a1b1__improved,disaster_only_paper_like_exact,paper_like_exact,19,generated_cut_020,"{""line_01_02"":1,""line_02_03"":0,""line_02_19"":0,""line_03_04"":0,""line_03_23"":0,""line_04_05"":1,""line_05_06"":0,""line_06_07"":0,""line_06_26"":0,""line_07_08"":0,""line_08_09"":0,""line_09_10"":0,""line_10_11"":0,""line_11_12"":0,""line_12_13"":0,""line_13_14"":0,""line_14_15"":0,""line_15_16"":0,""line_16_17"":0,""line_17_18"":0,""line_19_20"":0,""line_20_21"":0,""line_21_22"":0,""line_23_24"":0,""line_24_25"":0,""line_26_27"":0,""line_27_28"":0,""line_28_29"":0,""line_29_30"":0,""line_30_31"":0,""line_31_32"":0,""line_32_33"":0}","[""line_01_02"",""line_04_05""]",False,ec885f206d4a91e9,False,40362.75999999419,1465.7872286917918,True,False,0,32,32,2,True,added
disaster_only_paper_like_exact_i40_k2_a1b1,improved,disaster_only_paper_like_exact_i40_k2_a1b1__improved,disaster_only_paper_like_exact,paper_like_exact,20,generated_cut_021,"{""line_01_02"":0,""line_02_03"":0,""line_02_19"":0,""line_03_04"":1,""line_03_23"":0,""line_04_05"":0,""line_05_06"":0,""line_06_07"":0,""line_06_26"":0,""line_07_08"":0,""line_08_09"":0,""line_09_10"":0,""line_10_11"":0,""line_11_12"":0,""line_12_13"":0,""line_13_14"":0,""line_14_15"":0,""line_15_16"":0,""line_16_17"":0,""line_17_18"":0,""line_19_20"":0,""line_20_21"":0,""line_21_22"":0,""line_23_24"":1,""line_24_25"":0,""line_26_27"":0,""line_27_28"":0,""line_28_29"":0,""line_29_30"":0,""line_30_31"":0,""line_31_32"":0,""line_32_33"":0}","[""line_03_04"",""line_23_24""]",False,5760c2aaf5a7380a,False,29909.830000000075,279.7184928116403,True,False,0,25,25,2,True,added
disaster_only_paper_like_exact_i40_k2_a1b1,improved,disaster_only_paper_like_exact_i40_k2_a1b1__improved,disaster_only_paper_like_exact,paper_like_exact,21,generated_cut_022,"{""line_01_02"":0,""line_02_03"":1,""line_02_19"":0,""line_03_04"":0,""line_03_23"":0,""line_04_05"":0,""line_05_06"":1,""line_06_07"":0,""line_06_26"":0,""line_07_08"":0,""line_08_09"":0,""line_09_10"":0,""line_10_11"":0,""line_11_12"":0,""line_12_13"":0,""line_13_14"":0,""line_14_15"":0,""line_15_16"":0,""line_16_17"":0,""line_17_18"":0,""line_19_20"":0,""line_20_21"":0,""line_21_22"":0,""line_23_24"":0,""line_24_25"":0,""line_26_27"":0,""line_27_28"":0,""line_28_29"":0,""line_29_30"":0,""line_30_31"":0,""line_31_32"":0,""line_32_33"":0}","[""line_02_03"",""line_05_06""]",False,9a8998ffd5e44b73,False,42273.73000000045,2877.259718347261,True,False,0,27,27,2,True,added
disaster_only_paper_like_exact_i40_k2_a1b1,improved,disaster_only_paper_like_exact_i40_k2_a1b1__improved,disaster_only_paper_like_exact,paper_like_exact,22,generated_cut_023,"{""line_01_02"":1,""line_02_03"":0,""line_02_19"":0,""line_03_04"":0,""line_03_23"":1,""line_04_05"":0,""line_05_06"":0,""line_06_07"":0,""line_06_26"":0,""line_07_08"":0,""line_08_09"":0,""line_09_10"":0,""line_10_11"":0,""line_11_12"":0,""line_12_13"":0,""line_13_14"":0,""line_14_15"":0,""line_15_16"":0,""line_16_17"":0,""line_17_18"":0,""line_19_20"":0,""line_20_21"":0,""line_21_22"":0,""line_23_24"":0,""line_24_25"":0,""line_26_27"":0,""line_27_28"":0,""line_28_29"":0,""line_29_30"":0,""line_30_31"":0,""line_31_32"":0,""line_32_33"":0}","[""line_01_02"",""line_03_23""]",False,9427191e8666adf4,False,35636.0400000005,54.01136417457019,True,False,0,32,32,2,True,added
disaster_only_paper_like_exact_i40_k2_a1b1,improved,disaster_only_paper_like_exact_i40_k2_a1b1__improved,disaster_only_paper_like_exact,paper_like_exact,23,generated_cut_024,"{""line_01_02"":0,""line_02_03"":0,""line_02_19"":1,""line_03_04"":0,""line_03_23"":0,""line_04_05"":1,""line_05_06"":0,""line_06_07"":0,""line_06_26"":0,""line_07_08"":0,""line_08_09"":0,""line_09_10"":0,""line_10_11"":0,""line_11_12"":0,""line_12_13"":0,""line_13_14"":0,""line_14_15"":0,""line_15_16"":0,""line_16_17"":0,""line_17_18"":0,""line_19_20"":0,""line_20_21"":0,""line_21_22"":0,""line_23_24"":0,""line_24_25"":0,""line_26_27"":0,""line_27_28"":0,""line_28_29"":0,""line_29_30"":0,""line_30_31"":0,""line_31_32"":0,""line_32_33"":0}","[""line_02_19"",""line_04_05""]",False,f4f57dd917839ad6,False,27909.760000000242,834.5265289692397,True,False,0,26,26,2,True,added
disaster_only_paper_like_exact_i40_k2_a1b1,improved,disaster_only_paper_like_exact_i40_k2_a1b1__improved,disaster_only_paper_like_exact,paper_like_exact,24,generated_cut_025,"{""line_01_02"":0,""line_02_03"":0,""line_02_19"":1,""line_03_04"":0,""line_03_23"":1,""line_04_05"":0,""line_05_06"":0,""line_06_07"":0,""line_06_26"":0,""line_07_08"":0,""line_08_09"":0,""line_09_10"":0,""line_10_11"":0,""line_11_12"":0,""line_12_13"":0,""line_13_14"":0,""line_14_15"":0,""line_15_16"":0,""line_16_17"":0,""line_17_18"":0,""line_19_20"":0,""line_20_21"":0,""line_21_22"":0,""line_23_24"":0,""line_24_25"":0,""line_26_27"":0,""line_27_28"":0,""line_28_29"":0,""line_29_30"":0,""line_30_31"":0,""line_31_32"":0,""line_32_33"":0}","[""line_02_19"",""line_03_23""]",False,7844725556e6bf84,False,21363.200000000186,74.08541048433108,True,False,0,7,7,2,True,added
disaster_only_paper_like_exact_i40_k2_a1b1,improved,disaster_only_paper_like_exact_i40_k2_a1b1__improved,disaster_only_paper_like_exact,paper_like_exact,25,generated_cut_026,"{""line_01_02"":0,""line_02_03"":1,""line_02_19"":0,""line_03_04"":0,""line_03_23"":0,""line_04_05"":0,""line_05_06"":0,""line_06_07"":0,""line_06_26"":0,""line_07_08"":0,""line_08_09"":1,""line_09_10"":0,""line_10_11"":0,""line_11_12"":0,""line_12_13"":0,""line_13_14"":0,""line_14_15"":0,""line_15_16"":0,""line_16_17"":0,""line_17_18"":0,""line_19_20"":0,""line_20_21"":0,""line_21_22"":0,""line_23_24"":0,""line_24_25"":0,""line_26_27"":0,""line_27_28"":0,""line_28_29"":0,""line_29_30"":0,""line_30_31"":0,""line_31_32"":0,""line_32_33"":0}","[""line_02_03"",""line_08_09""]",False,61e3d3a685a89ab7,False,30146.95999999903,598.0903068108164,True,False,0,27,27,2,True,added
disaster_only_paper_like_exact_i40_k2_a1b1,improved,disaster_only_paper_like_exact_i40_k2_a1b1__improved,disaster_only_paper_like_exact,paper_like_exact,26,generated_cut_027,"{""line_01_02"":1,""line_02_03"":0,""line_02_19"":0,""line_03_04"":0,""line_03_23"":0,""line_04_05"":0,""line_05_06"":0,""line_06_07"":0,""line_06_26"":0,""line_07_08"":0,""line_08_09"":0,""line_09_10"":0,""line_10_11"":0,""line_11_12"":0,""line_12_13"":0,""line_13_14"":0,""line_14_15"":0,""line_15_16"":0,""line_16_17"":0,""line_17_18"":0,""line_19_20"":1,""line_20_21"":0,""line_21_22"":0,""line_23_24"":0,""line_24_25"":0,""line_26_27"":0,""line_27_28"":0,""line_28_29"":0,""line_29_30"":0,""line_30_31"":0,""line_31_32"":0,""line_32_33"":0}","[""line_01_02"",""line_19_20""]",False,f7197acb745135c4,False,27636.040000000736,12.522898678667843,True,False,0,32,32,2,True,added
disaster_only_paper_like_exact_i40_k2_a1b1,improved,disaster_only_paper_like_exact_i40_k2_a1b1__improved,disaster_only_paper_like_exact,paper_like_exact,27,generated_cut_028,"{""line_01_02"":0,""line_02_03"":1,""line_02_19"":0,""line_03_04"":0,""line_03_23"":0,""line_04_05"":0,""line_05_06"":0,""line_06_07"":0,""line_06_26"":0,""line_07_08"":0,""line_08_09"":0,""line_09_10"":0,""line_10_11"":0,""line_11_12"":0,""line_12_13"":0,""line_13_14"":0,""line_14_15"":0,""line_15_16"":0,""line_16_17"":1,""line_17_18"":0,""line_19_20"":0,""line_20_21"":0,""line_21_22"":0,""line_23_24"":0,""line_24_25"":0,""line_26_27"":0,""line_27_28"":0,""line_28_29"":0,""line_29_30"":0,""line_30_31"":0,""line_31_32"":0,""line_32_33"":0}","[""line_02_03"",""line_16_17""]",False,b832080419fc9938,False,27908.950000000885,2.9103830456733704e-11,True,False,0,27,27,2,True,added
disaster_only_paper_like_exact_i40_k2_a1b1,improved,disaster_only_paper_like_exact_i40_k2_a1b1__improved,disaster_only_paper_like_exact,paper_like_exact,28,generated_cut_029,"{""line_01_02"":0,""line_02_03"":1,""line_02_19"":0,""line_03_04"":0,""line_03_23"":0,""line_04_05"":0,""line_05_06"":0,""line_06_07"":0,""line_06_26"":0,""line_07_08"":0,""line_08_09"":1,""line_09_10"":0,""line_10_11"":0,""line_11_12"":0,""line_12_13"":0,""line_13_14"":0,""line_14_15"":0,""line_15_16"":0,""line_16_17"":0,""line_17_18"":0,""line_19_20"":0,""line_20_21"":0,""line_21_22"":0,""line_23_24"":0,""line_24_25"":0,""line_26_27"":0,""line_27_28"":0,""line_28_29"":0,""line_29_30"":0,""line_30_31"":0,""line_31_32"":0,""line_32_33"":0}","[""line_02_03"",""line_08_09""]",True,24802b542dd48678,False,24483.01999999932,461.323043805467,True,False,0,27,27,2,True,added
disaster_only_paper_like_exact_i40_k2_a1b1,improved,disaster_only_paper_like_exact_i40_k2_a1b1__improved,disaster_only_paper_like_exact,paper_like_exact,29,generated_cut_030,"{""line_01_02"":0,""line_02_03"":0,""line_02_19"":0,""line_03_04"":0,""line_03_23"":0,""line_04_05"":0,""line_05_06"":0,""line_06_07"":1,""line_06_26"":0,""line_07_08"":0,""line_08_09"":0,""line_09_10"":1,""line_10_11"":0,""line_11_12"":0,""line_12_13"":0,""line_13_14"":0,""line_14_15"":0,""line_15_16"":0,""line_16_17"":0,""line_17_18"":0,""line_19_20"":0,""line_20_21"":0,""line_21_22"":0,""line_23_24"":0,""line_24_25"":0,""line_26_27"":0,""line_27_28"":0,""line_28_29"":0,""line_29_30"":0,""line_30_31"":0,""line_31_32"":0,""line_32_33"":0}","[""line_06_07"",""line_09_10""]",False,cccc03c3021bfe0c,False,25091.339999998454,928.0525585617579,True,False,0,12,12,2,True,added
disaster_only_paper_like_exact_i40_k2_a1b1,improved,disaster_only_paper_like_exact_i40_k2_a1b1__improved,disaster_only_paper_like_exact,paper_like_exact,30,generated_cut_031,"{""line_01_02"":0,""line_02_03"":0,""line_02_19"":1,""line_03_04"":0,""line_03_23"":0,""line_04_05"":0,""line_05_06"":0,""line_06_07"":0,""line_06_26"":0,""line_07_08"":0,""line_08_09"":0,""line_09_10"":1,""line_10_11"":0,""line_11_12"":0,""line_12_13"":0,""line_13_14"":0,""line_14_15"":0,""line_15_16"":0,""line_16_17"":0,""line_17_18"":0,""line_19_20"":0,""line_20_21"":0,""line_21_22"":0,""line_23_24"":0,""line_24_25"":0,""line_26_27"":0,""line_27_28"":0,""line_28_29"":0,""line_29_30"":0,""line_30_31"":0,""line_31_32"":0,""line_32_33"":0}","[""line_02_19"",""line_09_10""]",False,c0e77c47db2a5336,False,39000.56999999797,733.0591173206049,True,False,0,13,13,2,True,added
disaster_only_paper_like_exact_i40_k2_a1b1,improved,disaster_only_paper_like_exact_i40_k2_a1b1__improved,disaster_only_paper_like_exact,paper_like_exact,31,generated_cut_032,"{""line_01_02"":0,""line_02_03"":0,""line_02_19"":1,""line_03_04"":0,""line_03_23"":0,""line_04_05"":0,""line_05_06"":0,""line_06_07"":0,""line_06_26"":0,""line_07_08"":0,""line_08_09"":0,""line_09_10"":0,""line_10_11"":0,""line_11_12"":0,""line_12_13"":0,""line_13_14"":0,""line_14_15"":0,""line_15_16"":0,""line_16_17"":0,""line_17_18"":0,""line_19_20"":0,""line_20_21"":0,""line_21_22"":0,""line_23_24"":1,""line_24_25"":0,""line_26_27"":0,""line_27_28"":0,""line_28_29"":0,""line_29_30"":0,""line_30_31"":0,""line_31_32"":0,""line_32_33"":0}","[""line_02_19"",""line_23_24""]",False,b9ddfcf1f153e02b,False,18055.629999995697,213.61311112847034,True,False,0,6,6,2,True,added
disaster_only_paper_like_exact_i40_k2_a1b1,improved,disaster_only_paper_like_exact_i40_k2_a1b1__improved,disaster_only_paper_like_exact,paper_like_exact,32,generated_cut_033,"{""line_01_02"":1,""line_02_03"":0,""line_02_19"":0,""line_03_04"":0,""line_03_23"":0,""line_04_05"":0,""line_05_06"":0,""line_06_07"":0,""line_06_26"":0,""line_07_08"":0,""line_08_09"":0,""line_09_10"":0,""line_10_11"":0,""line_11_12"":0,""line_12_13"":0,""line_13_14"":0,""line_14_15"":0,""line_15_16"":0,""line_16_17"":0,""line_17_18"":0,""line_19_20"":0,""line_20_21"":0,""line_21_22"":0,""line_23_24"":0,""line_24_25"":0,""line_26_27"":1,""line_27_28"":0,""line_28_29"":0,""line_29_30"":0,""line_30_31"":0,""line_31_32"":0,""line_32_33"":0}","[""line_01_02"",""line_26_27""]",False,37ef31db8e1eb573,False,21910.720000000205,180.05820111411595,True,False,0,32,32,2,True,added
disaster_only_paper_like_exact_i40_k2_a1b1,improved,disaster_only_paper_like_exact_i40_k2_a1b1__improved,disaster_only_paper_like_exact,paper_like_exact,33,generated_cut_034,"{""line_01_02"":0,""line_02_03"":0,""line_02_19"":0,""line_03_04"":0,""line_03_23"":1,""line_04_05"":0,""line_05_06"":1,""line_06_07"":0,""line_06_26"":0,""line_07_08"":0,""line_08_09"":0,""line_09_10"":0,""line_10_11"":0,""line_11_12"":0,""line_12_13"":0,""line_13_14"":0,""line_14_15"":0,""line_15_16"":0,""line_16_17"":0,""line_17_18"":0,""line_19_20"":0,""line_20_21"":0,""line_21_22"":0,""line_23_24"":0,""line_24_25"":0,""line_26_27"":0,""line_27_28"":0,""line_28_29"":0,""line_29_30"":0,""line_30_31"":0,""line_31_32"":0,""line_32_33"":0}","[""line_03_23"",""line_05_06""]",False,f227b3aa2abf70ad,False,29273.440000000177,331.5434532238214,True,False,0,24,24,2,True,added
disaster_only_paper_like_exact_i40_k2_a1b1,improved,disaster_only_paper_like_exact_i40_k2_a1b1__improved,disaster_only_paper_like_exact,paper_like_exact,34,generated_cut_035,"{""line_01_02"":0,""line_02_03"":0,""line_02_19"":0,""line_03_04"":0,""line_03_23"":0,""line_04_05"":1,""line_05_06"":0,""line_06_07"":0,""line_06_26"":0,""line_07_08"":0,""line_08_09"":0,""line_09_10"":0,""line_10_11"":0,""line_11_12"":0,""line_12_13"":0,""line_13_14"":0,""line_14_15"":0,""line_15_16"":0,""line_16_17"":0,""line_17_18"":0,""line_19_20"":0,""line_20_21"":0,""line_21_22"":0,""line_23_24"":1,""line_24_25"":0,""line_26_27"":0,""line_27_28"":0,""line_28_29"":0,""line_29_30"":0,""line_30_31"":0,""line_31_32"":0,""line_32_33"":0}","[""line_04_05"",""line_23_24""]",False,5f96d6673c0b2da4,False,18273.099999999045,158.89709364113514,True,False,0,24,24,2,True,added
disaster_only_paper_like_exact_i40_k2_a1b1,improved,disaster_only_paper_like_exact_i40_k2_a1b1__improved,disaster_only_paper_like_exact,paper_like_exact,35,generated_cut_036,"{""line_01_02"":0,""line_02_03"":0,""line_02_19"":1,""line_03_04"":1,""line_03_23"":0,""line_04_05"":0,""line_05_06"":0,""line_06_07"":0,""line_06_26"":0,""line_07_08"":0,""line_08_09"":0,""line_09_10"":0,""line_10_11"":0,""line_11_12"":0,""line_12_13"":0,""line_13_14"":0,""line_14_15"":0,""line_15_16"":0,""line_16_17"":0,""line_17_18"":0,""line_19_20"":0,""line_20_21"":0,""line_21_22"":0,""line_23_24"":0,""line_24_25"":0,""line_26_27"":0,""line_27_28"":0,""line_28_29"":0,""line_29_30"":0,""line_30_31"":0,""line_31_32"":0,""line_32_33"":0}","[""line_02_19"",""line_03_04""]",False,7d994ae40bf7096f,False,20748.879999992438,64.88507798546925,True,False,0,27,27,2,True,added
disaster_only_paper_like_exact_i40_k2_a1b1,improved,disaster_only_paper_like_exact_i40_k2_a1b1__improved,disaster_only_paper_like_exact,paper_like_exact,36,generated_cut_037,"{""line_01_02"":0,""line_02_03"":0,""line_02_19"":0,""line_03_04"":0,""line_03_23"":0,""line_04_05"":0,""line_05_06"":0,""line_06_07"":0,""line_06_26"":1,""line_07_08"":0,""line_08_09"":0,""line_09_10"":0,""line_10_11"":0,""line_11_12"":0,""line_12_13"":0,""line_13_14"":0,""line_14_15"":0,""line_15_16"":0,""line_16_17"":0,""line_17_18"":0,""line_19_20"":0,""line_20_21"":0,""line_21_22"":0,""line_23_24"":0,""line_24_25"":1,""line_26_27"":0,""line_27_28"":0,""line_28_29"":0,""line_29_30"":0,""line_30_31"":0,""line_31_32"":0,""line_32_33"":0}","[""line_06_26"",""line_24_25""]",False,fbc1d083d4188f1b,False,11363.96000000008,1622.0749273611364,True,False,0,9,9,2,True,added
disaster_only_paper_like_exact_i40_k2_a1b1,improved,disaster_only_paper_like_exact_i40_k2_a1b1__improved,disaster_only_paper_like_exact,paper_like_exact,37,generated_cut_038,"{""line_01_02"":0,""line_02_03"":0,""line_02_19"":0,""line_03_04"":0,""line_03_23"":0,""line_04_05"":0,""line_05_06"":0,""line_06_07"":0,""line_06_26"":1,""line_07_08"":0,""line_08_09"":0,""line_09_10"":0,""line_10_11"":0,""line_11_12"":0,""line_12_13"":0,""line_13_14"":0,""line_14_15"":0,""line_15_16"":0,""line_16_17"":0,""line_17_18"":0,""line_19_20"":0,""line_20_21"":0,""line_21_22"":0,""line_23_24"":0,""line_24_25"":0,""line_26_27"":1,""line_27_28"":0,""line_28_29"":0,""line_29_30"":0,""line_30_31"":0,""line_31_32"":0,""line_32_33"":0}","[""line_06_26"",""line_26_27""]",False,102dce2845e270a9,False,8091.169999998994,115.03435542416992,True,False,0,8,8,2,True,added
disaster_only_paper_like_exact_i40_k2_a1b1,improved,disaster_only_paper_like_exact_i40_k2_a1b1__improved,disaster_only_paper_like_exact,paper_like_exact,38,generated_cut_039,"{""line_01_02"":1,""line_02_03"":0,""line_02_19"":0,""line_03_04"":0,""line_03_23"":0,""line_04_05"":0,""line_05_06"":0,""line_06_07"":0,""line_06_26"":0,""line_07_08"":0,""line_08_09"":1,""line_09_10"":0,""line_10_11"":0,""line_11_12"":0,""line_12_13"":0,""line_13_14"":0,""line_14_15"":0,""line_15_16"":0,""line_16_17"":0,""line_17_18"":0,""line_19_20"":0,""line_20_21"":0,""line_21_22"":0,""line_23_24"":0,""line_24_25"":0,""line_26_27"":0,""line_27_28"":0,""line_28_29"":0,""line_29_30"":0,""line_30_31"":0,""line_31_32"":0,""line_32_33"":0}","[""line_01_02"",""line_08_09""]",False,1f0759a9297da96c,False,37454.35999999987,8.712171112849319,True,False,0,32,32,2,True,added
integrated_runtime12_exact_i3_k3_a1234b1234,baseline,integrated_runtime12_exact_i3_k3_a1234b1234__baseline,integrated_runtime12_exact,runtime12_directional_exact,0,generated_cut_001,"{""line_01_02"":0,""line_02_03"":0,""line_02_19"":0,""line_03_04"":0,""line_03_23"":1,""line_04_05"":0,""line_05_06"":0,""line_06_07"":1,""line_06_26"":0,""line_07_08"":0,""line_08_09"":0,""line_09_10"":0,""line_10_11"":0,""line_11_12"":0,""line_12_13"":0,""line_13_14"":0,""line_14_15"":0,""line_15_16"":0,""line_16_17"":0,""line_17_18"":0,""line_19_20"":0,""line_20_21"":0,""line_21_22"":0,""line_23_24"":0,""line_24_25"":1,""line_26_27"":0,""line_27_28"":0,""line_28_29"":0,""line_29_30"":0,""line_30_31"":0,""line_31_32"":0,""line_32_33"":0}","[""line_03_23"",""line_06_07"",""line_24_25""]",False,cb0ca047f8759330,False,22908.569999999367,1031.5135478153825,True,False,0,15,15,3,True,added
integrated_runtime12_exact_i3_k3_a1234b1234,baseline,integrated_runtime12_exact_i3_k3_a1234b1234__baseline,integrated_runtime12_exact,runtime12_directional_exact,1,generated_cut_002,"{""line_01_02"":0,""line_02_03"":0,""line_02_19"":0,""line_03_04"":0,""line_03_23"":0,""line_04_05"":0,""line_05_06"":0,""line_06_07"":1,""line_06_26"":0,""line_07_08"":0,""line_08_09"":0,""line_09_10"":0,""line_10_11"":0,""line_11_12"":1,""line_12_13"":0,""line_13_14"":0,""line_14_15"":0,""line_15_16"":0,""line_16_17"":0,""line_17_18"":0,""line_19_20"":0,""line_20_21"":0,""line_21_22"":0,""line_23_24"":1,""line_24_25"":0,""line_26_27"":0,""line_27_28"":0,""line_28_29"":0,""line_29_30"":0,""line_30_31"":0,""line_31_32"":0,""line_32_33"":0}","[""line_06_07"",""line_11_12"",""line_23_24""]",False,eaa13a1f187c74c7,False,15755.430000000168,-884.9242323897779,True,False,0,14,14,3,True,added
integrated_runtime12_exact_i3_k3_a1234b1234,improved,integrated_runtime12_exact_i3_k3_a1234b1234__improved,integrated_runtime12_exact,runtime12_directional_exact,0,generated_cut_001,"{""line_01_02"":0,""line_02_03"":0,""line_02_19"":0,""line_03_04"":0,""line_03_23"":1,""line_04_05"":0,""line_05_06"":0,""line_06_07"":1,""line_06_26"":0,""line_07_08"":0,""line_08_09"":0,""line_09_10"":0,""line_10_11"":0,""line_11_12"":0,""line_12_13"":0,""line_13_14"":0,""line_14_15"":0,""line_15_16"":0,""line_16_17"":0,""line_17_18"":0,""line_19_20"":0,""line_20_21"":0,""line_21_22"":0,""line_23_24"":0,""line_24_25"":1,""line_26_27"":0,""line_27_28"":0,""line_28_29"":0,""line_29_30"":0,""line_30_31"":0,""line_31_32"":0,""line_32_33"":0}","[""line_03_23"",""line_06_07"",""line_24_25""]",False,cb0ca047f8759330,False,22908.569999999367,1031.5135478153825,True,False,0,15,15,3,True,added
integrated_runtime12_exact_i3_k3_a1234b1234,improved,integrated_runtime12_exact_i3_k3_a1234b1234__improved,integrated_runtime12_exact,runtime12_directional_exact,1,generated_cut_002,"{""line_01_02"":0,""line_02_03"":0,""line_02_19"":0,""line_03_04"":0,""line_03_23"":0,""line_04_05"":0,""line_05_06"":0,""line_06_07"":1,""line_06_26"":0,""line_07_08"":0,""line_08_09"":0,""line_09_10"":0,""line_10_11"":0,""line_11_12"":1,""line_12_13"":0,""line_13_14"":0,""line_14_15"":0,""line_15_16"":0,""line_16_17"":0,""line_17_18"":0,""line_19_20"":0,""line_20_21"":0,""line_21_22"":0,""line_23_24"":1,""line_24_25"":0,""line_26_27"":0,""line_27_28"":0,""line_28_29"":0,""line_29_30"":0,""line_30_31"":0,""line_31_32"":0,""line_32_33"":0}","[""line_06_07"",""line_11_12"",""line_23_24""]",False,eaa13a1f187c74c7,False,15755.430000000168,-884.9242323897779,True,False,0,14,14,3,True,added
